Element,Rotation axis,GB type,Crystal type,Potential,Sigma,GB plane,Misorientation Angle (°),GB energy (J/m²),Free volume (nm)
Cu,[100],STGB,FCC,ADP,265,(0 -23 1),4.98,0.74,0.0145
Cu,[100],STGB,FCC,ADP,221,(0 -21 1),5.45,0.92,0.0164
Cu,[100],STGB,FCC,ADP,181,(0 -19 1),6.03,0.80,0.0148
Cu,[100],STGB,FCC,ADP,257,(0 -16 -1),7.15,0.78,0.0154
Cu,[100],STGB,FCC,ADP,113,(0 -15 1),7.63,0.90,0.0189
Cu,[100],STGB,FCC,ADP,197,(0 -14 -1),8.17,0.87,0.0176
Cu,[100],STGB,FCC,ADP,85,(0 -13 1),8.8,0.91,0.0188
Cu,[100],STGB,FCC,ADP,61,(0 -11 1),10.39,0.99,0.0215
Cu,[100],STGB,FCC,ADP,37,(0 -6 -1),18.925,1.11,0.0271
Cu,[100],STGB,FCC,ADP,13,(0 -5 1),22.62,1.15,0.0288
Cu,[100],STGB,FCC,ADP,17,(0 -4 -1),28.072,1.06,0.0292
Cu,[100],STGB,FCC,ADP,5,(0 1 3),36.87,1.00,0.0313
Cu,[100],STGB,FCC,ADP,29,(0 -2 5),43.603,1.16,0.0271
Cu,[100],STGB,FCC,ADP,29,(0 -3 7),46.4,1.18,0.0296
Cu,[100],STGB,FCC,ADP,5,(0 1 2),53.13,1.06,0.0263
Cu,[100],STGB,FCC,ADP,17,(0 -5 -3),61.928,1.10,0.0256
Cu,[100],STGB,FCC,ADP,13,(0 -3 2),67.38,0.91,0.0212
Cu,[100],STGB,FCC,ADP,37,(0 -7 -5),71.075,1.02,0.0217
Cu,[100],STGB,FCC,ADP,25,(0 -4 3),73.74,0.85,0.0206
Cu,[100],STGB,FCC,ADP,41,(0 -5 4),77.32,0.81,0.0151
Cu,[100],STGB,FCC,ADP,61,(0 -6 5),79.611,1.11,0.0199
Cu,[100],STGB,FCC,EAM,265,(0 -23 1),4.98,0.84,0.0163
Cu,[100],STGB,FCC,EAM,221,(0 -21 1),5.45,0.76,0.0144
Cu,[100],STGB,FCC,EAM,181,(0 -19 1),6.03,0.84,0.0157
Cu,[100],STGB,FCC,EAM,257,(0 -16 -1),7.15,0.88,0.0169
Cu,[100],STGB,FCC,EAM,113,(0 -15 1),7.63,0.87,0.0185
Cu,[100],STGB,FCC,EAM,197,(0 -14 -1),8.17,0.80,0.0167
Cu,[100],STGB,FCC,EAM,85,(0 -13 1),8.8,0.89,0.0194
Cu,[100],STGB,FCC,EAM,61,(0 -11 1),10.39,1.02,0.0225
Cu,[100],STGB,FCC,EAM,41,(0 -9 1),12.68,0.99,0.0221
Cu,[100],STGB,FCC,EAM,25,(0 -7 1),16.26,1.11,0.0264
Cu,[100],STGB,FCC,EAM,37,(0 -6 -1),18.925,1.11,0.0268
Cu,[100],STGB,FCC,EAM,13,(0 -5 1),22.62,1.15,0.0283
Cu,[100],STGB,FCC,EAM,17,(0 -4 -1),28.072,1.05,0.0294
Cu,[100],STGB,FCC,EAM,5,(0 1 3),36.87,1.00,0.0291
Cu,[100],STGB,FCC,EAM,29,(0 -2 5),43.603,1.16,0.0277
Cu,[100],STGB,FCC,EAM,29,(0 -3 7),46.4,1.18,0.0292
Cu,[100],STGB,FCC,EAM,5,(0 1 2),53.13,1.06,0.0267
Cu,[100],STGB,FCC,EAM,17,(0 -5 -3),61.928,1.10,0.0254
Cu,[100],STGB,FCC,EAM,13,(0 -3 2),67.38,0.91,0.0206
Cu,[100],STGB,FCC,EAM,37,(0 -7 -5),71.075,1.02,0.0215
Cu,[100],STGB,FCC,EAM,25,(0 -4 3),73.74,0.84,0.0206
Cu,[100],STGB,FCC,EAM,41,(0 -5 4),77.32,0.81,0.0158
Cu,[100],STGB,FCC,EAM,61,(0 -6 5),79.611,1.11,0.0157
Cu,[100],STGB,FCC,GRACE,265,(0 -23 1),4.98,0.49,0.0116
Cu,[100],STGB,FCC,GRACE,221,(0 -21 1),5.45,0.52,0.0126
Cu,[100],STGB,FCC,GRACE,181,(0 -19 1),6.03,0.55,0.0136
Cu,[100],STGB,FCC,GRACE,257,(0 -16 -1),7.15,0.61,0.0156
Cu,[100],STGB,FCC,GRACE,113,(0 -15 1),7.63,0.62,0.0158
Cu,[100],STGB,FCC,GRACE,197,(0 -14 -1),8.17,0.67,0.0173
Cu,[100],STGB,FCC,GRACE,85,(0 -13 1),8.8,0.68,0.0177
Cu,[100],STGB,FCC,GRACE,61,(0 -11 1),10.39,0.74,0.0198
Cu,[100],STGB,FCC,GRACE,41,(0 -9 1),12.68,0.81,0.0229
Cu,[100],STGB,FCC,GRACE,25,(0 -7 1),16.26,0.90,0.0267
Cu,[100],STGB,FCC,GRACE,37,(0 -6 -1),18.92,0.95,0.0298
Cu,[100],STGB,FCC,GRACE,13,(0 -5 1),22.62,0.97,0.0320
Cu,[100],STGB,FCC,GRACE,17,(0 -4 -1),28.07,0.98,0.0304
Cu,[100],STGB,FCC,GRACE,5,(0 1 3),36.87,0.89,0.0317
Cu,[100],STGB,FCC,GRACE,29,(0 -2 5),43.6,0.97,0.0339
Cu,[100],STGB,FCC,GRACE,29,(0 -3 7),46.4,0.99,0.0344
Cu,[100],STGB,FCC,GRACE,5,(0 1 2),53.13,0.92,0.0343
Cu,[100],STGB,FCC,GRACE,17,(0 -5 -3),61.93,0.89,0.0294
Cu,[100],STGB,FCC,GRACE,13,(0 -3 2),67.38,0.77,0.0250
Cu,[100],STGB,FCC,GRACE,37,(0 -7 -5),71.08,1.00,0.0308
Cu,[100],STGB,FCC,GRACE,25,(0 -4 3),73.74,0.67,0.0201
Cu,[100],STGB,FCC,GRACE,41,(0 -5 4),77.32,0.95,0.0272
Cu,[100],STGB,FCC,GRACE,61,(0 -6 5),79.61,0.82,0.0293
Cu,[100],STGB,FCC,MACE,25,(0 -7 1),16.26,0.82,0.0236
Cu,[100],STGB,FCC,MACE,37,(0 -6 -1),18.92,0.87,0.0265
Cu,[100],STGB,FCC,MACE,13,(0 -5 1),22.62,0.91,0.0306
Cu,[100],STGB,FCC,MACE,17,(0 -4 -1),28.07,0.91,0.0279
Cu,[100],STGB,FCC,MACE,5,(0 1 3),36.87,0.83,0.0303
Cu,[100],STGB,FCC,MACE,29,(0 -2 5),43.6,0.91,0.0315
Cu,[100],STGB,FCC,MACE,29,(0 -3 7),46.4,0.92,0.0314
Cu,[100],STGB,FCC,MACE,5,(0 1 2),53.13,0.85,0.0306
Cu,[100],STGB,FCC,MACE,17,(0 -5 -3),61.93,0.81,0.0261
Cu,[100],STGB,FCC,MACE,13,(0 -3 2),67.38,0.70,0.0223
Cu,[100],STGB,FCC,MACE,37,(0 -7 -5),71.08,0.94,0.0329
Cu,[100],STGB,FCC,MACE,25,(0 -4 3),73.74,0.60,0.0176
Cu,[100],STGB,FCC,MACE,41,(0 -5 4),77.32,0.89,0.0324
Cu,[100],STGB,FCC,MACE,61,(0 -6 5),79.61,0.77,0.0269
Cu,[100],STGB,FCC,MEAM,113,(0 -15 1),7.63,0.98,0.0246
Cu,[100],STGB,FCC,MEAM,197,(0 -14 -1),8.17,0.84,0.0207
Cu,[100],STGB,FCC,MEAM,85,(0 -13 1),8.8,1.19,0.0284
Cu,[100],STGB,FCC,MEAM,41,(0 -9 1),12.68,1.10,0.0287
Cu,[100],STGB,FCC,MEAM,5,(0 1 3),36.87,0.97,0.0440
Cu,[100],STGB,FCC,ORB,25,(0 -7 1),16.26,0.83,0.0352
Cu,[100],STGB,FCC,ORB,37,(0 -6 -1),18.92,0.88,0.0199
Cu,[100],STGB,FCC,ORB,13,(0 -5 1),22.62,0.91,0.0216
Cu,[100],STGB,FCC,ORB,17,(0 -4 -1),28.07,1.02,0.0318
Cu,[100],STGB,FCC,ORB,5,(0 1 3),36.87,0.82,0.0316
Cu,[100],STGB,FCC,ORB,29,(0 -2 5),43.6,0.91,0.0349
Cu,[100],STGB,FCC,ORB,29,(0 -3 7),46.4,0.92,0.0320
Cu,[100],STGB,FCC,ORB,5,(0 1 2),53.13,0.86,0.0329
Cu,[100],STGB,FCC,ORB,17,(0 -5 -3),61.93,0.82,0.0300
Cu,[100],STGB,FCC,ORB,13,(0 -3 2),67.38,0.71,0.0196
Cu,[100],STGB,FCC,ORB,25,(0 -4 3),73.74,0.61,0.0169
Cu,[100],STGB,FCC,ORB,41,(0 -5 4),77.32,0.89,0.0316
Cu,[100],STGB,FCC,ORB,61,(0 -6 5),79.61,0.76,0.0276
Cu,[100],STGB,FCC,SNAP,265,(0 -23 1),4.98,0.60,0.0112
Cu,[100],STGB,FCC,SNAP,221,(0 -21 1),5.45,0.61,0.0121
Cu,[100],STGB,FCC,SNAP,181,(0 -19 1),6.03,0.65,0.0127
Cu,[100],STGB,FCC,SNAP,257,(0 -16 -1),7.15,0.72,0.0123
Cu,[100],STGB,FCC,SNAP,113,(0 -15 1),7.63,0.64,0.0118
Cu,[100],STGB,FCC,SNAP,197,(0 -14 -1),8.17,0.78,0.0127
Cu,[100],STGB,FCC,SNAP,85,(0 -13 1),8.8,0.73,0.0128
Cu,[100],STGB,FCC,SNAP,61,(0 -11 1),10.39,0.73,0.0147
Cu,[100],STGB,FCC,SNAP,41,(0 -9 1),12.68,0.97,0.0159
Cu,[100],STGB,FCC,SNAP,25,(0 -7 1),16.26,0.95,0.0170
Cu,[100],STGB,FCC,SNAP,37,(0 -6 -1),18.925,0.95,0.0162
Cu,[100],STGB,FCC,SNAP,13,(0 -5 1),22.62,1.00,0.0182
Cu,[100],STGB,FCC,SNAP,17,(0 -4 -1),28.072,0.98,0.0162
Cu,[100],STGB,FCC,SNAP,5,(0 1 3),36.87,0.96,0.0266
Cu,[100],STGB,FCC,SNAP,29,(0 -2 5),43.603,1.06,0.0211
Cu,[100],STGB,FCC,SNAP,29,(0 -3 7),46.4,1.16,0.0228
Cu,[100],STGB,FCC,SNAP,5,(0 1 2),53.13,1.01,0.0180
Cu,[100],STGB,FCC,SNAP,17,(0 -5 -3),61.928,0.95,0.0189
Cu,[100],STGB,FCC,SNAP,13,(0 -3 2),67.38,0.80,0.0146
Cu,[100],STGB,FCC,SNAP,37,(0 -7 -5),71.075,0.77,0.0202
Cu,[100],STGB,FCC,SNAP,25,(0 -4 3),73.74,0.70,0.0218
Cu,[100],STGB,FCC,SNAP,41,(0 -5 4),77.32,0.63,0.0168
Cu,[100],STGB,FCC,SNAP,61,(0 -6 5),79.611,0.85,0.0154
Cu,[100],STGB,FCC,SevenNet,25,(0 -7 1),16.26,0.76,0.0253
Cu,[100],STGB,FCC,SevenNet,37,(0 -6 -1),18.92,0.80,0.0282
Cu,[100],STGB,FCC,SevenNet,13,(0 -5 1),22.62,0.84,0.0322
Cu,[100],STGB,FCC,SevenNet,17,(0 -4 -1),28.07,0.90,0.0382
Cu,[100],STGB,FCC,SevenNet,5,(0 1 3),36.87,0.74,0.0321
Cu,[100],STGB,FCC,SevenNet,29,(0 -2 5),43.6,0.82,0.0325
Cu,[100],STGB,FCC,SevenNet,29,(0 -3 7),46.4,0.83,0.0327
Cu,[100],STGB,FCC,SevenNet,5,(0 1 2),53.13,0.78,0.0317
Cu,[100],STGB,FCC,SevenNet,17,(0 -5 -3),61.93,0.76,0.0276
Cu,[100],STGB,FCC,SevenNet,13,(0 -3 2),67.38,0.66,0.0234
Cu,[100],STGB,FCC,SevenNet,25,(0 -4 3),73.74,0.60,0.0184
Cu,[100],STGB,FCC,SevenNet,41,(0 -5 4),77.32,0.81,0.0344
Cu,[100],STGB,FCC,SevenNet,61,(0 -6 5),79.61,0.71,0.0289
Cu,[100],STGB,FCC,UMA,197,(0 -14 -1),8.17,1.37,0.0310
Cu,[100],STGB,FCC,UMA,41,(0 -9 1),12.68,1.73,0.0512
Cu,[100],STGB,FCC,UMA,25,(0 -7 1),16.26,1.60,0.0447
Cu,[100],STGB,FCC,UMA,37,(0 -6 -1),18.92,1.55,0.0459
Cu,[100],STGB,FCC,UMA,13,(0 -5 1),22.62,1.48,0.0456
Cu,[100],STGB,FCC,UMA,17,(0 -4 -1),28.07,1.48,0.0501
Cu,[100],STGB,FCC,UMA,5,(0 1 3),36.87,1.19,0.0412
Cu,[100],STGB,FCC,UMA,29,(0 -2 5),43.6,1.50,0.0479
Cu,[100],STGB,FCC,UMA,29,(0 -3 7),46.4,1.75,0.0558
Cu,[100],STGB,FCC,UMA,5,(0 1 2),53.13,1.13,0.0425
Cu,[100],STGB,FCC,UMA,17,(0 -5 -3),61.93,1.47,0.0429
Cu,[100],STGB,FCC,UMA,13,(0 -3 2),67.38,1.13,0.0348
Cu,[100],STGB,FCC,UMA,37,(0 -7 -5),71.08,1.87,0.0504
Cu,[100],STGB,FCC,UMA,25,(0 -4 3),73.74,1.17,0.0317
Cu,[100],STGB,FCC,UMA,41,(0 -5 4),77.32,1.59,0.0506
Cu,[100],STGB,FCC,UMA,61,(0 -6 5),79.61,1.60,0.0471
Cu,[100],STGB,FCC,UNEP,265,(0 -23 1),4.98,0.55,0.0029
Cu,[100],STGB,FCC,UNEP,221,(0 -21 1),5.45,0.58,0.0029
Cu,[100],STGB,FCC,UNEP,181,(0 -19 1),6.03,0.60,0.0064
Cu,[100],STGB,FCC,UNEP,257,(0 -16 -1),7.15,0.60,0.0109
Cu,[100],STGB,FCC,UNEP,113,(0 -15 1),7.63,0.69,0.0056
Cu,[100],STGB,FCC,UNEP,197,(0 -14 -1),8.17,0.69,0.0103
Cu,[100],STGB,FCC,UNEP,85,(0 -13 1),8.8,0.68,0.0101
Cu,[100],STGB,FCC,UNEP,61,(0 -11 1),10.39,0.72,0.0124
Cu,[100],STGB,FCC,UNEP,41,(0 -9 1),12.68,0.76,0.0131
Cu,[100],STGB,FCC,UNEP,37,(0 -6 -1),18.92,0.86,0.0170
Cu,[100],STGB,FCC,UNEP,13,(0 -5 1),22.62,0.97,0.0245
Cu,[100],STGB,FCC,UNEP,17,(0 -4 -1),28.07,0.89,0.0238
Cu,[100],STGB,FCC,UNEP,5,(0 1 3),36.87,0.93,0.0296
Cu,[100],STGB,FCC,UNEP,29,(0 -2 5),43.6,0.98,0.0343
Cu,[100],STGB,FCC,UNEP,29,(0 -3 7),46.4,0.98,0.0263
Cu,[100],STGB,FCC,UNEP,5,(0 1 2),53.13,0.95,0.0382
Cu,[100],STGB,FCC,UNEP,17,(0 -5 -3),61.93,0.89,0.0309
Cu,[100],STGB,FCC,UNEP,13,(0 -3 2),67.38,0.78,0.0280
Cu,[100],STGB,FCC,UNEP,37,(0 -7 -5),71.08,0.74,0.0201
Cu,[100],STGB,FCC,UNEP,25,(0 -4 3),73.74,0.72,0.0213
Cu,[100],STGB,FCC,UNEP,41,(0 -5 4),77.32,0.62,0.0162
Cu,[100],STGB,FCC,UNEP,61,(0 -6 5),79.61,0.61,0.0168
Cu,[100],STGB,FCC,eSEN,181,(0 -19 1),6.03,0.58,0.0200
Cu,[100],STGB,FCC,eSEN,257,(0 -16 -1),7.15,0.64,0.0214
Cu,[100],STGB,FCC,eSEN,197,(0 -14 -1),8.17,0.69,0.0230
Cu,[100],STGB,FCC,eSEN,85,(0 -13 1),8.8,0.71,0.0242
Cu,[100],STGB,FCC,eSEN,61,(0 -11 1),10.39,0.76,0.0262
Cu,[100],STGB,FCC,eSEN,41,(0 -9 1),12.68,0.84,0.0297
Cu,[100],STGB,FCC,eSEN,25,(0 -7 1),16.26,0.91,0.0328
Cu,[100],STGB,FCC,eSEN,37,(0 -6 -1),18.92,0.96,0.0352
Cu,[100],STGB,FCC,eSEN,13,(0 -5 1),22.62,0.98,0.0369
Cu,[100],STGB,FCC,eSEN,17,(0 -4 -1),28.07,1.02,0.0964
Cu,[100],STGB,FCC,eSEN,5,(0 1 3),36.87,0.86,0.0355
Cu,[100],STGB,FCC,eSEN,29,(0 -2 5),43.6,0.96,0.0378
Cu,[100],STGB,FCC,eSEN,29,(0 -3 7),46.4,0.98,0.0391
Cu,[100],STGB,FCC,eSEN,5,(0 1 2),53.13,0.92,0.0357
Cu,[100],STGB,FCC,eSEN,17,(0 -5 -3),61.93,0.91,0.0334
Cu,[100],STGB,FCC,eSEN,13,(0 -3 2),67.38,0.79,0.0281
Cu,[100],STGB,FCC,eSEN,37,(0 -7 -5),71.08,0.98,0.0482
Cu,[100],STGB,FCC,eSEN,25,(0 -4 3),73.74,0.70,0.0240
Cu,[100],STGB,FCC,eSEN,41,(0 -5 4),77.32,0.90,0.0509
Cu,[100],STGB,FCC,eSEN,61,(0 -6 5),79.61,0.79,0.0440
Cu,[100],TWGB,FCC,ADP,265,(1 0 0),4.98,0.35,0.0059
Cu,[100],TWGB,FCC,ADP,221,(1 0 0),5.45,0.38,0.0065
Cu,[100],TWGB,FCC,ADP,181,(1 0 0),6.03,0.40,0.0069
Cu,[100],TWGB,FCC,ADP,145,(1 0 0),6.73,0.43,0.0076
Cu,[100],TWGB,FCC,ADP,257,(1 0 0),7.15,0.43,0.0076
Cu,[100],TWGB,FCC,ADP,113,(1 0 0),7.63,0.46,0.0084
Cu,[100],TWGB,FCC,ADP,197,(1 0 0),8.17,0.47,0.0085
Cu,[100],TWGB,FCC,ADP,85,(1 0 0),8.8,0.49,0.0090
Cu,[100],TWGB,FCC,ADP,61,(1 0 0),10.39,0.53,0.0104
Cu,[100],TWGB,FCC,ADP,101,(1 0 0),11.42,0.55,0.0108
Cu,[100],TWGB,FCC,ADP,41,(1 0 0),12.68,0.58,0.0120
Cu,[100],TWGB,FCC,ADP,25,(1 0 0),16.26,0.64,0.0142
Cu,[100],TWGB,FCC,ADP,37,(1 0 0),18.92,0.68,0.0155
Cu,[100],TWGB,FCC,ADP,13,(1 0 0),22.62,0.72,0.0174
Cu,[100],TWGB,FCC,ADP,89,(1 0 0),25.99,0.76,0.0187
Cu,[100],TWGB,FCC,ADP,17,(1 0 0),28.07,0.77,0.0194
Cu,[100],TWGB,FCC,ADP,53,(1 0 0),31.89,0.80,0.0208
Cu,[100],TWGB,FCC,ADP,109,(1 0 0),33.4,0.80,0.0211
Cu,[100],TWGB,FCC,ADP,5,(1 0 0),36.87,0.80,0.0219
Cu,[100],TWGB,FCC,ADP,73,(1 0 0),41.11,0.82,0.0219
Cu,[100],TWGB,FCC,ADP,97,(1 0 0),42.08,0.82,0.0221
Cu,[100],TWGB,FCC,ADP,29,(1 0 0),43.6,0.82,0.0220
Cu,[100],TWGB,FCC,ADP,29,(1 0 0),46.4,0.82,0.0220
Cu,[100],TWGB,FCC,ADP,97,(1 0 0),47.92,0.82,0.0221
Cu,[100],TWGB,FCC,ADP,73,(1 0 0),48.89,0.82,0.0219
Cu,[100],TWGB,FCC,ADP,5,(1 0 0),53.13,0.80,0.0219
Cu,[100],TWGB,FCC,ADP,109,(1 0 0),56.6,0.80,0.0211
Cu,[100],TWGB,FCC,ADP,53,(1 0 0),58.11,0.80,0.0208
Cu,[100],TWGB,FCC,ADP,17,(1 0 0),61.93,0.77,0.0194
Cu,[100],TWGB,FCC,ADP,89,(1 0 0),64.01,0.76,0.0187
Cu,[100],TWGB,FCC,ADP,13,(1 0 0),67.38,0.72,0.0174
Cu,[100],TWGB,FCC,ADP,37,(1 0 0),71.08,0.68,0.0155
Cu,[100],TWGB,FCC,ADP,25,(1 0 0),73.74,0.64,0.0142
Cu,[100],TWGB,FCC,ADP,41,(1 0 0),77.32,0.58,0.0120
Cu,[100],TWGB,FCC,ADP,101,(1 0 0),78.58,0.55,0.0108
Cu,[100],TWGB,FCC,ADP,61,(1 0 0),79.61,0.53,0.0104
Cu,[100],TWGB,FCC,ADP,85,(1 0 0),81.2,0.49,0.0090
Cu,[100],TWGB,FCC,ADP,197,(1 0 0),81.83,0.47,0.0085
Cu,[100],TWGB,FCC,ADP,113,(1 0 0),82.37,0.46,0.0084
Cu,[100],TWGB,FCC,ADP,257,(1 0 0),82.85,0.43,0.0076
Cu,[100],TWGB,FCC,ADP,145,(1 0 0),83.27,0.43,0.0076
Cu,[100],TWGB,FCC,ADP,181,(1 0 0),83.97,0.40,0.0069
Cu,[100],TWGB,FCC,ADP,221,(1 0 0),84.55,0.38,0.0065
Cu,[100],TWGB,FCC,ADP,265,(1 0 0),85.02,0.35,0.0059
Cu,[100],TWGB,FCC,EAM,265,(1 0 0),4.98,0.35,0.0059
Cu,[100],TWGB,FCC,EAM,221,(1 0 0),5.45,0.38,0.0065
Cu,[100],TWGB,FCC,EAM,181,(1 0 0),6.03,0.40,0.0069
Cu,[100],TWGB,FCC,EAM,145,(1 0 0),6.73,0.43,0.0076
Cu,[100],TWGB,FCC,EAM,257,(1 0 0),7.15,0.43,0.0076
Cu,[100],TWGB,FCC,EAM,113,(1 0 0),7.63,0.46,0.0085
Cu,[100],TWGB,FCC,EAM,197,(1 0 0),8.17,0.47,0.0085
Cu,[100],TWGB,FCC,EAM,85,(1 0 0),8.8,0.49,0.0090
Cu,[100],TWGB,FCC,EAM,61,(1 0 0),10.39,0.53,0.0103
Cu,[100],TWGB,FCC,EAM,101,(1 0 0),11.42,0.55,0.0108
Cu,[100],TWGB,FCC,EAM,41,(1 0 0),12.68,0.58,0.0119
Cu,[100],TWGB,FCC,EAM,25,(1 0 0),16.26,0.64,0.0142
Cu,[100],TWGB,FCC,EAM,37,(1 0 0),18.92,0.68,0.0156
Cu,[100],TWGB,FCC,EAM,13,(1 0 0),22.62,0.72,0.0174
Cu,[100],TWGB,FCC,EAM,89,(1 0 0),25.99,0.76,0.0187
Cu,[100],TWGB,FCC,EAM,17,(1 0 0),28.07,0.77,0.0194
Cu,[100],TWGB,FCC,EAM,53,(1 0 0),31.89,0.80,0.0208
Cu,[100],TWGB,FCC,EAM,109,(1 0 0),33.4,0.80,0.0211
Cu,[100],TWGB,FCC,EAM,5,(1 0 0),36.87,0.80,0.0220
Cu,[100],TWGB,FCC,EAM,73,(1 0 0),41.11,0.82,0.0219
Cu,[100],TWGB,FCC,EAM,29,(1 0 0),43.6,0.82,0.0220
Cu,[100],TWGB,FCC,EAM,29,(1 0 0),46.4,0.82,0.0220
Cu,[100],TWGB,FCC,EAM,73,(1 0 0),48.89,0.82,0.0219
Cu,[100],TWGB,FCC,EAM,5,(1 0 0),53.13,0.80,0.0220
Cu,[100],TWGB,FCC,EAM,109,(1 0 0),56.6,0.80,0.0211
Cu,[100],TWGB,FCC,EAM,53,(1 0 0),58.11,0.80,0.0208
Cu,[100],TWGB,FCC,EAM,17,(1 0 0),61.93,0.77,0.0194
Cu,[100],TWGB,FCC,EAM,89,(1 0 0),64.01,0.76,0.0187
Cu,[100],TWGB,FCC,EAM,13,(1 0 0),67.38,0.72,0.0174
Cu,[100],TWGB,FCC,EAM,37,(1 0 0),71.08,0.68,0.0156
Cu,[100],TWGB,FCC,EAM,25,(1 0 0),73.74,0.64,0.0142
Cu,[100],TWGB,FCC,EAM,41,(1 0 0),77.32,0.58,0.0119
Cu,[100],TWGB,FCC,EAM,101,(1 0 0),78.58,0.55,0.0108
Cu,[100],TWGB,FCC,EAM,61,(1 0 0),79.61,0.53,0.0103
Cu,[100],TWGB,FCC,EAM,85,(1 0 0),81.2,0.49,0.0090
Cu,[100],TWGB,FCC,EAM,197,(1 0 0),81.83,0.47,0.0085
Cu,[100],TWGB,FCC,EAM,113,(1 0 0),82.37,0.46,0.0085
Cu,[100],TWGB,FCC,EAM,257,(1 0 0),82.85,0.43,0.0076
Cu,[100],TWGB,FCC,EAM,145,(1 0 0),83.27,0.43,0.0076
Cu,[100],TWGB,FCC,EAM,181,(1 0 0),83.97,0.40,0.0069
Cu,[100],TWGB,FCC,EAM,221,(1 0 0),84.55,0.38,0.0065
Cu,[100],TWGB,FCC,EAM,265,(1 0 0),85.02,0.35,0.0059
Cu,[100],TWGB,FCC,GRACE,265,(1 0 0),4.98,0.61,0.0141
Cu,[100],TWGB,FCC,GRACE,221,(1 0 0),5.45,0.67,0.0149
Cu,[100],TWGB,FCC,GRACE,181,(1 0 0),6.03,0.69,0.0157
Cu,[100],TWGB,FCC,GRACE,145,(1 0 0),6.73,0.76,0.0166
Cu,[100],TWGB,FCC,GRACE,257,(1 0 0),7.15,0.70,0.0169
Cu,[100],TWGB,FCC,GRACE,113,(1 0 0),7.63,0.79,0.0175
Cu,[100],TWGB,FCC,GRACE,197,(1 0 0),8.17,0.77,0.0179
Cu,[100],TWGB,FCC,GRACE,85,(1 0 0),8.8,0.83,0.0187
Cu,[100],TWGB,FCC,GRACE,61,(1 0 0),10.39,0.87,0.0200
Cu,[100],TWGB,FCC,GRACE,101,(1 0 0),11.42,0.90,0.0206
Cu,[100],TWGB,FCC,GRACE,41,(1 0 0),12.68,0.94,0.0215
Cu,[100],TWGB,FCC,GRACE,25,(1 0 0),16.26,1.02,0.0232
Cu,[100],TWGB,FCC,GRACE,37,(1 0 0),18.92,1.07,0.0241
Cu,[100],TWGB,FCC,GRACE,13,(1 0 0),22.62,1.12,0.0252
Cu,[100],TWGB,FCC,GRACE,89,(1 0 0),25.99,1.17,0.0260
Cu,[100],TWGB,FCC,GRACE,17,(1 0 0),28.07,1.19,0.0262
Cu,[100],TWGB,FCC,GRACE,53,(1 0 0),31.89,1.22,0.0273
Cu,[100],TWGB,FCC,GRACE,109,(1 0 0),33.4,1.23,0.0276
Cu,[100],TWGB,FCC,GRACE,5,(1 0 0),36.87,1.24,0.0283
Cu,[100],TWGB,FCC,GRACE,73,(1 0 0),41.11,1.25,0.0286
Cu,[100],TWGB,FCC,GRACE,29,(1 0 0),43.6,1.26,0.0287
Cu,[100],TWGB,FCC,GRACE,29,(1 0 0),46.4,1.26,0.0287
Cu,[100],TWGB,FCC,GRACE,73,(1 0 0),48.89,1.25,0.0286
Cu,[100],TWGB,FCC,GRACE,5,(1 0 0),53.13,1.24,0.0283
Cu,[100],TWGB,FCC,GRACE,109,(1 0 0),56.6,1.23,0.0276
Cu,[100],TWGB,FCC,GRACE,53,(1 0 0),58.11,1.22,0.0273
Cu,[100],TWGB,FCC,GRACE,17,(1 0 0),61.93,1.19,0.0262
Cu,[100],TWGB,FCC,GRACE,89,(1 0 0),64.01,1.17,0.0260
Cu,[100],TWGB,FCC,GRACE,13,(1 0 0),67.38,1.12,0.0252
Cu,[100],TWGB,FCC,GRACE,37,(1 0 0),71.08,1.07,0.0241
Cu,[100],TWGB,FCC,GRACE,25,(1 0 0),73.74,1.02,0.0232
Cu,[100],TWGB,FCC,GRACE,41,(1 0 0),77.32,0.94,0.0215
Cu,[100],TWGB,FCC,GRACE,101,(1 0 0),78.58,0.90,0.0206
Cu,[100],TWGB,FCC,GRACE,61,(1 0 0),79.61,0.87,0.0200
Cu,[100],TWGB,FCC,GRACE,85,(1 0 0),81.2,0.83,0.0187
Cu,[100],TWGB,FCC,GRACE,197,(1 0 0),81.83,0.77,0.0179
Cu,[100],TWGB,FCC,GRACE,113,(1 0 0),82.37,0.79,0.0175
Cu,[100],TWGB,FCC,GRACE,257,(1 0 0),82.85,0.70,0.0169
Cu,[100],TWGB,FCC,GRACE,145,(1 0 0),83.27,0.76,0.0166
Cu,[100],TWGB,FCC,GRACE,181,(1 0 0),83.97,0.69,0.0157
Cu,[100],TWGB,FCC,GRACE,221,(1 0 0),84.55,0.67,0.0149
Cu,[100],TWGB,FCC,GRACE,265,(1 0 0),85.02,0.61,0.0141
Cu,[100],TWGB,FCC,MACE,41,(1 0 0),12.68,0.77,0.0202
Cu,[100],TWGB,FCC,MACE,25,(1 0 0),16.26,0.85,0.0220
Cu,[100],TWGB,FCC,MACE,37,(1 0 0),18.92,0.90,0.0229
Cu,[100],TWGB,FCC,MACE,13,(1 0 0),22.62,0.95,0.0240
Cu,[100],TWGB,FCC,MACE,17,(1 0 0),28.07,1.02,0.0251
Cu,[100],TWGB,FCC,MACE,5,(1 0 0),36.87,1.07,0.0276
Cu,[100],TWGB,FCC,MACE,29,(1 0 0),43.6,1.10,0.0282
Cu,[100],TWGB,FCC,MACE,29,(1 0 0),46.4,1.10,0.0282
Cu,[100],TWGB,FCC,MACE,5,(1 0 0),53.13,1.07,0.0276
Cu,[100],TWGB,FCC,MACE,17,(1 0 0),61.93,1.02,0.0251
Cu,[100],TWGB,FCC,MACE,13,(1 0 0),67.38,0.95,0.0240
Cu,[100],TWGB,FCC,MACE,37,(1 0 0),71.08,0.90,0.0229
Cu,[100],TWGB,FCC,MACE,25,(1 0 0),73.74,0.85,0.0220
Cu,[100],TWGB,FCC,MACE,41,(1 0 0),77.32,0.77,0.0202
Cu,[100],TWGB,FCC,MEAM,265,(1 0 0),4.98,0.39,0.0073
Cu,[100],TWGB,FCC,MEAM,221,(1 0 0),5.45,0.42,0.0081
Cu,[100],TWGB,FCC,MEAM,181,(1 0 0),6.03,0.45,0.0085
Cu,[100],TWGB,FCC,MEAM,145,(1 0 0),6.73,0.48,0.0093
Cu,[100],TWGB,FCC,MEAM,257,(1 0 0),7.15,0.51,0.0105
Cu,[100],TWGB,FCC,MEAM,113,(1 0 0),7.63,0.52,0.0100
Cu,[100],TWGB,FCC,MEAM,197,(1 0 0),8.17,0.56,0.0116
Cu,[100],TWGB,FCC,MEAM,85,(1 0 0),8.8,0.56,0.0108
Cu,[100],TWGB,FCC,MEAM,61,(1 0 0),10.39,0.60,0.0122
Cu,[100],TWGB,FCC,MEAM,101,(1 0 0),11.42,0.65,0.0145
Cu,[100],TWGB,FCC,MEAM,41,(1 0 0),12.68,0.66,0.0136
Cu,[100],TWGB,FCC,MEAM,25,(1 0 0),16.26,0.73,0.0155
Cu,[100],TWGB,FCC,MEAM,37,(1 0 0),18.92,0.76,0.0171
Cu,[100],TWGB,FCC,MEAM,13,(1 0 0),22.62,0.78,0.0184
Cu,[100],TWGB,FCC,MEAM,89,(1 0 0),25.99,0.81,0.0204
Cu,[100],TWGB,FCC,MEAM,17,(1 0 0),28.07,0.84,0.0204
Cu,[100],TWGB,FCC,MEAM,53,(1 0 0),31.89,0.82,0.0216
Cu,[100],TWGB,FCC,MEAM,109,(1 0 0),33.4,0.83,0.0221
Cu,[100],TWGB,FCC,MEAM,5,(1 0 0),36.87,0.79,0.0230
Cu,[100],TWGB,FCC,MEAM,73,(1 0 0),41.11,0.81,0.0224
Cu,[100],TWGB,FCC,MEAM,97,(1 0 0),42.08,0.81,0.0223
Cu,[100],TWGB,FCC,MEAM,29,(1 0 0),43.6,0.81,0.0222
Cu,[100],TWGB,FCC,MEAM,29,(1 0 0),46.4,0.81,0.0222
Cu,[100],TWGB,FCC,MEAM,97,(1 0 0),47.92,0.81,0.0223
Cu,[100],TWGB,FCC,MEAM,73,(1 0 0),48.89,0.81,0.0224
Cu,[100],TWGB,FCC,MEAM,5,(1 0 0),53.13,0.79,0.0230
Cu,[100],TWGB,FCC,MEAM,109,(1 0 0),56.6,0.83,0.0221
Cu,[100],TWGB,FCC,MEAM,53,(1 0 0),58.11,0.82,0.0216
Cu,[100],TWGB,FCC,MEAM,17,(1 0 0),61.93,0.84,0.0204
Cu,[100],TWGB,FCC,MEAM,89,(1 0 0),64.01,0.81,0.0204
Cu,[100],TWGB,FCC,MEAM,13,(1 0 0),67.38,0.78,0.0184
Cu,[100],TWGB,FCC,MEAM,37,(1 0 0),71.08,0.76,0.0171
Cu,[100],TWGB,FCC,MEAM,25,(1 0 0),73.74,0.73,0.0155
Cu,[100],TWGB,FCC,MEAM,41,(1 0 0),77.32,0.66,0.0136
Cu,[100],TWGB,FCC,MEAM,101,(1 0 0),78.58,0.65,0.0145
Cu,[100],TWGB,FCC,MEAM,61,(1 0 0),79.61,0.60,0.0122
Cu,[100],TWGB,FCC,MEAM,85,(1 0 0),81.2,0.56,0.0108
Cu,[100],TWGB,FCC,MEAM,197,(1 0 0),81.83,0.56,0.0116
Cu,[100],TWGB,FCC,MEAM,113,(1 0 0),82.37,0.52,0.0100
Cu,[100],TWGB,FCC,MEAM,257,(1 0 0),82.85,0.51,0.0105
Cu,[100],TWGB,FCC,MEAM,145,(1 0 0),83.27,0.48,0.0093
Cu,[100],TWGB,FCC,MEAM,181,(1 0 0),83.97,0.45,0.0085
Cu,[100],TWGB,FCC,MEAM,221,(1 0 0),84.55,0.42,0.0081
Cu,[100],TWGB,FCC,MEAM,265,(1 0 0),85.02,0.39,0.0073
Cu,[100],TWGB,FCC,ORB,25,(1 0 0),16.26,1.00,0.0233
Cu,[100],TWGB,FCC,ORB,37,(1 0 0),18.92,1.05,0.0218
Cu,[100],TWGB,FCC,ORB,13,(1 0 0),22.62,1.12,0.0267
Cu,[100],TWGB,FCC,ORB,17,(1 0 0),28.07,1.19,0.0272
Cu,[100],TWGB,FCC,ORB,5,(1 0 0),36.87,1.25,0.0279
Cu,[100],TWGB,FCC,ORB,29,(1 0 0),43.6,1.27,0.0249
Cu,[100],TWGB,FCC,ORB,29,(1 0 0),46.4,1.27,0.0249
Cu,[100],TWGB,FCC,ORB,5,(1 0 0),53.13,1.25,0.0279
Cu,[100],TWGB,FCC,ORB,17,(1 0 0),61.93,1.19,0.0272
Cu,[100],TWGB,FCC,ORB,13,(1 0 0),67.38,1.12,0.0267
Cu,[100],TWGB,FCC,ORB,37,(1 0 0),71.08,1.05,0.0218
Cu,[100],TWGB,FCC,ORB,25,(1 0 0),73.74,1.00,0.0233
Cu,[100],TWGB,FCC,SNAP,265,(1 0 0),4.98,0.33,0.0062
Cu,[100],TWGB,FCC,SNAP,221,(1 0 0),5.45,0.35,0.0064
Cu,[100],TWGB,FCC,SNAP,181,(1 0 0),6.03,0.37,0.0067
Cu,[100],TWGB,FCC,SNAP,145,(1 0 0),6.73,0.40,0.0068
Cu,[100],TWGB,FCC,SNAP,257,(1 0 0),7.15,0.41,0.0072
Cu,[100],TWGB,FCC,SNAP,113,(1 0 0),7.63,0.42,0.0073
Cu,[100],TWGB,FCC,SNAP,197,(1 0 0),8.17,0.44,0.0078
Cu,[100],TWGB,FCC,SNAP,85,(1 0 0),8.8,0.46,0.0080
Cu,[100],TWGB,FCC,SNAP,61,(1 0 0),10.39,0.50,0.0081
Cu,[100],TWGB,FCC,SNAP,101,(1 0 0),11.42,0.52,0.0088
Cu,[100],TWGB,FCC,SNAP,41,(1 0 0),12.68,0.55,0.0089
Cu,[100],TWGB,FCC,SNAP,25,(1 0 0),16.26,0.62,0.0099
Cu,[100],TWGB,FCC,SNAP,37,(1 0 0),18.92,0.66,0.0097
Cu,[100],TWGB,FCC,SNAP,13,(1 0 0),22.62,0.71,0.0102
Cu,[100],TWGB,FCC,SNAP,89,(1 0 0),25.99,0.75,0.0112
Cu,[100],TWGB,FCC,SNAP,17,(1 0 0),28.07,0.76,0.0115
Cu,[100],TWGB,FCC,SNAP,53,(1 0 0),31.89,0.80,0.0127
Cu,[100],TWGB,FCC,SNAP,109,(1 0 0),33.4,0.81,0.0131
Cu,[100],TWGB,FCC,SNAP,5,(1 0 0),36.87,0.80,0.0133
Cu,[100],TWGB,FCC,SNAP,73,(1 0 0),41.11,0.84,0.0146
Cu,[100],TWGB,FCC,SNAP,97,(1 0 0),42.08,0.84,0.0148
Cu,[100],TWGB,FCC,SNAP,29,(1 0 0),43.6,0.84,0.0146
Cu,[100],TWGB,FCC,SNAP,29,(1 0 0),46.4,0.84,0.0146
Cu,[100],TWGB,FCC,SNAP,97,(1 0 0),47.92,0.84,0.0148
Cu,[100],TWGB,FCC,SNAP,73,(1 0 0),48.89,0.84,0.0146
Cu,[100],TWGB,FCC,SNAP,5,(1 0 0),53.13,0.80,0.0133
Cu,[100],TWGB,FCC,SNAP,109,(1 0 0),56.6,0.81,0.0131
Cu,[100],TWGB,FCC,SNAP,53,(1 0 0),58.11,0.80,0.0127
Cu,[100],TWGB,FCC,SNAP,17,(1 0 0),61.93,0.76,0.0115
Cu,[100],TWGB,FCC,SNAP,89,(1 0 0),64.01,0.75,0.0112
Cu,[100],TWGB,FCC,SNAP,13,(1 0 0),67.38,0.71,0.0102
Cu,[100],TWGB,FCC,SNAP,37,(1 0 0),71.08,0.66,0.0097
Cu,[100],TWGB,FCC,SNAP,25,(1 0 0),73.74,0.62,0.0099
Cu,[100],TWGB,FCC,SNAP,41,(1 0 0),77.32,0.55,0.0089
Cu,[100],TWGB,FCC,SNAP,101,(1 0 0),78.58,0.52,0.0088
Cu,[100],TWGB,FCC,SNAP,61,(1 0 0),79.61,0.50,0.0081
Cu,[100],TWGB,FCC,SNAP,85,(1 0 0),81.2,0.46,0.0080
Cu,[100],TWGB,FCC,SNAP,197,(1 0 0),81.83,0.44,0.0078
Cu,[100],TWGB,FCC,SNAP,113,(1 0 0),82.37,0.42,0.0073
Cu,[100],TWGB,FCC,SNAP,257,(1 0 0),82.85,0.41,0.0072
Cu,[100],TWGB,FCC,SNAP,145,(1 0 0),83.27,0.40,0.0068
Cu,[100],TWGB,FCC,SNAP,181,(1 0 0),83.97,0.37,0.0067
Cu,[100],TWGB,FCC,SNAP,221,(1 0 0),84.55,0.35,0.0064
Cu,[100],TWGB,FCC,SNAP,265,(1 0 0),85.02,0.33,0.0062
Cu,[100],TWGB,FCC,SevenNet,41,(1 0 0),12.68,0.73,0.0197
Cu,[100],TWGB,FCC,SevenNet,25,(1 0 0),16.26,0.80,0.0217
Cu,[100],TWGB,FCC,SevenNet,37,(1 0 0),18.92,0.85,0.0228
Cu,[100],TWGB,FCC,SevenNet,13,(1 0 0),22.62,0.89,0.0241
Cu,[100],TWGB,FCC,SevenNet,17,(1 0 0),28.07,0.95,0.0256
Cu,[100],TWGB,FCC,SevenNet,5,(1 0 0),36.87,0.98,0.0272
Cu,[100],TWGB,FCC,SevenNet,29,(1 0 0),43.6,1.00,0.0279
Cu,[100],TWGB,FCC,SevenNet,29,(1 0 0),46.4,1.00,0.0279
Cu,[100],TWGB,FCC,SevenNet,5,(1 0 0),53.13,0.98,0.0272
Cu,[100],TWGB,FCC,SevenNet,17,(1 0 0),61.93,0.95,0.0256
Cu,[100],TWGB,FCC,SevenNet,13,(1 0 0),67.38,0.89,0.0241
Cu,[100],TWGB,FCC,SevenNet,37,(1 0 0),71.08,0.85,0.0228
Cu,[100],TWGB,FCC,SevenNet,25,(1 0 0),73.74,0.80,0.0217
Cu,[100],TWGB,FCC,SevenNet,41,(1 0 0),77.32,0.73,0.0197
Cu,[100],TWGB,FCC,UMA,41,(1 0 0),12.68,0.90,0.0292
Cu,[100],TWGB,FCC,UMA,25,(1 0 0),16.26,0.98,0.0311
Cu,[100],TWGB,FCC,UMA,37,(1 0 0),18.92,1.03,0.0321
Cu,[100],TWGB,FCC,UMA,13,(1 0 0),22.62,1.08,0.0332
Cu,[100],TWGB,FCC,UMA,17,(1 0 0),28.07,1.15,0.0346
Cu,[100],TWGB,FCC,UMA,5,(1 0 0),36.87,1.19,0.0365
Cu,[100],TWGB,FCC,UMA,29,(1 0 0),43.6,1.21,0.0372
Cu,[100],TWGB,FCC,UMA,29,(1 0 0),46.4,1.21,0.0372
Cu,[100],TWGB,FCC,UMA,5,(1 0 0),53.13,1.19,0.0365
Cu,[100],TWGB,FCC,UMA,17,(1 0 0),61.93,1.15,0.0346
Cu,[100],TWGB,FCC,UMA,13,(1 0 0),67.38,1.08,0.0332
Cu,[100],TWGB,FCC,UMA,37,(1 0 0),71.08,1.03,0.0321
Cu,[100],TWGB,FCC,UMA,25,(1 0 0),73.74,0.98,0.0311
Cu,[100],TWGB,FCC,UMA,41,(1 0 0),77.32,0.90,0.0292
Cu,[100],TWGB,FCC,UNEP,265,(1 0 0),4.98,0.31,0.0159
Cu,[100],TWGB,FCC,UNEP,221,(1 0 0),5.45,0.32,0.0152
Cu,[100],TWGB,FCC,UNEP,181,(1 0 0),6.03,0.34,0.0158
Cu,[100],TWGB,FCC,UNEP,145,(1 0 0),6.73,0.37,0.0165
Cu,[100],TWGB,FCC,UNEP,113,(1 0 0),7.63,0.39,0.0178
Cu,[100],TWGB,FCC,UNEP,85,(1 0 0),8.8,0.43,0.0191
Cu,[100],TWGB,FCC,UNEP,61,(1 0 0),10.39,0.47,0.0202
Cu,[100],TWGB,FCC,UNEP,41,(1 0 0),12.68,0.52,0.0219
Cu,[100],TWGB,FCC,UNEP,25,(1 0 0),16.26,0.58,0.0235
Cu,[100],TWGB,FCC,UNEP,13,(1 0 0),22.62,0.67,0.0254
Cu,[100],TWGB,FCC,UNEP,89,(1 0 0),25.99,0.71,0.0267
Cu,[100],TWGB,FCC,UNEP,5,(1 0 0),36.87,0.76,0.0345
Cu,[100],TWGB,FCC,UNEP,97,(1 0 0),42.08,0.77,0.0294
Cu,[100],TWGB,FCC,UNEP,29,(1 0 0),46.4,0.77,0.0292
Cu,[100],TWGB,FCC,UNEP,73,(1 0 0),48.89,0.77,0.0293
Cu,[100],TWGB,FCC,UNEP,109,(1 0 0),56.6,0.76,0.0289
Cu,[100],TWGB,FCC,UNEP,53,(1 0 0),58.11,0.75,0.0286
Cu,[100],TWGB,FCC,UNEP,17,(1 0 0),61.93,0.73,0.0267
Cu,[100],TWGB,FCC,UNEP,37,(1 0 0),71.08,0.63,0.0244
Cu,[100],TWGB,FCC,UNEP,101,(1 0 0),78.58,0.49,0.0211
Cu,[100],TWGB,FCC,UNEP,197,(1 0 0),81.83,0.41,0.0186
Cu,[100],TWGB,FCC,UNEP,257,(1 0 0),82.85,0.38,0.0176
Cu,[100],TWGB,FCC,eSEN,85,(1 0 0),8.8,0.44,0.0211
Cu,[100],TWGB,FCC,eSEN,61,(1 0 0),10.39,0.48,0.0224
Cu,[100],TWGB,FCC,eSEN,101,(1 0 0),11.42,0.50,0.0232
Cu,[100],TWGB,FCC,eSEN,41,(1 0 0),12.68,0.53,0.0240
Cu,[100],TWGB,FCC,eSEN,25,(1 0 0),16.26,0.58,0.0257
Cu,[100],TWGB,FCC,eSEN,37,(1 0 0),18.92,0.62,0.0268
Cu,[100],TWGB,FCC,eSEN,13,(1 0 0),22.62,0.65,0.0276
Cu,[100],TWGB,FCC,eSEN,89,(1 0 0),25.99,0.67,0.0286
Cu,[100],TWGB,FCC,eSEN,17,(1 0 0),28.07,0.69,0.0290
Cu,[100],TWGB,FCC,eSEN,53,(1 0 0),31.89,0.70,0.0296
Cu,[100],TWGB,FCC,eSEN,109,(1 0 0),33.4,0.71,0.0298
Cu,[100],TWGB,FCC,eSEN,5,(1 0 0),36.87,0.70,0.0301
Cu,[100],TWGB,FCC,eSEN,73,(1 0 0),41.11,0.72,0.0307
Cu,[100],TWGB,FCC,eSEN,29,(1 0 0),43.6,0.72,0.0308
Cu,[100],TWGB,FCC,eSEN,29,(1 0 0),46.4,0.72,0.0308
Cu,[100],TWGB,FCC,eSEN,73,(1 0 0),48.89,0.72,0.0307
Cu,[100],TWGB,FCC,eSEN,5,(1 0 0),53.13,0.70,0.0301
Cu,[100],TWGB,FCC,eSEN,109,(1 0 0),56.6,0.71,0.0298
Cu,[100],TWGB,FCC,eSEN,53,(1 0 0),58.11,0.70,0.0296
Cu,[100],TWGB,FCC,eSEN,17,(1 0 0),61.93,0.69,0.0290
Cu,[100],TWGB,FCC,eSEN,89,(1 0 0),64.01,0.67,0.0286
Cu,[100],TWGB,FCC,eSEN,13,(1 0 0),67.38,0.65,0.0276
Cu,[100],TWGB,FCC,eSEN,37,(1 0 0),71.08,0.62,0.0268
Cu,[100],TWGB,FCC,eSEN,25,(1 0 0),73.74,0.58,0.0257
Cu,[100],TWGB,FCC,eSEN,41,(1 0 0),77.32,0.53,0.0240
Cu,[100],TWGB,FCC,eSEN,101,(1 0 0),78.58,0.50,0.0232
Cu,[100],TWGB,FCC,eSEN,61,(1 0 0),79.61,0.48,0.0224
Cu,[100],TWGB,FCC,eSEN,85,(1 0 0),81.2,0.44,0.0211
Cu,[110],STGB,FCC,ADP,289,(1 -1 24),6.74,0.57,0.0092
Cu,[110],STGB,FCC,ADP,243,(-11 11 1),7.36,0.79,0.0174
Cu,[110],STGB,FCC,ADP,201,(-10 10 1),8.09,0.80,0.0179
Cu,[110],STGB,FCC,ADP,291,(1 -1 17),9.51,0.89,0.0199
Cu,[110],STGB,FCC,ADP,129,(-8 8 1),10.1,0.81,0.0189
Cu,[110],STGB,FCC,ADP,227,(-15 15 2),10.77,1.02,0.0231
Cu,[110],STGB,FCC,ADP,99,(-7 7 1),11.54,0.91,0.0168
Cu,[110],STGB,FCC,ADP,73,(-6 6 1),13.44,0.91,0.0170
Cu,[110],STGB,FCC,ADP,51,(-5 5 1),16.1,0.93,0.0188
Cu,[110],STGB,FCC,ADP,83,(-9 9 2),17.86,1.10,0.0276
Cu,[110],STGB,FCC,ADP,33,(-4 4 1),20.05,0.94,0.0203
Cu,[110],STGB,FCC,ADP,19,(-3 3 1),26.53,0.94,0.0183
Cu,[110],STGB,FCC,ADP,27,(-5 5 2),31.59,1.08,0.0282
Cu,[110],STGB,FCC,ADP,89,(-2 2 -9),34.89,1.23,0.0327
Cu,[110],STGB,FCC,ADP,9,(-1 1 -4),38.94,0.77,0.0174
Cu,[110],STGB,FCC,ADP,57,(-2 2 -7),44,1.11,0.0267
Cu,[110],STGB,FCC,ADP,59,(-5 5 3),45.98,0.82,0.0179
Cu,[110],STGB,FCC,ADP,11,(-3 3 2),50.48,0.91,0.0225
Cu,[110],STGB,FCC,ADP,41,(-3 3 -8),55.88,0.73,0.0145
Cu,[110],STGB,FCC,ADP,97,(-5 5 -12),61.02,0.93,0.0182
Cu,[110],STGB,FCC,ADP,67,(-3 3 -7),62.44,0.79,0.0137
Cu,[110],STGB,FCC,ADP,3,(-1 1 1),70.53,0.07,0.0009
Cu,[110],STGB,FCC,ADP,81,(7 -7 -8),77.88,0.76,0.0159
Cu,[110],STGB,FCC,ADP,43,(5 -5 -6),80.63,0.75,0.0163
Cu,[110],STGB,FCC,ADP,17,(3 -3 -4),86.63,0.80,0.0152
Cu,[110],STGB,FCC,EAM,289,(1 -1 24),6.74,0.58,0.0090
Cu,[110],STGB,FCC,EAM,243,(-11 11 1),7.36,0.79,0.0174
Cu,[110],STGB,FCC,EAM,201,(-10 10 1),8.09,0.80,0.0177
Cu,[110],STGB,FCC,EAM,291,(1 -1 17),9.51,0.88,0.0199
Cu,[110],STGB,FCC,EAM,129,(-8 8 1),10.1,0.81,0.0190
Cu,[110],STGB,FCC,EAM,227,(-15 15 2),10.77,1.02,0.0231
Cu,[110],STGB,FCC,EAM,99,(-7 7 1),11.54,0.92,0.0168
Cu,[110],STGB,FCC,EAM,73,(-6 6 1),13.44,0.91,0.0171
Cu,[110],STGB,FCC,EAM,51,(-5 5 1),16.1,0.94,0.0183
Cu,[110],STGB,FCC,EAM,83,(-9 9 2),17.86,1.10,0.0274
Cu,[110],STGB,FCC,EAM,33,(-4 4 1),20.05,0.93,0.0206
Cu,[110],STGB,FCC,EAM,19,(-3 3 1),26.53,0.89,0.0216
Cu,[110],STGB,FCC,EAM,27,(-5 5 2),31.59,1.08,0.0287
Cu,[110],STGB,FCC,EAM,89,(-2 2 -9),34.89,1.23,0.0327
Cu,[110],STGB,FCC,EAM,9,(-1 1 -4),38.94,0.75,0.0177
Cu,[110],STGB,FCC,EAM,57,(-2 2 -7),44,1.11,0.0268
Cu,[110],STGB,FCC,EAM,59,(-5 5 3),45.98,0.82,0.0180
Cu,[110],STGB,FCC,EAM,11,(-3 3 2),50.48,0.91,0.0226
Cu,[110],STGB,FCC,EAM,41,(-3 3 -8),55.88,0.72,0.0140
Cu,[110],STGB,FCC,EAM,97,(-5 5 -12),61.02,0.93,0.0179
Cu,[110],STGB,FCC,EAM,67,(-3 3 -7),62.44,0.79,0.0139
Cu,[110],STGB,FCC,EAM,3,(-1 1 1),70.53,0.07,0.0009
Cu,[110],STGB,FCC,EAM,81,(7 -7 -8),77.88,0.76,0.0161
Cu,[110],STGB,FCC,EAM,43,(5 -5 -6),80.63,0.74,0.0164
Cu,[110],STGB,FCC,EAM,17,(3 -3 -4),86.63,0.80,0.0156
Cu,[110],STGB,FCC,GRACE,289,(1 -1 24),6.74,0.47,0.0093
Cu,[110],STGB,FCC,GRACE,243,(-11 11 1),7.36,0.54,0.0179
Cu,[110],STGB,FCC,GRACE,201,(-10 10 1),8.09,0.56,0.0177
Cu,[110],STGB,FCC,GRACE,291,(1 -1 17),9.51,0.62,0.0200
Cu,[110],STGB,FCC,GRACE,129,(-8 8 1),10.1,0.64,0.0204
Cu,[110],STGB,FCC,GRACE,227,(-15 15 2),10.77,0.66,0.0211
Cu,[110],STGB,FCC,GRACE,99,(-7 7 1),11.54,0.58,0.0132
Cu,[110],STGB,FCC,GRACE,73,(-6 6 1),13.44,0.61,0.0158
Cu,[110],STGB,FCC,GRACE,51,(-5 5 1),16.1,0.68,0.0176
Cu,[110],STGB,FCC,GRACE,83,(-9 9 2),17.86,0.78,0.0279
Cu,[110],STGB,FCC,GRACE,33,(-4 4 1),20.05,0.71,0.0187
Cu,[110],STGB,FCC,GRACE,19,(-3 3 1),26.53,0.74,0.0193
Cu,[110],STGB,FCC,GRACE,27,(-5 5 2),31.59,0.89,0.0305
Cu,[110],STGB,FCC,GRACE,89,(-2 2 -9),34.89,0.88,0.0303
Cu,[110],STGB,FCC,GRACE,57,(-2 2 -7),44,0.86,0.0310
Cu,[110],STGB,FCC,GRACE,59,(-5 5 3),45.98,0.60,0.0124
Cu,[110],STGB,FCC,GRACE,11,(-3 3 2),50.48,0.80,0.0270
Cu,[110],STGB,FCC,GRACE,41,(-3 3 -8),55.88,0.71,0.0241
Cu,[110],STGB,FCC,GRACE,97,(-5 5 -12),61.02,0.68,0.0147
Cu,[110],STGB,FCC,GRACE,67,(-3 3 -7),62.44,0.52,0.0233
Cu,[110],STGB,FCC,GRACE,3,(-1 1 1),70.53,0.03,0.0010
Cu,[110],STGB,FCC,GRACE,81,(7 -7 -8),77.88,0.46,0.0118
Cu,[110],STGB,FCC,GRACE,43,(5 -5 -6),80.63,0.53,0.0139
Cu,[110],STGB,FCC,GRACE,17,(3 -3 -4),86.63,0.67,0.0093
Cu,[110],STGB,FCC,MACE,51,(-5 5 1),16.1,0.62,0.0170
Cu,[110],STGB,FCC,MACE,33,(-4 4 1),20.05,0.98,0.1255
Cu,[110],STGB,FCC,MACE,19,(-3 3 1),26.53,0.95,0.0272
Cu,[110],STGB,FCC,MACE,27,(-5 5 2),31.59,0.82,0.0278
Cu,[110],STGB,FCC,MACE,9,(-1 1 -4),38.94,0.84,0.0253
Cu,[110],STGB,FCC,MACE,57,(-2 2 -7),44,0.79,0.0274
Cu,[110],STGB,FCC,MACE,11,(-3 3 2),50.48,0.77,0.0047
Cu,[110],STGB,FCC,MACE,41,(-3 3 -8),55.88,0.77,0.0989
Cu,[110],STGB,FCC,MACE,3,(-1 1 1),70.53,0.01,0.0004
Cu,[110],STGB,FCC,MACE,43,(5 -5 -6),80.63,0.47,0.0124
Cu,[110],STGB,FCC,MACE,17,(3 -3 -4),86.63,0.59,0.0083
Cu,[110],STGB,FCC,MEAM,289,(1 -1 24),6.74,1.16,0.0323
Cu,[110],STGB,FCC,MEAM,243,(-11 11 1),7.36,1.07,0.0362
Cu,[110],STGB,FCC,MEAM,201,(-10 10 1),8.09,1.10,0.0380
Cu,[110],STGB,FCC,MEAM,291,(1 -1 17),9.51,1.24,0.0435
Cu,[110],STGB,FCC,MEAM,129,(-8 8 1),10.1,1.20,0.0429
Cu,[110],STGB,FCC,MEAM,227,(-15 15 2),10.77,1.33,0.0456
Cu,[110],STGB,FCC,MEAM,99,(-7 7 1),11.54,1.45,0.0409
Cu,[110],STGB,FCC,MEAM,73,(-6 6 1),13.44,1.32,0.0370
Cu,[110],STGB,FCC,MEAM,51,(-5 5 1),16.1,1.29,0.0362
Cu,[110],STGB,FCC,MEAM,83,(-9 9 2),17.86,1.30,0.0427
Cu,[110],STGB,FCC,MEAM,33,(-4 4 1),20.05,1.25,0.0353
Cu,[110],STGB,FCC,MEAM,19,(-3 3 1),26.53,1.17,0.0333
Cu,[110],STGB,FCC,MEAM,27,(-5 5 2),31.59,1.16,0.0363
Cu,[110],STGB,FCC,MEAM,89,(-2 2 -9),34.89,1.42,0.0427
Cu,[110],STGB,FCC,MEAM,9,(-1 1 -4),38.94,0.99,0.0280
Cu,[110],STGB,FCC,MEAM,57,(-2 2 -7),44,1.36,0.0375
Cu,[110],STGB,FCC,MEAM,59,(-5 5 3),45.98,1.11,0.0364
Cu,[110],STGB,FCC,MEAM,11,(-3 3 2),50.48,1.21,0.0326
Cu,[110],STGB,FCC,MEAM,41,(-3 3 -8),55.88,1.09,0.0359
Cu,[110],STGB,FCC,MEAM,97,(-5 5 -12),61.02,1.19,0.0368
Cu,[110],STGB,FCC,MEAM,67,(-3 3 -7),62.44,0.84,0.0194
Cu,[110],STGB,FCC,MEAM,3,(-1 1 1),70.53,0.06,0.0015
Cu,[110],STGB,FCC,MEAM,81,(7 -7 -8),77.88,1.19,0.0308
Cu,[110],STGB,FCC,MEAM,43,(5 -5 -6),80.63,1.21,0.0328
Cu,[110],STGB,FCC,MEAM,17,(3 -3 -4),86.63,1.16,0.0332
Cu,[110],STGB,FCC,ORB,51,(-5 5 1),16.1,0.61,0.0155
Cu,[110],STGB,FCC,ORB,33,(-4 4 1),20.05,0.60,0.0094
Cu,[110],STGB,FCC,ORB,19,(-3 3 1),26.53,0.69,0.0076
Cu,[110],STGB,FCC,ORB,27,(-5 5 2),31.59,0.83,0.0253
Cu,[110],STGB,FCC,ORB,9,(-1 1 -4),38.94,0.69,0.0208
Cu,[110],STGB,FCC,ORB,11,(-3 3 2),50.48,0.76,0.0303
Cu,[110],STGB,FCC,ORB,41,(-3 3 -8),55.88,0.69,0.0213
Cu,[110],STGB,FCC,ORB,43,(5 -5 -6),80.63,0.47,0.0116
Cu,[110],STGB,FCC,ORB,17,(3 -3 -4),86.63,0.57,0.0073
Cu,[110],STGB,FCC,SNAP,289,(1 -1 24),6.74,0.46,0.0078
Cu,[110],STGB,FCC,SNAP,243,(-11 11 1),7.36,0.54,0.0100
Cu,[110],STGB,FCC,SNAP,201,(-10 10 1),8.09,0.58,0.0100
Cu,[110],STGB,FCC,SNAP,291,(1 -1 17),9.51,0.63,0.0100
Cu,[110],STGB,FCC,SNAP,129,(-8 8 1),10.1,0.65,0.0115
Cu,[110],STGB,FCC,SNAP,227,(-15 15 2),10.77,0.66,0.0107
Cu,[110],STGB,FCC,SNAP,99,(-7 7 1),11.54,0.55,0.0082
Cu,[110],STGB,FCC,SNAP,73,(-6 6 1),13.44,0.62,0.0088
Cu,[110],STGB,FCC,SNAP,51,(-5 5 1),16.1,0.69,0.0106
Cu,[110],STGB,FCC,SNAP,83,(-9 9 2),17.86,0.82,0.0167
Cu,[110],STGB,FCC,SNAP,33,(-4 4 1),20.05,0.75,0.0119
Cu,[110],STGB,FCC,SNAP,19,(-3 3 1),26.53,0.78,0.0133
Cu,[110],STGB,FCC,SNAP,27,(-5 5 2),31.59,0.91,0.0188
Cu,[110],STGB,FCC,SNAP,89,(-2 2 -9),34.89,0.89,0.0157
Cu,[110],STGB,FCC,SNAP,9,(-1 1 -4),38.94,0.78,0.0131
Cu,[110],STGB,FCC,SNAP,57,(-2 2 -7),44,0.87,0.0153
Cu,[110],STGB,FCC,SNAP,59,(-5 5 3),45.98,0.59,0.0130
Cu,[110],STGB,FCC,SNAP,11,(-3 3 2),50.48,0.86,0.0150
Cu,[110],STGB,FCC,SNAP,41,(-3 3 -8),55.88,0.54,0.0098
Cu,[110],STGB,FCC,SNAP,97,(-5 5 -12),61.02,0.64,0.0104
Cu,[110],STGB,FCC,SNAP,67,(-3 3 -7),62.44,0.55,0.0082
Cu,[110],STGB,FCC,SNAP,3,(-1 1 1),70.53,0.03,0.0006
Cu,[110],STGB,FCC,SNAP,81,(7 -7 -8),77.88,0.48,0.0093
Cu,[110],STGB,FCC,SNAP,43,(5 -5 -6),80.63,0.55,0.0111
Cu,[110],STGB,FCC,SNAP,17,(3 -3 -4),86.63,0.71,0.0109
Cu,[110],STGB,FCC,SevenNet,51,(-5 5 1),16.1,0.58,0.0125
Cu,[110],STGB,FCC,SevenNet,33,(-4 4 1),20.05,0.53,0.0142
Cu,[110],STGB,FCC,SevenNet,19,(-3 3 1),26.53,0.58,0.0187
Cu,[110],STGB,FCC,SevenNet,27,(-5 5 2),31.59,0.77,0.0336
Cu,[110],STGB,FCC,SevenNet,9,(-1 1 -4),38.94,0.75,0.0529
Cu,[110],STGB,FCC,SevenNet,11,(-3 3 2),50.48,0.64,0.0246
Cu,[110],STGB,FCC,SevenNet,41,(-3 3 -8),55.88,0.65,0.0211
Cu,[110],STGB,FCC,SevenNet,43,(5 -5 -6),80.63,0.42,0.0125
Cu,[110],STGB,FCC,SevenNet,17,(3 -3 -4),86.63,0.53,0.0092
Cu,[110],STGB,FCC,UMA,289,(1 -1 24),6.74,1.10,0.0299
Cu,[110],STGB,FCC,UMA,73,(-6 6 1),13.44,1.82,0.0459
Cu,[110],STGB,FCC,UMA,51,(-5 5 1),16.1,1.68,0.0288
Cu,[110],STGB,FCC,UMA,33,(-4 4 1),20.05,1.44,0.0378
Cu,[110],STGB,FCC,UMA,19,(-3 3 1),26.53,1.32,0.0376
Cu,[110],STGB,FCC,UMA,27,(-5 5 2),31.59,1.60,0.0472
Cu,[110],STGB,FCC,UMA,9,(-1 1 -4),38.94,1.11,0.0411
Cu,[110],STGB,FCC,UMA,57,(-2 2 -7),44,1.93,0.0602
Cu,[110],STGB,FCC,UMA,11,(-3 3 2),50.48,1.25,0.0386
Cu,[110],STGB,FCC,UMA,41,(-3 3 -8),55.88,1.66,0.0375
Cu,[110],STGB,FCC,UMA,67,(-3 3 -7),62.44,1.66,0.0653
Cu,[110],STGB,FCC,UMA,3,(-1 1 1),70.53,0.18,0.0035
Cu,[110],STGB,FCC,UMA,81,(7 -7 -8),77.88,1.72,0.0407
Cu,[110],STGB,FCC,UMA,43,(5 -5 -6),80.63,1.44,0.0311
Cu,[110],STGB,FCC,UMA,17,(3 -3 -4),86.63,1.22,0.0216
Cu,[110],STGB,FCC,UNEP,129,(-8 8 1),10.1,0.63,0.0639
Cu,[110],STGB,FCC,UNEP,33,(-4 4 1),20.05,0.72,0.0670
Cu,[110],STGB,FCC,UNEP,9,(-1 1 -4),38.94,0.67,0.0427
Cu,[110],STGB,FCC,UNEP,57,(-2 2 -7),44,0.86,0.0679
Cu,[110],STGB,FCC,UNEP,3,(-1 1 1),70.53,0.03,0.0000
Cu,[110],STGB,FCC,UNEP,17,(3 -3 -4),86.63,0.66,0.0622
Cu,[110],STGB,FCC,eSEN,289,(1 -1 24),6.74,0.51,0.0236
Cu,[110],STGB,FCC,eSEN,129,(-8 8 1),10.1,0.77,0.0474
Cu,[110],STGB,FCC,eSEN,73,(-6 6 1),13.44,0.69,0.0464
Cu,[110],STGB,FCC,eSEN,51,(-5 5 1),16.1,0.80,0.0488
Cu,[110],STGB,FCC,eSEN,83,(-9 9 2),17.86,0.89,0.0548
Cu,[110],STGB,FCC,eSEN,33,(-4 4 1),20.05,0.72,0.0395
Cu,[110],STGB,FCC,eSEN,19,(-3 3 1),26.53,0.84,0.0494
Cu,[110],STGB,FCC,eSEN,27,(-5 5 2),31.59,0.97,0.0597
Cu,[110],STGB,FCC,eSEN,9,(-1 1 -4),38.94,0.74,0.0527
Cu,[110],STGB,FCC,eSEN,57,(-2 2 -7),44,0.95,0.0555
Cu,[110],STGB,FCC,eSEN,59,(-5 5 3),45.98,0.65,0.0406
Cu,[110],STGB,FCC,eSEN,11,(-3 3 2),50.48,0.92,0.0617
Cu,[110],STGB,FCC,eSEN,41,(-3 3 -8),55.88,0.60,0.0365
Cu,[110],STGB,FCC,eSEN,67,(-3 3 -7),62.44,0.60,0.0681
Cu,[110],STGB,FCC,eSEN,3,(-1 1 1),70.53,0.01,0.0014
Cu,[110],STGB,FCC,eSEN,81,(7 -7 -8),77.88,0.54,0.0406
Cu,[110],STGB,FCC,eSEN,43,(5 -5 -6),80.63,0.62,0.0335
Cu,[110],STGB,FCC,eSEN,17,(3 -3 -4),86.63,0.73,0.0032
Cu,[110],TWGB,FCC,ADP,289,(1 1 0),6.74,0.63,0.0130
Cu,[110],TWGB,FCC,ADP,243,(1 1 0),7.36,0.66,0.0132
Cu,[110],TWGB,FCC,ADP,201,(1 1 0),8.09,0.70,0.0142
Cu,[110],TWGB,FCC,ADP,291,(1 1 0),9.51,0.73,0.0149
Cu,[110],TWGB,FCC,ADP,129,(1 1 0),10.1,0.78,0.0163
Cu,[110],TWGB,FCC,ADP,227,(1 1 0),10.77,0.77,0.0159
Cu,[110],TWGB,FCC,ADP,99,(1 1 0),11.54,0.83,0.0179
Cu,[110],TWGB,FCC,ADP,73,(1 1 0),13.44,0.86,0.0187
Cu,[110],TWGB,FCC,ADP,51,(1 1 0),16.1,0.90,0.0203
Cu,[110],TWGB,FCC,ADP,83,(1 1 0),17.86,0.93,0.0211
Cu,[110],TWGB,FCC,ADP,33,(1 1 0),20.05,0.98,0.0227
Cu,[110],TWGB,FCC,ADP,19,(1 1 0),26.53,1.07,0.0254
Cu,[110],TWGB,FCC,ADP,27,(1 1 0),31.59,1.11,0.0265
Cu,[110],TWGB,FCC,ADP,89,(1 1 0),34.89,1.15,0.0278
Cu,[110],TWGB,FCC,ADP,9,(1 1 0),38.94,1.15,0.0274
Cu,[110],TWGB,FCC,ADP,57,(1 1 0),44,1.15,0.0278
Cu,[110],TWGB,FCC,ADP,59,(1 1 0),45.98,1.17,0.0291
Cu,[110],TWGB,FCC,ADP,11,(1 1 0),50.48,1.13,0.0272
Cu,[110],TWGB,FCC,ADP,41,(1 1 0),55.88,1.20,0.0296
Cu,[110],TWGB,FCC,ADP,97,(1 1 0),61.02,1.09,0.0247
Cu,[110],TWGB,FCC,ADP,67,(1 1 0),62.44,1.20,0.0286
Cu,[110],TWGB,FCC,ADP,3,(1 1 0),70.53,1.16,0.0228
Cu,[110],TWGB,FCC,ADP,81,(1 1 0),77.88,1.10,0.0252
Cu,[110],TWGB,FCC,ADP,43,(1 1 0),80.63,1.26,0.0325
Cu,[110],TWGB,FCC,ADP,17,(1 1 0),86.63,1.25,0.0326
Cu,[110],TWGB,FCC,EAM,289,(1 1 0),6.74,0.63,0.0130
Cu,[110],TWGB,FCC,EAM,243,(1 1 0),7.36,0.65,0.0130
Cu,[110],TWGB,FCC,EAM,201,(1 1 0),8.09,0.70,0.0142
Cu,[110],TWGB,FCC,EAM,291,(1 1 0),9.51,0.71,0.0143
Cu,[110],TWGB,FCC,EAM,129,(1 1 0),10.1,0.78,0.0163
Cu,[110],TWGB,FCC,EAM,227,(1 1 0),10.77,0.77,0.0158
Cu,[110],TWGB,FCC,EAM,99,(1 1 0),11.54,0.82,0.0176
Cu,[110],TWGB,FCC,EAM,73,(1 1 0),13.44,0.86,0.0186
Cu,[110],TWGB,FCC,EAM,51,(1 1 0),16.1,0.90,0.0202
Cu,[110],TWGB,FCC,EAM,83,(1 1 0),17.86,0.93,0.0211
Cu,[110],TWGB,FCC,EAM,33,(1 1 0),20.05,0.99,0.0225
Cu,[110],TWGB,FCC,EAM,19,(1 1 0),26.53,1.06,0.0254
Cu,[110],TWGB,FCC,EAM,27,(1 1 0),31.59,1.10,0.0263
Cu,[110],TWGB,FCC,EAM,89,(1 1 0),34.89,1.15,0.0278
Cu,[110],TWGB,FCC,EAM,9,(1 1 0),38.94,1.15,0.0271
Cu,[110],TWGB,FCC,EAM,57,(1 1 0),44,1.14,0.0278
Cu,[110],TWGB,FCC,EAM,59,(1 1 0),45.98,1.17,0.0284
Cu,[110],TWGB,FCC,EAM,11,(1 1 0),50.48,1.12,0.0271
Cu,[110],TWGB,FCC,EAM,41,(1 1 0),55.88,1.20,0.0297
Cu,[110],TWGB,FCC,EAM,97,(1 1 0),61.02,1.11,0.0250
Cu,[110],TWGB,FCC,EAM,67,(1 1 0),62.44,1.20,0.0286
Cu,[110],TWGB,FCC,EAM,3,(1 1 0),70.53,1.16,0.0225
Cu,[110],TWGB,FCC,EAM,81,(1 1 0),77.88,1.09,0.0250
Cu,[110],TWGB,FCC,EAM,43,(1 1 0),80.63,1.22,0.0302
Cu,[110],TWGB,FCC,EAM,17,(1 1 0),86.63,1.25,0.0326
Cu,[110],TWGB,FCC,GRACE,19,(1 1 0),26.53,1.05,0.0262
Cu,[110],TWGB,FCC,GRACE,57,(1 1 0),44,1.17,0.0256
Cu,[110],TWGB,FCC,GRACE,59,(1 1 0),45.98,1.15,0.0252
Cu,[110],TWGB,FCC,GRACE,11,(1 1 0),50.48,1.21,0.0258
Cu,[110],TWGB,FCC,MACE,33,(1 1 0),20.05,0.88,0.0217
Cu,[110],TWGB,FCC,MACE,19,(1 1 0),26.53,0.96,0.0261
Cu,[110],TWGB,FCC,MACE,27,(1 1 0),31.59,1.06,0.0246
Cu,[110],TWGB,FCC,MACE,9,(1 1 0),38.94,1.09,0.0173
Cu,[110],TWGB,FCC,MACE,11,(1 1 0),50.48,1.10,0.0231
Cu,[110],TWGB,FCC,MACE,41,(1 1 0),55.88,1.04,0.0193
Cu,[110],TWGB,FCC,MACE,3,(1 1 0),70.53,1.15,0.0149
Cu,[110],TWGB,FCC,MACE,43,(1 1 0),80.63,1.06,0.0179
Cu,[110],TWGB,FCC,MACE,17,(1 1 0),86.63,1.05,0.0218
Cu,[110],TWGB,FCC,MEAM,289,(1 1 0),6.74,0.76,0.0193
Cu,[110],TWGB,FCC,MEAM,243,(1 1 0),7.36,0.81,0.0214
Cu,[110],TWGB,FCC,MEAM,201,(1 1 0),8.09,0.85,0.0218
Cu,[110],TWGB,FCC,MEAM,291,(1 1 0),9.51,0.90,0.0236
Cu,[110],TWGB,FCC,MEAM,129,(1 1 0),10.1,0.94,0.0249
Cu,[110],TWGB,FCC,MEAM,227,(1 1 0),10.77,0.95,0.0253
Cu,[110],TWGB,FCC,MEAM,99,(1 1 0),11.54,1.01,0.0274
Cu,[110],TWGB,FCC,MEAM,73,(1 1 0),13.44,1.06,0.0295
Cu,[110],TWGB,FCC,MEAM,51,(1 1 0),16.1,1.08,0.0283
Cu,[110],TWGB,FCC,MEAM,83,(1 1 0),17.86,1.12,0.0294
Cu,[110],TWGB,FCC,MEAM,33,(1 1 0),20.05,1.15,0.0303
Cu,[110],TWGB,FCC,MEAM,19,(1 1 0),26.53,1.35,0.0427
Cu,[110],TWGB,FCC,MEAM,27,(1 1 0),31.59,1.33,0.0391
Cu,[110],TWGB,FCC,MEAM,89,(1 1 0),34.89,1.35,0.0411
Cu,[110],TWGB,FCC,MEAM,9,(1 1 0),38.94,1.34,0.0370
Cu,[110],TWGB,FCC,MEAM,57,(1 1 0),44,1.36,0.0397
Cu,[110],TWGB,FCC,MEAM,59,(1 1 0),45.98,1.38,0.0407
Cu,[110],TWGB,FCC,MEAM,11,(1 1 0),50.48,1.40,0.0387
Cu,[110],TWGB,FCC,MEAM,41,(1 1 0),55.88,1.38,0.0402
Cu,[110],TWGB,FCC,MEAM,97,(1 1 0),61.02,1.38,0.0402
Cu,[110],TWGB,FCC,MEAM,67,(1 1 0),62.44,1.36,0.0379
Cu,[110],TWGB,FCC,MEAM,3,(1 1 0),70.53,1.40,0.0491
Cu,[110],TWGB,FCC,MEAM,81,(1 1 0),77.88,1.33,0.0385
Cu,[110],TWGB,FCC,MEAM,43,(1 1 0),80.63,1.33,0.0383
Cu,[110],TWGB,FCC,MEAM,17,(1 1 0),86.63,1.30,0.0384
Cu,[110],TWGB,FCC,ORB,33,(1 1 0),20.05,0.90,0.0227
Cu,[110],TWGB,FCC,ORB,19,(1 1 0),26.53,0.92,0.0226
Cu,[110],TWGB,FCC,ORB,27,(1 1 0),31.59,0.95,0.0243
Cu,[110],TWGB,FCC,ORB,9,(1 1 0),38.94,1.01,0.0137
Cu,[110],TWGB,FCC,ORB,11,(1 1 0),50.48,1.04,0.0233
Cu,[110],TWGB,FCC,ORB,41,(1 1 0),55.88,1.06,0.0200
Cu,[110],TWGB,FCC,ORB,3,(1 1 0),70.53,1.06,0.0078
Cu,[110],TWGB,FCC,ORB,17,(1 1 0),86.63,1.07,0.0225
Cu,[110],TWGB,FCC,SNAP,289,(1 1 0),6.74,0.61,0.0099
Cu,[110],TWGB,FCC,SNAP,243,(1 1 0),7.36,0.65,0.0107
Cu,[110],TWGB,FCC,SNAP,201,(1 1 0),8.09,0.67,0.0112
Cu,[110],TWGB,FCC,SNAP,291,(1 1 0),9.51,0.72,0.0120
Cu,[110],TWGB,FCC,SNAP,129,(1 1 0),10.1,0.74,0.0124
Cu,[110],TWGB,FCC,SNAP,227,(1 1 0),10.77,0.77,0.0131
Cu,[110],TWGB,FCC,SNAP,99,(1 1 0),11.54,0.79,0.0137
Cu,[110],TWGB,FCC,SNAP,73,(1 1 0),13.44,0.82,0.0142
Cu,[110],TWGB,FCC,SNAP,51,(1 1 0),16.1,0.91,0.0158
Cu,[110],TWGB,FCC,SNAP,83,(1 1 0),17.86,0.92,0.0163
Cu,[110],TWGB,FCC,SNAP,33,(1 1 0),20.05,0.97,0.0174
Cu,[110],TWGB,FCC,SNAP,19,(1 1 0),26.53,1.03,0.0180
Cu,[110],TWGB,FCC,SNAP,27,(1 1 0),31.59,1.06,0.0199
Cu,[110],TWGB,FCC,SNAP,89,(1 1 0),34.89,1.12,0.0203
Cu,[110],TWGB,FCC,SNAP,9,(1 1 0),38.94,1.12,0.0216
Cu,[110],TWGB,FCC,SNAP,57,(1 1 0),44,1.16,0.0214
Cu,[110],TWGB,FCC,SNAP,59,(1 1 0),45.98,1.13,0.0210
Cu,[110],TWGB,FCC,SNAP,11,(1 1 0),50.48,1.05,0.0185
Cu,[110],TWGB,FCC,SNAP,41,(1 1 0),55.88,1.13,0.0207
Cu,[110],TWGB,FCC,SNAP,97,(1 1 0),61.02,1.18,0.0230
Cu,[110],TWGB,FCC,SNAP,67,(1 1 0),62.44,1.09,0.0200
Cu,[110],TWGB,FCC,SNAP,3,(1 1 0),70.53,1.12,0.0248
Cu,[110],TWGB,FCC,SNAP,81,(1 1 0),77.88,1.15,0.0235
Cu,[110],TWGB,FCC,SNAP,43,(1 1 0),80.63,1.14,0.0231
Cu,[110],TWGB,FCC,SNAP,17,(1 1 0),86.63,1.12,0.0234
Cu,[110],TWGB,FCC,SevenNet,51,(1 1 0),16.1,0.58,0.0125
Cu,[110],TWGB,FCC,SevenNet,33,(1 1 0),20.05,0.53,0.0142
Cu,[110],TWGB,FCC,SevenNet,19,(1 1 0),26.53,0.58,0.0187
Cu,[110],TWGB,FCC,SevenNet,27,(1 1 0),31.59,0.77,0.0336
Cu,[110],TWGB,FCC,SevenNet,9,(1 1 0),38.94,0.75,0.0529
Cu,[110],TWGB,FCC,SevenNet,11,(1 1 0),50.48,0.64,0.0246
Cu,[110],TWGB,FCC,SevenNet,41,(1 1 0),55.88,0.65,0.0211
Cu,[110],TWGB,FCC,SevenNet,43,(1 1 0),80.63,0.42,0.0125
Cu,[110],TWGB,FCC,SevenNet,17,(1 1 0),86.63,0.53,0.0092
Cu,[110],TWGB,FCC,UMA,33,(1 1 0),20.05,1.34,0.0344
Cu,[110],TWGB,FCC,UMA,19,(1 1 0),26.53,1.43,0.0360
Cu,[110],TWGB,FCC,UMA,27,(1 1 0),31.59,1.54,0.0380
Cu,[110],TWGB,FCC,UMA,9,(1 1 0),38.94,1.57,0.0298
Cu,[110],TWGB,FCC,UMA,11,(1 1 0),50.48,1.58,0.0375
Cu,[110],TWGB,FCC,UMA,41,(1 1 0),55.88,1.49,0.0319
Cu,[110],TWGB,FCC,UMA,3,(1 1 0),70.53,1.62,0.0261
Cu,[110],TWGB,FCC,UMA,43,(1 1 0),80.63,1.50,0.0297
Cu,[110],TWGB,FCC,UMA,17,(1 1 0),86.63,1.49,0.0332
Cu,[110],TWGB,FCC,UNEP,289,(1 1 0),6.74,0.58,0.0129
Cu,[110],TWGB,FCC,UNEP,83,(1 1 0),17.86,1.36,0.0237
Cu,[110],TWGB,FCC,UNEP,19,(1 1 0),26.53,1.03,0.0304
Cu,[110],TWGB,FCC,UNEP,27,(1 1 0),31.59,1.58,0.0263
Cu,[110],TWGB,FCC,UNEP,9,(1 1 0),38.94,1.05,0.0314
Cu,[110],TWGB,FCC,UNEP,11,(1 1 0),50.48,1.06,0.0282
Cu,[110],TWGB,FCC,UNEP,97,(1 1 0),61.02,1.71,0.0269
Cu,[110],TWGB,FCC,UNEP,3,(1 1 0),70.53,1.08,0.0340
Cu,[110],TWGB,FCC,UNEP,43,(1 1 0),80.63,1.44,0.0309
Cu,[110],TWGB,FCC,UNEP,17,(1 1 0),86.63,1.10,0.0330
Cu,[110],TWGB,FCC,eSEN,73,(1 1 0),13.44,0.80,0.0235
Cu,[110],TWGB,FCC,eSEN,51,(1 1 0),16.1,0.84,0.0243
Cu,[110],TWGB,FCC,eSEN,83,(1 1 0),17.86,0.88,0.0281
Cu,[110],TWGB,FCC,eSEN,33,(1 1 0),20.05,1.00,0.0310
Cu,[110],TWGB,FCC,eSEN,19,(1 1 0),26.53,0.99,0.0281
Cu,[110],TWGB,FCC,eSEN,89,(1 1 0),34.89,1.09,0.0296
Cu,[110],TWGB,FCC,eSEN,9,(1 1 0),38.94,1.22,0.0233
Cu,[110],TWGB,FCC,eSEN,57,(1 1 0),44,1.14,0.0292
Cu,[110],TWGB,FCC,eSEN,59,(1 1 0),45.98,1.15,0.0287
Cu,[110],TWGB,FCC,eSEN,11,(1 1 0),50.48,1.23,0.0292
Cu,[110],TWGB,FCC,eSEN,41,(1 1 0),55.88,1.14,0.0309
Cu,[110],TWGB,FCC,eSEN,67,(1 1 0),62.44,1.21,0.0228
Cu,[110],TWGB,FCC,eSEN,3,(1 1 0),70.53,1.30,0.0446
Cu,[110],TWGB,FCC,eSEN,81,(1 1 0),77.88,1.23,0.0281
Cu,[110],TWGB,FCC,eSEN,43,(1 1 0),80.63,1.22,0.0365
Cu,[110],TWGB,FCC,eSEN,17,(1 1 0),86.63,1.20,0.0417
Cu,[111],STGB,FCC,ADP,273,(1 -17 16),6.01,0.68,0.0129
Cu,[111],STGB,FCC,ADP,241,(31 -14 -17),6.4,0.76,0.0145
Cu,[111],STGB,FCC,ADP,211,(29 -13 -16),6.84,0.79,0.0151
Cu,[111],STGB,FCC,ADP,183,(1 -14 13),7.34,0.83,0.0158
Cu,[111],STGB,FCC,ADP,157,(25 -11 -14),7.93,0.72,0.0144
Cu,[111],STGB,FCC,ADP,133,(23 -10 -13),8.61,0.81,0.0154
Cu,[111],STGB,FCC,ADP,111,(1 -11 10),9.43,0.99,0.0220
Cu,[111],STGB,FCC,ADP,91,(19 -8 -11),10.42,1.20,0.0247
Cu,[111],STGB,FCC,ADP,73,(17 -7 -10),11.64,1.18,0.0245
Cu,[111],STGB,FCC,ADP,57,(1 -8 7),13.17,0.88,0.0186
Cu,[111],STGB,FCC,ADP,43,(13 -5 -8),15.18,1.19,0.0265
Cu,[111],STGB,FCC,ADP,31,(11 -4 -7),17.9,1.17,0.0262
Cu,[111],STGB,FCC,ADP,21,(1 -5 4),21.79,1.00,0.0225
Cu,[111],STGB,FCC,ADP,67,(16 -5 -11),24.43,1.44,0.0318
Cu,[111],STGB,FCC,ADP,13,(7 -2 -5),27.8,1.13,0.0261
Cu,[111],STGB,FCC,ADP,97,(19 -5 -14),30.59,1.55,0.0347
Cu,[111],STGB,FCC,ADP,39,(2 -7 5),32.2,1.14,0.0271
Cu,[111],STGB,FCC,ADP,79,(17 -4 -13),33.99,1.54,0.0347
Cu,[111],STGB,FCC,ADP,7,(5 -1 -4),38.21,1.03,0.0238
Cu,[111],STGB,FCC,ADP,93,(4 -11 7),42.1,1.25,0.0293
Cu,[111],STGB,FCC,ADP,49,(13 -2 -11),43.57,1.36,0.0310
Cu,[111],STGB,FCC,ADP,19,(8 -1 -7),46.83,1.19,0.0255
Cu,[111],STGB,FCC,ADP,37,(11 -1 -10),50.57,1.26,0.0278
Cu,[111],STGB,FCC,ADP,61,(14 -1 -13),52.66,1.37,0.0301
Cu,[111],STGB,FCC,ADP,3,(1 -2 1),60,0.65,0.0124
Cu,[111],STGB,FCC,EAM,273,(1 -17 16),6.01,0.72,0.0098
Cu,[111],STGB,FCC,EAM,241,(31 -14 -17),6.4,0.75,0.0117
Cu,[111],STGB,FCC,EAM,211,(29 -13 -16),6.84,0.84,0.0128
Cu,[111],STGB,FCC,EAM,183,(1 -14 13),7.34,0.83,0.0113
Cu,[111],STGB,FCC,EAM,157,(25 -11 -14),7.93,0.71,0.0119
Cu,[111],STGB,FCC,EAM,133,(23 -10 -13),8.61,0.72,0.0125
Cu,[111],STGB,FCC,EAM,111,(1 -11 10),9.43,0.89,0.0128
Cu,[111],STGB,FCC,EAM,91,(19 -8 -11),10.42,1.20,0.0174
Cu,[111],STGB,FCC,EAM,73,(17 -7 -10),11.64,1.18,0.0175
Cu,[111],STGB,FCC,EAM,57,(1 -8 7),13.17,1.02,0.0210
Cu,[111],STGB,FCC,EAM,43,(13 -5 -8),15.18,1.22,0.0224
Cu,[111],STGB,FCC,EAM,31,(11 -4 -7),17.9,1.16,0.0220
Cu,[111],STGB,FCC,EAM,21,(1 -5 4),21.79,1.05,0.0207
Cu,[111],STGB,FCC,EAM,67,(16 -5 -11),24.43,1.46,0.0253
Cu,[111],STGB,FCC,EAM,13,(7 -2 -5),27.8,1.14,0.0236
Cu,[111],STGB,FCC,EAM,97,(19 -5 -14),30.59,1.55,0.0278
Cu,[111],STGB,FCC,EAM,39,(2 -7 5),32.2,1.14,0.0239
Cu,[111],STGB,FCC,EAM,79,(17 -4 -13),33.99,1.54,0.0275
Cu,[111],STGB,FCC,EAM,7,(5 -1 -4),38.21,1.03,0.0221
Cu,[111],STGB,FCC,EAM,93,(4 -11 7),42.1,1.30,0.0254
Cu,[111],STGB,FCC,EAM,49,(13 -2 -11),43.57,1.36,0.0257
Cu,[111],STGB,FCC,EAM,19,(8 -1 -7),46.83,1.20,0.0221
Cu,[111],STGB,FCC,EAM,37,(11 -1 -10),50.57,1.24,0.0229
Cu,[111],STGB,FCC,EAM,61,(14 -1 -13),52.66,1.38,0.0252
Cu,[111],STGB,FCC,EAM,3,(1 -2 1),60,0.65,0.0119
Cu,[111],STGB,FCC,GRACE,273,(1 -17 16),6.01,0.56,0.0119
Cu,[111],STGB,FCC,GRACE,241,(31 -14 -17),6.4,0.54,0.0186
Cu,[111],STGB,FCC,GRACE,211,(29 -13 -16),6.84,0.57,0.0196
Cu,[111],STGB,FCC,GRACE,183,(1 -14 13),7.34,0.51,0.0128
Cu,[111],STGB,FCC,GRACE,157,(25 -11 -14),7.93,0.59,0.0194
Cu,[111],STGB,FCC,GRACE,133,(23 -10 -13),8.61,0.62,0.0207
Cu,[111],STGB,FCC,GRACE,111,(1 -11 10),9.43,0.68,0.0165
Cu,[111],STGB,FCC,GRACE,91,(19 -8 -11),10.42,0.64,0.0200
Cu,[111],STGB,FCC,GRACE,73,(17 -7 -10),11.64,0.68,0.0216
Cu,[111],STGB,FCC,GRACE,57,(1 -8 7),13.17,0.71,0.0181
Cu,[111],STGB,FCC,GRACE,43,(13 -5 -8),15.18,0.74,0.0230
Cu,[111],STGB,FCC,GRACE,31,(11 -4 -7),17.9,0.80,0.0254
Cu,[111],STGB,FCC,GRACE,21,(1 -5 4),21.79,0.89,0.0231
Cu,[111],STGB,FCC,GRACE,67,(16 -5 -11),24.43,0.89,0.0275
Cu,[111],STGB,FCC,GRACE,13,(7 -2 -5),27.8,0.90,0.0255
Cu,[111],STGB,FCC,GRACE,97,(19 -5 -14),30.59,1.01,0.0289
Cu,[111],STGB,FCC,GRACE,39,(2 -7 5),32.2,0.98,0.0260
Cu,[111],STGB,FCC,GRACE,79,(17 -4 -13),33.99,0.94,0.0254
Cu,[111],STGB,FCC,GRACE,7,(5 -1 -4),38.21,0.86,0.0223
Cu,[111],STGB,FCC,GRACE,93,(4 -11 7),42.1,0.95,0.0262
Cu,[111],STGB,FCC,GRACE,49,(13 -2 -11),43.57,0.89,0.0228
Cu,[111],STGB,FCC,GRACE,19,(8 -1 -7),46.83,0.92,0.0222
Cu,[111],STGB,FCC,GRACE,37,(11 -1 -10),50.57,0.88,0.0194
Cu,[111],STGB,FCC,GRACE,61,(14 -1 -13),52.66,0.94,0.0227
Cu,[111],STGB,FCC,GRACE,3,(1 -2 1),60,0.72,0.0114
Cu,[111],STGB,FCC,MACE,57,(1 -8 7),13.17,0.64,0.0165
Cu,[111],STGB,FCC,MACE,21,(1 -5 4),21.79,0.96,0.0338
Cu,[111],STGB,FCC,MACE,13,(7 -2 -5),27.8,0.84,0.0239
Cu,[111],STGB,FCC,MACE,39,(2 -7 5),32.2,0.91,0.0233
Cu,[111],STGB,FCC,MACE,7,(5 -1 -4),38.21,0.80,0.0201
Cu,[111],STGB,FCC,MACE,19,(8 -1 -7),46.83,0.84,0.0196
Cu,[111],STGB,FCC,MACE,3,(1 -2 1),60,0.67,0.0097
Cu,[111],STGB,FCC,MEAM,273,(1 -17 16),6.01,0.74,0.0192
Cu,[111],STGB,FCC,MEAM,241,(31 -14 -17),6.4,1.19,0.0270
Cu,[111],STGB,FCC,MEAM,211,(29 -13 -16),6.84,1.32,0.0302
Cu,[111],STGB,FCC,MEAM,183,(1 -14 13),7.34,0.92,0.0222
Cu,[111],STGB,FCC,MEAM,157,(25 -11 -14),7.93,1.76,0.0412
Cu,[111],STGB,FCC,MEAM,133,(23 -10 -13),8.61,1.16,0.0315
Cu,[111],STGB,FCC,MEAM,111,(1 -11 10),9.43,1.04,0.0261
Cu,[111],STGB,FCC,MEAM,91,(19 -8 -11),10.42,1.60,0.0497
Cu,[111],STGB,FCC,MEAM,73,(17 -7 -10),11.64,1.47,0.0437
Cu,[111],STGB,FCC,MEAM,57,(1 -8 7),13.17,2.50,0.1098
Cu,[111],STGB,FCC,MEAM,43,(13 -5 -8),15.18,1.50,0.0384
Cu,[111],STGB,FCC,MEAM,31,(11 -4 -7),17.9,1.49,0.0372
Cu,[111],STGB,FCC,MEAM,21,(1 -5 4),21.79,3.42,0.0901
Cu,[111],STGB,FCC,MEAM,67,(16 -5 -11),24.43,1.77,0.0509
Cu,[111],STGB,FCC,MEAM,13,(7 -2 -5),27.8,1.26,0.0322
Cu,[111],STGB,FCC,MEAM,97,(19 -5 -14),30.59,1.76,0.0487
Cu,[111],STGB,FCC,MEAM,39,(2 -7 5),32.2,2.22,0.0936
Cu,[111],STGB,FCC,MEAM,79,(17 -4 -13),33.99,1.83,0.0527
Cu,[111],STGB,FCC,MEAM,7,(5 -1 -4),38.21,1.13,0.0259
Cu,[111],STGB,FCC,MEAM,93,(4 -11 7),42.1,2.16,0.0750
Cu,[111],STGB,FCC,MEAM,49,(13 -2 -11),43.57,1.42,0.0375
Cu,[111],STGB,FCC,MEAM,19,(8 -1 -7),46.83,1.46,0.0393
Cu,[111],STGB,FCC,MEAM,37,(11 -1 -10),50.57,2.69,0.0625
Cu,[111],STGB,FCC,MEAM,61,(14 -1 -13),52.66,2.57,0.0638
Cu,[111],STGB,FCC,MEAM,3,(1 -2 1),60,1.01,0.0214
Cu,[111],STGB,FCC,ORB,21,(1 -5 4),21.79,0.98,0.0372
Cu,[111],STGB,FCC,ORB,13,(7 -2 -5),27.8,0.85,0.0272
Cu,[111],STGB,FCC,ORB,39,(2 -7 5),32.2,0.92,0.0181
Cu,[111],STGB,FCC,ORB,7,(5 -1 -4),38.21,0.80,0.0277
Cu,[111],STGB,FCC,ORB,3,(1 -2 1),60,0.65,0.0071
Cu,[111],STGB,FCC,SNAP,273,(1 -17 16),6.01,0.42,0.0074
Cu,[111],STGB,FCC,SNAP,241,(31 -14 -17),6.4,0.49,0.0085
Cu,[111],STGB,FCC,SNAP,211,(29 -13 -16),6.84,0.53,0.0099
Cu,[111],STGB,FCC,SNAP,183,(1 -14 13),7.34,0.52,0.0101
Cu,[111],STGB,FCC,SNAP,157,(25 -11 -14),7.93,0.65,0.0114
Cu,[111],STGB,FCC,SNAP,133,(23 -10 -13),8.61,0.68,0.0129
Cu,[111],STGB,FCC,SNAP,111,(1 -11 10),9.43,0.57,0.0106
Cu,[111],STGB,FCC,SNAP,91,(19 -8 -11),10.42,0.65,0.0110
Cu,[111],STGB,FCC,SNAP,73,(17 -7 -10),11.64,0.68,0.0113
Cu,[111],STGB,FCC,SNAP,57,(1 -8 7),13.17,0.65,0.0106
Cu,[111],STGB,FCC,SNAP,43,(13 -5 -8),15.18,0.78,0.0128
Cu,[111],STGB,FCC,SNAP,31,(11 -4 -7),17.9,0.99,0.0190
Cu,[111],STGB,FCC,SNAP,21,(1 -5 4),21.79,0.82,0.0135
Cu,[111],STGB,FCC,SNAP,67,(16 -5 -11),24.43,0.92,0.0164
Cu,[111],STGB,FCC,SNAP,13,(7 -2 -5),27.8,0.94,0.0173
Cu,[111],STGB,FCC,SNAP,97,(19 -5 -14),30.59,1.02,0.0191
Cu,[111],STGB,FCC,SNAP,39,(2 -7 5),32.2,0.92,0.0164
Cu,[111],STGB,FCC,SNAP,79,(17 -4 -13),33.99,1.01,0.0186
Cu,[111],STGB,FCC,SNAP,7,(5 -1 -4),38.21,0.87,0.0148
Cu,[111],STGB,FCC,SNAP,93,(4 -11 7),42.1,0.98,0.0184
Cu,[111],STGB,FCC,SNAP,49,(13 -2 -11),43.57,0.93,0.0163
Cu,[111],STGB,FCC,SNAP,19,(8 -1 -7),46.83,1.12,0.0227
Cu,[111],STGB,FCC,SNAP,37,(11 -1 -10),50.57,1.21,0.0251
Cu,[111],STGB,FCC,SNAP,61,(14 -1 -13),52.66,1.24,0.0266
Cu,[111],STGB,FCC,SNAP,3,(1 -2 1),60,0.63,0.0083
Cu,[111],STGB,FCC,SevenNet,21,(1 -5 4),21.79,0.28,0.0109
Cu,[111],STGB,FCC,SevenNet,13,(7 -2 -5),27.8,0.28,0.0112
Cu,[111],STGB,FCC,SevenNet,39,(2 -7 5),32.2,0.28,0.0112
Cu,[111],STGB,FCC,SevenNet,7,(5 -1 -4),38.21,0.28,0.0110
Cu,[111],STGB,FCC,UMA,57,(1 -8 7),13.17,1.79,0.0414
Cu,[111],STGB,FCC,UMA,21,(1 -5 4),21.79,1.67,0.0521
Cu,[111],STGB,FCC,UMA,13,(7 -2 -5),27.8,1.80,0.0499
Cu,[111],STGB,FCC,UMA,39,(2 -7 5),32.2,1.87,0.0487
Cu,[111],STGB,FCC,UMA,7,(5 -1 -4),38.21,1.55,0.0380
Cu,[111],STGB,FCC,UMA,93,(4 -11 7),42.1,2.33,0.0499
Cu,[111],STGB,FCC,UMA,19,(8 -1 -7),46.83,2.01,0.0391
Cu,[111],STGB,FCC,UMA,3,(1 -2 1),60,0.93,0.0192
Cu,[111],STGB,FCC,UNEP,273,(1 -17 16),6.01,0.48,0.0699
Cu,[111],STGB,FCC,UNEP,241,(31 -14 -17),6.4,0.67,0.0238
Cu,[111],STGB,FCC,UNEP,211,(29 -13 -16),6.84,0.67,0.0357
Cu,[111],STGB,FCC,UNEP,183,(1 -14 13),7.34,0.62,0.0758
Cu,[111],STGB,FCC,UNEP,133,(23 -10 -13),8.61,0.73,0.0193
Cu,[111],STGB,FCC,UNEP,111,(1 -11 10),9.43,0.66,0.0730
Cu,[111],STGB,FCC,UNEP,91,(19 -8 -11),10.42,0.70,0.0233
Cu,[111],STGB,FCC,UNEP,73,(17 -7 -10),11.64,0.81,0.0173
Cu,[111],STGB,FCC,UNEP,57,(1 -8 7),13.17,0.75,0.0679
Cu,[111],STGB,FCC,UNEP,43,(13 -5 -8),15.18,0.81,0.0226
Cu,[111],STGB,FCC,UNEP,31,(11 -4 -7),17.9,0.86,0.0133
Cu,[111],STGB,FCC,UNEP,21,(1 -5 4),21.79,0.78,0.0560
Cu,[111],STGB,FCC,UNEP,67,(16 -5 -11),24.43,0.98,0.0181
Cu,[111],STGB,FCC,UNEP,13,(7 -2 -5),27.8,0.90,0.0205
Cu,[111],STGB,FCC,UNEP,97,(19 -5 -14),30.59,0.95,0.0226
Cu,[111],STGB,FCC,UNEP,39,(2 -7 5),32.2,0.88,0.0616
Cu,[111],STGB,FCC,UNEP,79,(17 -4 -13),33.99,0.92,0.0417
Cu,[111],STGB,FCC,UNEP,7,(5 -1 -4),38.21,0.86,0.0000
Cu,[111],STGB,FCC,UNEP,93,(4 -11 7),42.1,0.88,0.0665
Cu,[111],STGB,FCC,UNEP,49,(13 -2 -11),43.57,0.93,0.0212
Cu,[111],STGB,FCC,UNEP,19,(8 -1 -7),46.83,0.88,0.0170
Cu,[111],STGB,FCC,UNEP,37,(11 -1 -10),50.57,0.88,0.0487
Cu,[111],STGB,FCC,UNEP,61,(14 -1 -13),52.66,0.91,0.0379
Cu,[111],STGB,FCC,UNEP,3,(1 -2 1),60,0.70,0.0740
Cu,[111],STGB,FCC,eSEN,273,(1 -17 16),6.01,0.78,0.0519
Cu,[111],STGB,FCC,eSEN,183,(1 -14 13),7.34,0.75,0.0166
Cu,[111],STGB,FCC,eSEN,157,(25 -11 -14),7.93,0.66,0.0348
Cu,[111],STGB,FCC,eSEN,111,(1 -11 10),9.43,0.79,0.0499
Cu,[111],STGB,FCC,eSEN,57,(1 -8 7),13.17,0.87,0.0527
Cu,[111],STGB,FCC,eSEN,31,(11 -4 -7),17.9,0.81,0.0316
Cu,[111],STGB,FCC,eSEN,21,(1 -5 4),21.79,1.05,0.0602
Cu,[111],STGB,FCC,eSEN,13,(7 -2 -5),27.8,0.91,0.0306
Cu,[111],STGB,FCC,eSEN,39,(2 -7 5),32.2,1.12,0.0542
Cu,[111],STGB,FCC,eSEN,7,(5 -1 -4),38.21,0.85,0.0280
Cu,[111],STGB,FCC,eSEN,93,(4 -11 7),42.1,1.14,0.0504
Cu,[111],STGB,FCC,eSEN,19,(8 -1 -7),46.83,0.93,0.0288
Cu,[111],STGB,FCC,eSEN,3,(1 -2 1),60,0.99,0.0708
Cu,[111],TWGB,FCC,ADP,109,(1 1 1),6.01,0.35,0.0070
Cu,[111],TWGB,FCC,ADP,241,(1 1 1),6.4,0.26,0.0046
Cu,[111],TWGB,FCC,ADP,211,(1 1 1),6.84,0.26,0.0049
Cu,[111],TWGB,FCC,ADP,183,(1 1 1),7.34,0.33,0.0061
Cu,[111],TWGB,FCC,ADP,157,(1 1 1),7.93,0.29,0.0056
Cu,[111],TWGB,FCC,ADP,133,(1 1 1),8.61,0.31,0.0061
Cu,[111],TWGB,FCC,ADP,103,(1 1 1),9.43,0.40,0.0090
Cu,[111],TWGB,FCC,ADP,91,(1 1 1),10.42,0.36,0.0074
Cu,[111],TWGB,FCC,ADP,73,(1 1 1),11.64,0.39,0.0080
Cu,[111],TWGB,FCC,ADP,57,(1 1 1),13.17,0.41,0.0086
Cu,[111],TWGB,FCC,ADP,43,(1 1 1),15.18,0.42,0.0091
Cu,[111],TWGB,FCC,ADP,31,(1 1 1),17.9,0.43,0.0095
Cu,[111],TWGB,FCC,ADP,21,(1 1 1),21.79,0.44,0.0100
Cu,[111],TWGB,FCC,ADP,67,(1 1 1),24.43,0.44,0.0099
Cu,[111],TWGB,FCC,ADP,13,(1 1 1),27.8,0.45,0.0101
Cu,[111],TWGB,FCC,ADP,97,(1 1 1),30.59,0.43,0.0096
Cu,[111],TWGB,FCC,ADP,39,(1 1 1),32.2,0.45,0.0102
Cu,[111],TWGB,FCC,ADP,79,(1 1 1),33.99,0.42,0.0096
Cu,[111],TWGB,FCC,ADP,7,(1 1 1),38.21,0.44,0.0100
Cu,[111],TWGB,FCC,ADP,93,(1 1 1),42.1,0.43,0.0095
Cu,[111],TWGB,FCC,ADP,49,(1 1 1),43.57,0.42,0.0092
Cu,[111],TWGB,FCC,ADP,19,(1 1 1),46.83,0.41,0.0086
Cu,[111],TWGB,FCC,ADP,37,(1 1 1),50.57,0.37,0.0074
Cu,[111],TWGB,FCC,ADP,61,(1 1 1),52.66,0.35,0.0066
Cu,[111],TWGB,FCC,ADP,3,(1 1 1),60,0.13,0.0021
Cu,[111],TWGB,FCC,EAM,109,(1 1 1),6.01,0.35,0.0070
Cu,[111],TWGB,FCC,EAM,241,(1 1 1),6.4,0.26,0.0046
Cu,[111],TWGB,FCC,EAM,211,(1 1 1),6.84,0.26,0.0049
Cu,[111],TWGB,FCC,EAM,183,(1 1 1),7.34,0.33,0.0061
Cu,[111],TWGB,FCC,EAM,157,(1 1 1),7.93,0.29,0.0056
Cu,[111],TWGB,FCC,EAM,133,(1 1 1),8.61,0.31,0.0061
Cu,[111],TWGB,FCC,EAM,103,(1 1 1),9.43,0.40,0.0090
Cu,[111],TWGB,FCC,EAM,91,(1 1 1),10.42,0.36,0.0074
Cu,[111],TWGB,FCC,EAM,73,(1 1 1),11.64,0.39,0.0080
Cu,[111],TWGB,FCC,EAM,57,(1 1 1),13.17,0.41,0.0087
Cu,[111],TWGB,FCC,EAM,43,(1 1 1),15.18,0.42,0.0091
Cu,[111],TWGB,FCC,EAM,31,(1 1 1),17.9,0.43,0.0095
Cu,[111],TWGB,FCC,EAM,21,(1 1 1),21.79,0.44,0.0099
Cu,[111],TWGB,FCC,EAM,67,(1 1 1),24.43,0.44,0.0099
Cu,[111],TWGB,FCC,EAM,13,(1 1 1),27.8,0.45,0.0100
Cu,[111],TWGB,FCC,EAM,97,(1 1 1),30.59,0.42,0.0096
Cu,[111],TWGB,FCC,EAM,39,(1 1 1),32.2,0.45,0.0102
Cu,[111],TWGB,FCC,EAM,79,(1 1 1),33.99,0.42,0.0096
Cu,[111],TWGB,FCC,EAM,7,(1 1 1),38.21,0.44,0.0100
Cu,[111],TWGB,FCC,EAM,93,(1 1 1),42.1,0.43,0.0095
Cu,[111],TWGB,FCC,EAM,49,(1 1 1),43.57,0.42,0.0092
Cu,[111],TWGB,FCC,EAM,19,(1 1 1),46.83,0.41,0.0088
Cu,[111],TWGB,FCC,EAM,37,(1 1 1),50.57,0.37,0.0074
Cu,[111],TWGB,FCC,EAM,61,(1 1 1),52.66,0.35,0.0066
Cu,[111],TWGB,FCC,EAM,3,(1 1 1),60,0.13,0.0017
Cu,[111],TWGB,FCC,GRACE,109,(1 1 1),6.01,0.30,0.0084
Cu,[111],TWGB,FCC,GRACE,241,(1 1 1),6.4,0.24,0.0062
Cu,[111],TWGB,FCC,GRACE,211,(1 1 1),6.84,0.24,0.0065
Cu,[111],TWGB,FCC,GRACE,183,(1 1 1),7.34,0.25,0.0066
Cu,[111],TWGB,FCC,GRACE,157,(1 1 1),7.93,0.26,0.0070
Cu,[111],TWGB,FCC,GRACE,133,(1 1 1),8.61,0.27,0.0073
Cu,[111],TWGB,FCC,GRACE,103,(1 1 1),9.43,0.34,0.0110
Cu,[111],TWGB,FCC,GRACE,91,(1 1 1),10.42,0.29,0.0082
Cu,[111],TWGB,FCC,GRACE,73,(1 1 1),11.64,0.30,0.0087
Cu,[111],TWGB,FCC,GRACE,57,(1 1 1),13.17,0.31,0.0093
Cu,[111],TWGB,FCC,GRACE,43,(1 1 1),15.18,0.32,0.0100
Cu,[111],TWGB,FCC,GRACE,31,(1 1 1),17.9,0.34,0.0107
Cu,[111],TWGB,FCC,GRACE,21,(1 1 1),21.79,0.35,0.0113
Cu,[111],TWGB,FCC,GRACE,67,(1 1 1),24.43,0.35,0.0115
Cu,[111],TWGB,FCC,GRACE,13,(1 1 1),27.8,0.35,0.0117
Cu,[111],TWGB,FCC,GRACE,97,(1 1 1),30.59,0.35,0.0118
Cu,[111],TWGB,FCC,GRACE,39,(1 1 1),32.2,0.35,0.0117
Cu,[111],TWGB,FCC,GRACE,79,(1 1 1),33.99,0.35,0.0116
Cu,[111],TWGB,FCC,GRACE,7,(1 1 1),38.21,0.35,0.0113
Cu,[111],TWGB,FCC,GRACE,93,(1 1 1),42.1,0.34,0.0106
Cu,[111],TWGB,FCC,GRACE,49,(1 1 1),43.57,0.33,0.0103
Cu,[111],TWGB,FCC,GRACE,19,(1 1 1),46.83,0.31,0.0093
Cu,[111],TWGB,FCC,GRACE,37,(1 1 1),50.57,0.28,0.0076
Cu,[111],TWGB,FCC,GRACE,61,(1 1 1),52.66,0.25,0.0065
Cu,[111],TWGB,FCC,GRACE,3,(1 1 1),60,0.03,0.0007
Cu,[111],TWGB,FCC,MACE,21,(1 1 1),21.79,0.30,0.0099
Cu,[111],TWGB,FCC,MACE,13,(1 1 1),27.8,0.31,0.0103
Cu,[111],TWGB,FCC,MACE,39,(1 1 1),32.2,0.31,0.0103
Cu,[111],TWGB,FCC,MACE,7,(1 1 1),38.21,0.30,0.0099
Cu,[111],TWGB,FCC,MACE,3,(1 1 1),60,0.01,0.0002
Cu,[111],TWGB,FCC,MEAM,109,(1 1 1),6.01,0.41,0.0067
Cu,[111],TWGB,FCC,MEAM,241,(1 1 1),6.4,0.31,0.0048
Cu,[111],TWGB,FCC,MEAM,211,(1 1 1),6.84,0.32,0.0050
Cu,[111],TWGB,FCC,MEAM,183,(1 1 1),7.34,0.37,0.0066
Cu,[111],TWGB,FCC,MEAM,157,(1 1 1),7.93,0.34,0.0056
Cu,[111],TWGB,FCC,MEAM,133,(1 1 1),8.61,0.37,0.0061
Cu,[111],TWGB,FCC,MEAM,103,(1 1 1),9.43,0.46,0.0082
Cu,[111],TWGB,FCC,MEAM,91,(1 1 1),10.42,0.42,0.0073
Cu,[111],TWGB,FCC,MEAM,73,(1 1 1),11.64,0.44,0.0078
Cu,[111],TWGB,FCC,MEAM,57,(1 1 1),13.17,0.47,0.0086
Cu,[111],TWGB,FCC,MEAM,43,(1 1 1),15.18,0.48,0.0086
Cu,[111],TWGB,FCC,MEAM,31,(1 1 1),17.9,0.49,0.0087
Cu,[111],TWGB,FCC,MEAM,21,(1 1 1),21.79,0.47,0.0090
Cu,[111],TWGB,FCC,MEAM,67,(1 1 1),24.43,0.50,0.0092
Cu,[111],TWGB,FCC,MEAM,13,(1 1 1),27.8,0.51,0.0092
Cu,[111],TWGB,FCC,MEAM,97,(1 1 1),30.59,0.49,0.0082
Cu,[111],TWGB,FCC,MEAM,39,(1 1 1),32.2,0.51,0.0093
Cu,[111],TWGB,FCC,MEAM,79,(1 1 1),33.99,0.48,0.0085
Cu,[111],TWGB,FCC,MEAM,7,(1 1 1),38.21,0.46,0.0089
Cu,[111],TWGB,FCC,MEAM,93,(1 1 1),42.1,0.49,0.0088
Cu,[111],TWGB,FCC,MEAM,49,(1 1 1),43.57,0.48,0.0086
Cu,[111],TWGB,FCC,MEAM,19,(1 1 1),46.83,0.47,0.0082
Cu,[111],TWGB,FCC,MEAM,37,(1 1 1),50.57,0.43,0.0077
Cu,[111],TWGB,FCC,MEAM,61,(1 1 1),52.66,0.39,0.0070
Cu,[111],TWGB,FCC,MEAM,3,(1 1 1),60,0.12,0.0032
Cu,[111],TWGB,FCC,ORB,21,(1 1 1),21.79,0.31,0.0040
Cu,[111],TWGB,FCC,ORB,13,(1 1 1),27.8,0.32,0.0080
Cu,[111],TWGB,FCC,ORB,39,(1 1 1),32.2,0.32,0.0077
Cu,[111],TWGB,FCC,ORB,7,(1 1 1),38.21,0.31,0.0027
Cu,[111],TWGB,FCC,ORB,3,(1 1 1),60,0.00,0.0007
Cu,[111],TWGB,FCC,SNAP,109,(1 1 1),6.01,0.31,0.0054
Cu,[111],TWGB,FCC,SNAP,241,(1 1 1),6.4,0.25,0.0045
Cu,[111],TWGB,FCC,SNAP,211,(1 1 1),6.84,0.26,0.0046
Cu,[111],TWGB,FCC,SNAP,183,(1 1 1),7.34,0.26,0.0049
Cu,[111],TWGB,FCC,SNAP,157,(1 1 1),7.93,0.27,0.0049
Cu,[111],TWGB,FCC,SNAP,133,(1 1 1),8.61,0.28,0.0050
Cu,[111],TWGB,FCC,SNAP,103,(1 1 1),9.43,0.37,0.0056
Cu,[111],TWGB,FCC,SNAP,91,(1 1 1),10.42,0.31,0.0052
Cu,[111],TWGB,FCC,SNAP,73,(1 1 1),11.64,0.32,0.0054
Cu,[111],TWGB,FCC,SNAP,57,(1 1 1),13.17,0.33,0.0057
Cu,[111],TWGB,FCC,SNAP,43,(1 1 1),15.18,0.35,0.0054
Cu,[111],TWGB,FCC,SNAP,31,(1 1 1),17.9,0.36,0.0058
Cu,[111],TWGB,FCC,SNAP,21,(1 1 1),21.79,0.37,0.0057
Cu,[111],TWGB,FCC,SNAP,67,(1 1 1),24.43,0.38,0.0056
Cu,[111],TWGB,FCC,SNAP,13,(1 1 1),27.8,0.38,0.0057
Cu,[111],TWGB,FCC,SNAP,97,(1 1 1),30.59,0.38,0.0056
Cu,[111],TWGB,FCC,SNAP,39,(1 1 1),32.2,0.38,0.0057
Cu,[111],TWGB,FCC,SNAP,79,(1 1 1),33.99,0.38,0.0056
Cu,[111],TWGB,FCC,SNAP,7,(1 1 1),38.21,0.37,0.0057
Cu,[111],TWGB,FCC,SNAP,93,(1 1 1),42.1,0.36,0.0056
Cu,[111],TWGB,FCC,SNAP,49,(1 1 1),43.57,0.35,0.0058
Cu,[111],TWGB,FCC,SNAP,19,(1 1 1),46.83,0.33,0.0057
Cu,[111],TWGB,FCC,SNAP,37,(1 1 1),50.57,0.29,0.0054
Cu,[111],TWGB,FCC,SNAP,61,(1 1 1),52.66,0.26,0.0048
Cu,[111],TWGB,FCC,SNAP,3,(1 1 1),60,0.03,0.0007
Cu,[111],TWGB,FCC,SevenNet,21,(1 1 1),21.79,0.28,0.0109
Cu,[111],TWGB,FCC,SevenNet,13,(1 1 1),27.8,0.28,0.0112
Cu,[111],TWGB,FCC,SevenNet,39,(1 1 1),32.2,0.28,0.0112
Cu,[111],TWGB,FCC,SevenNet,7,(1 1 1),38.21,0.28,0.0110
Cu,[111],TWGB,FCC,UMA,21,(1 1 1),21.79,0.79,0.0196
Cu,[111],TWGB,FCC,UMA,13,(1 1 1),27.8,0.80,0.0195
Cu,[111],TWGB,FCC,UMA,39,(1 1 1),32.2,0.80,0.0196
Cu,[111],TWGB,FCC,UMA,7,(1 1 1),38.21,0.79,0.0191
Cu,[111],TWGB,FCC,UMA,3,(1 1 1),60,0.45,0.0075
Cu,[111],TWGB,FCC,UNEP,109,(1 1 1),6.01,0.29,0.0078
Cu,[111],TWGB,FCC,UNEP,241,(1 1 1),6.4,0.23,0.0069
Cu,[111],TWGB,FCC,UNEP,211,(1 1 1),6.84,0.24,0.0071
Cu,[111],TWGB,FCC,UNEP,183,(1 1 1),7.34,0.25,0.0057
Cu,[111],TWGB,FCC,UNEP,157,(1 1 1),7.93,0.25,0.0073
Cu,[111],TWGB,FCC,UNEP,133,(1 1 1),8.61,0.26,0.0073
Cu,[111],TWGB,FCC,UNEP,103,(1 1 1),9.43,0.34,0.0098
Cu,[111],TWGB,FCC,UNEP,91,(1 1 1),10.42,0.28,0.0071
Cu,[111],TWGB,FCC,UNEP,73,(1 1 1),11.64,0.30,0.0073
Cu,[111],TWGB,FCC,UNEP,57,(1 1 1),13.17,0.31,0.0074
Cu,[111],TWGB,FCC,UNEP,43,(1 1 1),15.18,0.32,0.0080
Cu,[111],TWGB,FCC,UNEP,31,(1 1 1),17.9,0.34,0.0088
Cu,[111],TWGB,FCC,UNEP,21,(1 1 1),21.79,0.34,0.0092
Cu,[111],TWGB,FCC,UNEP,67,(1 1 1),24.43,0.35,0.0093
Cu,[111],TWGB,FCC,UNEP,13,(1 1 1),27.8,0.35,0.0097
Cu,[111],TWGB,FCC,UNEP,97,(1 1 1),30.59,0.35,0.0101
Cu,[111],TWGB,FCC,UNEP,39,(1 1 1),32.2,0.35,0.0095
Cu,[111],TWGB,FCC,UNEP,79,(1 1 1),33.99,0.35,0.0100
Cu,[111],TWGB,FCC,UNEP,7,(1 1 1),38.21,0.35,0.0092
Cu,[111],TWGB,FCC,UNEP,93,(1 1 1),42.1,0.34,0.0088
Cu,[111],TWGB,FCC,UNEP,49,(1 1 1),43.57,0.33,0.0083
Cu,[111],TWGB,FCC,UNEP,19,(1 1 1),46.83,0.31,0.0074
Cu,[111],TWGB,FCC,UNEP,37,(1 1 1),50.57,0.27,0.0062
Cu,[111],TWGB,FCC,UNEP,61,(1 1 1),52.66,0.24,0.0051
Cu,[111],TWGB,FCC,UNEP,3,(1 1 1),60,0.03,0.0004
Cu,[111],TWGB,FCC,eSEN,57,(1 1 1),13.17,0.30,0.0129
Cu,[111],TWGB,FCC,eSEN,31,(1 1 1),17.9,0.32,0.0143
Cu,[111],TWGB,FCC,eSEN,21,(1 1 1),21.79,0.33,0.0151
Cu,[111],TWGB,FCC,eSEN,13,(1 1 1),27.8,0.33,0.0154
Cu,[111],TWGB,FCC,eSEN,39,(1 1 1),32.2,0.33,0.0154
Cu,[111],TWGB,FCC,eSEN,7,(1 1 1),38.21,0.33,0.0151
Cu,[111],TWGB,FCC,eSEN,93,(1 1 1),42.1,0.32,0.0143
Cu,[111],TWGB,FCC,eSEN,19,(1 1 1),46.83,0.30,0.0129
Cu,[111],TWGB,FCC,eSEN,37,(1 1 1),50.57,0.27,0.0111
Cu,[111],TWGB,FCC,eSEN,3,(1 1 1),60,0.01,0.0021
Ni,[100],STGB,FCC,ADP,37,(0 -6 -1),18.925,1.59,0.0233
Ni,[100],STGB,FCC,ADP,13,(0 -5 1),22.62,1.66,0.0348
Ni,[100],STGB,FCC,ADP,17,(0 -4 -1),28.072,1.55,0.0288
Ni,[100],STGB,FCC,ADP,5,(0 1 3),36.87,1.50,0.0201
Ni,[100],STGB,FCC,ADP,29,(0 -2 5),43.603,1.67,0.0288
Ni,[100],STGB,FCC,ADP,5,(0 1 2),53.13,1.49,0.0371
Ni,[100],STGB,FCC,ADP,17,(0 -5 -3),61.928,1.55,0.0299
Ni,[100],STGB,FCC,ADP,13,(0 -3 2),67.38,1.31,0.0243
Ni,[100],STGB,FCC,ADP,37,(0 -7 -5),71.075,1.43,0.0334
Ni,[100],STGB,FCC,ADP,25,(0 -4 3),73.74,1.21,0.0294
Ni,[100],STGB,FCC,ADP,41,(0 -5 4),77.32,1.15,0.0389
Ni,[100],STGB,FCC,ADP,61,(0 -6 5),79.611,1.50,0.0454
Ni,[100],STGB,FCC,EAM,37,(0 -6 -1),18.925,1.45,0.0292
Ni,[100],STGB,FCC,EAM,13,(0 -5 1),22.62,1.51,0.0315
Ni,[100],STGB,FCC,EAM,17,(0 -4 -1),28.072,1.39,0.0334
Ni,[100],STGB,FCC,EAM,5,(0 1 3),36.87,1.32,0.0330
Ni,[100],STGB,FCC,EAM,29,(0 -2 5),43.603,1.52,0.0333
Ni,[100],STGB,FCC,EAM,5,(0 1 2),53.13,1.41,0.0333
Ni,[100],STGB,FCC,EAM,17,(0 -5 -3),61.928,1.44,0.0294
Ni,[100],STGB,FCC,EAM,13,(0 -3 2),67.38,1.21,0.0257
Ni,[100],STGB,FCC,EAM,37,(0 -7 -5),71.075,1.34,0.0257
Ni,[100],STGB,FCC,EAM,25,(0 -4 3),73.74,1.13,0.0219
Ni,[100],STGB,FCC,EAM,41,(0 -5 4),77.32,1.07,0.0187
Ni,[100],STGB,FCC,EAM,61,(0 -6 5),79.611,1.46,0.0204
Ni,[100],STGB,FCC,GRACE,265,(0 -23 1),4.98,0.78,0.0126
Ni,[100],STGB,FCC,GRACE,221,(0 -21 1),5.45,0.83,0.0135
Ni,[100],STGB,FCC,GRACE,181,(0 -19 1),6.03,0.88,0.0147
Ni,[100],STGB,FCC,GRACE,257,(0 -16 -1),7.15,0.97,0.0167
Ni,[100],STGB,FCC,GRACE,113,(0 -15 1),7.63,0.98,0.0171
Ni,[100],STGB,FCC,GRACE,197,(0 -14 -1),8.17,1.05,0.0185
Ni,[100],STGB,FCC,GRACE,85,(0 -13 1),8.8,1.06,0.0190
Ni,[100],STGB,FCC,GRACE,61,(0 -11 1),10.39,1.15,0.0211
Ni,[100],STGB,FCC,GRACE,41,(0 -9 1),12.68,1.26,0.0240
Ni,[100],STGB,FCC,GRACE,25,(0 -7 1),16.26,1.36,0.0251
Ni,[100],STGB,FCC,GRACE,37,(0 -6 -1),18.92,1.43,0.0283
Ni,[100],STGB,FCC,GRACE,13,(0 -5 1),22.62,1.42,0.0289
Ni,[100],STGB,FCC,GRACE,17,(0 -4 -1),28.07,1.57,0.0345
Ni,[100],STGB,FCC,GRACE,5,(0 1 3),36.87,1.31,0.0284
Ni,[100],STGB,FCC,GRACE,29,(0 -2 5),43.6,1.44,0.0312
Ni,[100],STGB,FCC,GRACE,29,(0 -3 7),46.4,1.46,0.0322
Ni,[100],STGB,FCC,GRACE,5,(0 1 2),53.13,1.34,0.0332
Ni,[100],STGB,FCC,GRACE,17,(0 -5 -3),61.93,1.34,0.0295
Ni,[100],STGB,FCC,GRACE,13,(0 -3 2),67.38,1.17,0.0256
Ni,[100],STGB,FCC,GRACE,37,(0 -7 -5),71.08,1.48,0.0355
Ni,[100],STGB,FCC,GRACE,25,(0 -4 3),73.74,1.03,0.0210
Ni,[100],STGB,FCC,GRACE,41,(0 -5 4),77.32,1.39,0.0308
Ni,[100],STGB,FCC,GRACE,61,(0 -6 5),79.61,1.21,0.0291
Ni,[100],STGB,FCC,MACE,25,(0 -7 1),16.26,0.99,0.0271
Ni,[100],STGB,FCC,MACE,37,(0 -6 -1),18.92,1.12,0.0338
Ni,[100],STGB,FCC,MACE,13,(0 -5 1),22.62,1.00,0.0304
Ni,[100],STGB,FCC,MACE,17,(0 -4 -1),28.07,1.12,0.0355
Ni,[100],STGB,FCC,MACE,5,(0 1 3),36.87,0.90,0.0299
Ni,[100],STGB,FCC,MACE,29,(0 -2 5),43.6,1.02,0.0333
Ni,[100],STGB,FCC,MACE,29,(0 -3 7),46.4,1.05,0.0348
Ni,[100],STGB,FCC,MACE,5,(0 1 2),53.13,0.97,0.0337
Ni,[100],STGB,FCC,MACE,17,(0 -5 -3),61.93,0.98,0.0320
Ni,[100],STGB,FCC,MACE,13,(0 -3 2),67.38,0.85,0.0277
Ni,[100],STGB,FCC,MACE,37,(0 -7 -5),71.08,1.12,0.0390
Ni,[100],STGB,FCC,MACE,25,(0 -4 3),73.74,0.76,0.0238
Ni,[100],STGB,FCC,MACE,41,(0 -5 4),77.32,1.07,0.0375
Ni,[100],STGB,FCC,MACE,61,(0 -6 5),79.61,0.94,0.0325
Ni,[100],STGB,FCC,MEAM,37,(0 -6 -1),18.925,1.41,0.0271
Ni,[100],STGB,FCC,MEAM,13,(0 -5 1),22.62,1.43,0.0290
Ni,[100],STGB,FCC,MEAM,17,(0 -4 -1),28.072,1.37,0.0561
Ni,[100],STGB,FCC,MEAM,5,(0 1 3),36.87,1.25,0.0365
Ni,[100],STGB,FCC,MEAM,29,(0 -2 5),43.603,1.45,0.0309
Ni,[100],STGB,FCC,MEAM,5,(0 1 2),53.13,1.32,0.0294
Ni,[100],STGB,FCC,MEAM,17,(0 -5 -3),61.928,1.41,0.0301
Ni,[100],STGB,FCC,MEAM,13,(0 -3 2),67.38,1.21,0.0262
Ni,[100],STGB,FCC,MEAM,37,(0 -7 -5),71.075,1.34,0.0417
Ni,[100],STGB,FCC,MEAM,25,(0 -4 3),73.74,1.14,0.0386
Ni,[100],STGB,FCC,MEAM,41,(0 -5 4),77.32,1.09,0.0403
Ni,[100],STGB,FCC,MEAM,61,(0 -6 5),79.611,1.32,0.0466
Ni,[100],STGB,FCC,ORB,25,(0 -7 1),16.26,1.35,0.0176
Ni,[100],STGB,FCC,ORB,37,(0 -6 -1),18.92,1.55,0.0335
Ni,[100],STGB,FCC,ORB,13,(0 -5 1),22.62,1.40,0.0336
Ni,[100],STGB,FCC,ORB,17,(0 -4 -1),28.07,1.55,0.0409
Ni,[100],STGB,FCC,ORB,5,(0 1 3),36.87,1.31,0.0312
Ni,[100],STGB,FCC,ORB,29,(0 -2 5),43.6,1.43,0.0355
Ni,[100],STGB,FCC,ORB,29,(0 -3 7),46.4,1.45,0.0376
Ni,[100],STGB,FCC,ORB,5,(0 1 2),53.13,1.32,0.0346
Ni,[100],STGB,FCC,ORB,17,(0 -5 -3),61.93,1.32,0.0313
Ni,[100],STGB,FCC,ORB,13,(0 -3 2),67.38,1.16,0.0277
Ni,[100],STGB,FCC,ORB,25,(0 -4 3),73.74,1.01,0.0250
Ni,[100],STGB,FCC,ORB,41,(0 -5 4),77.32,1.38,0.0413
Ni,[100],STGB,FCC,ORB,61,(0 -6 5),79.61,1.19,0.0360
Ni,[100],STGB,FCC,SNAP,37,(0 -6 -1),18.925,1.54,0.0216
Ni,[100],STGB,FCC,SNAP,13,(0 -5 1),22.62,1.57,0.0229
Ni,[100],STGB,FCC,SNAP,17,(0 -4 -1),28.072,1.47,0.0236
Ni,[100],STGB,FCC,SNAP,5,(0 1 3),36.87,1.35,0.0236
Ni,[100],STGB,FCC,SNAP,29,(0 -2 5),43.603,1.58,0.0213
Ni,[100],STGB,FCC,SNAP,5,(0 1 2),53.13,1.44,0.0215
Ni,[100],STGB,FCC,SNAP,17,(0 -5 -3),61.928,1.53,0.0233
Ni,[100],STGB,FCC,SNAP,13,(0 -3 2),67.38,1.27,0.0173
Ni,[100],STGB,FCC,SNAP,37,(0 -7 -5),71.075,1.41,0.0250
Ni,[100],STGB,FCC,SNAP,25,(0 -4 3),73.74,1.20,0.0279
Ni,[100],STGB,FCC,SNAP,41,(0 -5 4),77.32,1.15,0.0241
Ni,[100],STGB,FCC,SNAP,61,(0 -6 5),79.611,1.47,0.0296
Ni,[100],STGB,FCC,SevenNet,25,(0 -7 1),16.26,1.24,0.0251
Ni,[100],STGB,FCC,SevenNet,37,(0 -6 -1),18.92,1.30,0.0276
Ni,[100],STGB,FCC,SevenNet,13,(0 -5 1),22.62,1.32,0.0261
Ni,[100],STGB,FCC,SevenNet,17,(0 -4 -1),28.07,1.41,0.0307
Ni,[100],STGB,FCC,SevenNet,5,(0 1 3),36.87,1.24,0.0276
Ni,[100],STGB,FCC,SevenNet,29,(0 -2 5),43.6,1.32,0.0305
Ni,[100],STGB,FCC,SevenNet,5,(0 1 2),53.13,1.22,0.0303
Ni,[100],STGB,FCC,SevenNet,17,(0 -5 -3),61.93,1.22,0.0267
Ni,[100],STGB,FCC,SevenNet,13,(0 -3 2),67.38,1.07,0.0232
Ni,[100],STGB,FCC,SevenNet,25,(0 -4 3),73.74,0.99,0.0192
Ni,[100],STGB,FCC,SevenNet,41,(0 -5 4),77.32,1.25,0.0326
Ni,[100],STGB,FCC,UMA,197,(0 -14 -1),8.17,1.56,0.0611
Ni,[100],STGB,FCC,UMA,41,(0 -9 1),12.68,1.91,0.0763
Ni,[100],STGB,FCC,UMA,25,(0 -7 1),16.26,1.85,0.1062
Ni,[100],STGB,FCC,UMA,37,(0 -6 -1),18.92,1.96,0.0673
Ni,[100],STGB,FCC,UMA,13,(0 -5 1),22.62,1.75,0.0589
Ni,[100],STGB,FCC,UMA,17,(0 -4 -1),28.07,1.82,0.0589
Ni,[100],STGB,FCC,UMA,5,(0 1 3),36.87,1.50,0.0474
Ni,[100],STGB,FCC,UMA,29,(0 -2 5),43.6,1.79,0.0617
Ni,[100],STGB,FCC,UMA,29,(0 -3 7),46.4,1.98,0.0744
Ni,[100],STGB,FCC,UMA,5,(0 1 2),53.13,1.47,0.0477
Ni,[100],STGB,FCC,UMA,17,(0 -5 -3),61.93,1.74,0.0606
Ni,[100],STGB,FCC,UMA,13,(0 -3 2),67.38,1.42,0.0453
Ni,[100],STGB,FCC,UMA,37,(0 -7 -5),71.08,2.08,0.0772
Ni,[100],STGB,FCC,UMA,25,(0 -4 3),73.74,1.39,0.0467
Ni,[100],STGB,FCC,UMA,41,(0 -5 4),77.32,1.83,0.0656
Ni,[100],STGB,FCC,UMA,61,(0 -6 5),79.61,1.75,0.0673
Ni,[100],STGB,FCC,UNEP,265,(0 -23 1),4.98,0.75,0.0449
Ni,[100],STGB,FCC,UNEP,221,(0 -21 1),5.45,0.79,0.0428
Ni,[100],STGB,FCC,UNEP,181,(0 -19 1),6.03,0.82,0.0408
Ni,[100],STGB,FCC,UNEP,257,(0 -16 -1),7.15,0.86,0.0399
Ni,[100],STGB,FCC,UNEP,113,(0 -15 1),7.63,0.95,0.0497
Ni,[100],STGB,FCC,UNEP,197,(0 -14 -1),8.17,0.91,0.0376
Ni,[100],STGB,FCC,UNEP,85,(0 -13 1),8.8,1.02,0.0450
Ni,[100],STGB,FCC,UNEP,61,(0 -11 1),10.39,1.04,0.0547
Ni,[100],STGB,FCC,UNEP,41,(0 -9 1),12.68,1.11,0.0336
Ni,[100],STGB,FCC,UNEP,25,(0 -7 1),16.26,1.26,0.0471
Ni,[100],STGB,FCC,UNEP,37,(0 -6 -1),18.92,1.25,0.0392
Ni,[100],STGB,FCC,UNEP,13,(0 -5 1),22.62,1.30,0.0371
Ni,[100],STGB,FCC,UNEP,17,(0 -4 -1),28.07,1.30,0.0324
Ni,[100],STGB,FCC,UNEP,5,(0 1 3),36.87,1.36,0.0403
Ni,[100],STGB,FCC,UNEP,29,(0 -2 5),43.6,1.41,0.0410
Ni,[100],STGB,FCC,UNEP,29,(0 -3 7),46.4,1.40,0.0505
Ni,[100],STGB,FCC,UNEP,5,(0 1 2),53.13,1.40,0.0408
Ni,[100],STGB,FCC,UNEP,17,(0 -5 -3),61.93,1.27,0.0426
Ni,[100],STGB,FCC,UNEP,13,(0 -3 2),67.38,1.16,0.0356
Ni,[100],STGB,FCC,UNEP,37,(0 -7 -5),71.08,1.07,0.0447
Ni,[100],STGB,FCC,UNEP,25,(0 -4 3),73.74,1.02,0.0333
Ni,[100],STGB,FCC,UNEP,41,(0 -5 4),77.32,0.90,0.0342
Ni,[100],STGB,FCC,UNEP,61,(0 -6 5),79.61,0.88,0.0382
Ni,[100],STGB,FCC,eSEN,257,(0 -16 -1),7.15,0.88,0.0114
Ni,[100],STGB,FCC,eSEN,113,(0 -15 1),7.63,0.91,0.0197
Ni,[100],STGB,FCC,eSEN,197,(0 -14 -1),8.17,0.94,0.0133
Ni,[100],STGB,FCC,eSEN,85,(0 -13 1),8.8,0.99,0.0165
Ni,[100],STGB,FCC,eSEN,41,(0 -9 1),12.68,1.17,0.0274
Ni,[100],STGB,FCC,eSEN,37,(0 -6 -1),18.92,1.47,0.0380
Ni,[100],STGB,FCC,eSEN,13,(0 -5 1),22.62,1.31,0.0340
Ni,[100],STGB,FCC,eSEN,17,(0 -4 -1),28.07,1.44,0.0402
Ni,[100],STGB,FCC,eSEN,5,(0 1 3),36.87,1.18,0.0338
Ni,[100],STGB,FCC,eSEN,29,(0 -2 5),43.6,1.32,0.0371
Ni,[100],STGB,FCC,eSEN,29,(0 -3 7),46.4,1.34,0.0381
Ni,[100],STGB,FCC,eSEN,5,(0 1 2),53.13,1.23,0.0378
Ni,[100],STGB,FCC,eSEN,17,(0 -5 -3),61.93,1.25,0.0342
Ni,[100],STGB,FCC,eSEN,13,(0 -3 2),67.38,1.09,0.0297
Ni,[100],STGB,FCC,eSEN,37,(0 -7 -5),71.08,1.41,0.0399
Ni,[100],STGB,FCC,eSEN,25,(0 -4 3),73.74,0.97,0.0244
Ni,[100],STGB,FCC,eSEN,41,(0 -5 4),77.32,1.34,0.0378
Ni,[100],STGB,FCC,eSEN,61,(0 -6 5),79.61,1.16,0.0321
Ni,[100],TWGB,FCC,ADP,265,(1 0 0),4.98,0.56,0.0037
Ni,[100],TWGB,FCC,ADP,221,(1 0 0),5.45,0.60,0.0044
Ni,[100],TWGB,FCC,ADP,181,(1 0 0),6.03,0.63,0.0049
Ni,[100],TWGB,FCC,ADP,145,(1 0 0),6.73,0.68,0.0054
Ni,[100],TWGB,FCC,ADP,257,(1 0 0),7.15,0.68,0.0059
Ni,[100],TWGB,FCC,ADP,113,(1 0 0),7.63,0.72,0.0064
Ni,[100],TWGB,FCC,ADP,197,(1 0 0),8.17,0.74,0.0068
Ni,[100],TWGB,FCC,ADP,85,(1 0 0),8.8,0.77,0.0074
Ni,[100],TWGB,FCC,ADP,61,(1 0 0),10.39,0.83,0.0087
Ni,[100],TWGB,FCC,ADP,101,(1 0 0),11.42,0.87,0.0098
Ni,[100],TWGB,FCC,ADP,41,(1 0 0),12.68,0.91,0.0108
Ni,[100],TWGB,FCC,ADP,25,(1 0 0),16.26,1.01,0.0143
Ni,[100],TWGB,FCC,ADP,37,(1 0 0),18.92,1.06,0.0165
Ni,[100],TWGB,FCC,ADP,13,(1 0 0),22.62,1.12,0.0196
Ni,[100],TWGB,FCC,ADP,89,(1 0 0),25.99,1.16,0.0224
Ni,[100],TWGB,FCC,ADP,17,(1 0 0),28.07,1.18,0.0231
Ni,[100],TWGB,FCC,ADP,53,(1 0 0),31.89,1.21,0.0263
Ni,[100],TWGB,FCC,ADP,109,(1 0 0),33.4,1.22,0.0271
Ni,[100],TWGB,FCC,ADP,5,(1 0 0),36.87,1.21,0.0302
Ni,[100],TWGB,FCC,ADP,73,(1 0 0),41.11,1.23,0.0291
Ni,[100],TWGB,FCC,ADP,97,(1 0 0),42.08,1.23,0.0292
Ni,[100],TWGB,FCC,ADP,29,(1 0 0),43.6,1.23,0.0292
Ni,[100],TWGB,FCC,ADP,29,(1 0 0),46.4,1.23,0.0292
Ni,[100],TWGB,FCC,ADP,97,(1 0 0),47.92,1.23,0.0292
Ni,[100],TWGB,FCC,ADP,73,(1 0 0),48.89,1.23,0.0291
Ni,[100],TWGB,FCC,ADP,5,(1 0 0),53.13,1.21,0.0302
Ni,[100],TWGB,FCC,ADP,109,(1 0 0),56.6,1.22,0.0271
Ni,[100],TWGB,FCC,ADP,53,(1 0 0),58.11,1.21,0.0263
Ni,[100],TWGB,FCC,ADP,17,(1 0 0),61.93,1.18,0.0231
Ni,[100],TWGB,FCC,ADP,89,(1 0 0),64.01,1.16,0.0224
Ni,[100],TWGB,FCC,ADP,13,(1 0 0),67.38,1.12,0.0196
Ni,[100],TWGB,FCC,ADP,37,(1 0 0),71.08,1.06,0.0165
Ni,[100],TWGB,FCC,ADP,25,(1 0 0),73.74,1.01,0.0143
Ni,[100],TWGB,FCC,ADP,41,(1 0 0),77.32,0.91,0.0108
Ni,[100],TWGB,FCC,ADP,101,(1 0 0),78.58,0.87,0.0098
Ni,[100],TWGB,FCC,ADP,61,(1 0 0),79.61,0.83,0.0087
Ni,[100],TWGB,FCC,ADP,85,(1 0 0),81.2,0.77,0.0074
Ni,[100],TWGB,FCC,ADP,197,(1 0 0),81.83,0.74,0.0068
Ni,[100],TWGB,FCC,ADP,113,(1 0 0),82.37,0.72,0.0064
Ni,[100],TWGB,FCC,ADP,257,(1 0 0),82.85,0.68,0.0059
Ni,[100],TWGB,FCC,ADP,145,(1 0 0),83.27,0.68,0.0054
Ni,[100],TWGB,FCC,ADP,181,(1 0 0),83.97,0.63,0.0049
Ni,[100],TWGB,FCC,ADP,221,(1 0 0),84.55,0.60,0.0044
Ni,[100],TWGB,FCC,ADP,265,(1 0 0),85.02,0.56,0.0037
Ni,[100],TWGB,FCC,EAM,265,(1 0 0),4.98,0.51,0.0080
Ni,[100],TWGB,FCC,EAM,221,(1 0 0),5.45,0.55,0.0087
Ni,[100],TWGB,FCC,EAM,181,(1 0 0),6.03,0.58,0.0094
Ni,[100],TWGB,FCC,EAM,145,(1 0 0),6.73,0.62,0.0102
Ni,[100],TWGB,FCC,EAM,257,(1 0 0),7.15,0.62,0.0099
Ni,[100],TWGB,FCC,EAM,113,(1 0 0),7.63,0.65,0.0110
Ni,[100],TWGB,FCC,EAM,197,(1 0 0),8.17,0.67,0.0111
Ni,[100],TWGB,FCC,EAM,85,(1 0 0),8.8,0.70,0.0121
Ni,[100],TWGB,FCC,EAM,61,(1 0 0),10.39,0.75,0.0136
Ni,[100],TWGB,FCC,EAM,101,(1 0 0),11.42,0.78,0.0146
Ni,[100],TWGB,FCC,EAM,41,(1 0 0),12.68,0.81,0.0155
Ni,[100],TWGB,FCC,EAM,25,(1 0 0),16.26,0.88,0.0180
Ni,[100],TWGB,FCC,EAM,37,(1 0 0),18.92,0.92,0.0200
Ni,[100],TWGB,FCC,EAM,13,(1 0 0),22.62,0.96,0.0219
Ni,[100],TWGB,FCC,EAM,89,(1 0 0),25.99,1.00,0.0237
Ni,[100],TWGB,FCC,EAM,17,(1 0 0),28.07,1.02,0.0246
Ni,[100],TWGB,FCC,EAM,53,(1 0 0),31.89,1.04,0.0259
Ni,[100],TWGB,FCC,EAM,109,(1 0 0),33.4,1.05,0.0264
Ni,[100],TWGB,FCC,EAM,5,(1 0 0),36.87,1.04,0.0275
Ni,[100],TWGB,FCC,EAM,73,(1 0 0),41.11,1.06,0.0274
Ni,[100],TWGB,FCC,EAM,97,(1 0 0),42.08,1.06,0.0275
Ni,[100],TWGB,FCC,EAM,29,(1 0 0),43.6,1.06,0.0270
Ni,[100],TWGB,FCC,EAM,29,(1 0 0),46.4,1.06,0.0270
Ni,[100],TWGB,FCC,EAM,97,(1 0 0),47.92,1.06,0.0275
Ni,[100],TWGB,FCC,EAM,73,(1 0 0),48.89,1.06,0.0274
Ni,[100],TWGB,FCC,EAM,5,(1 0 0),53.13,1.04,0.0275
Ni,[100],TWGB,FCC,EAM,109,(1 0 0),56.6,1.05,0.0264
Ni,[100],TWGB,FCC,EAM,53,(1 0 0),58.11,1.04,0.0259
Ni,[100],TWGB,FCC,EAM,17,(1 0 0),61.93,1.02,0.0246
Ni,[100],TWGB,FCC,EAM,89,(1 0 0),64.01,1.00,0.0237
Ni,[100],TWGB,FCC,EAM,13,(1 0 0),67.38,0.96,0.0219
Ni,[100],TWGB,FCC,EAM,37,(1 0 0),71.08,0.92,0.0200
Ni,[100],TWGB,FCC,EAM,25,(1 0 0),73.74,0.88,0.0180
Ni,[100],TWGB,FCC,EAM,41,(1 0 0),77.32,0.81,0.0155
Ni,[100],TWGB,FCC,EAM,101,(1 0 0),78.58,0.78,0.0146
Ni,[100],TWGB,FCC,EAM,61,(1 0 0),79.61,0.75,0.0136
Ni,[100],TWGB,FCC,EAM,85,(1 0 0),81.2,0.70,0.0121
Ni,[100],TWGB,FCC,EAM,197,(1 0 0),81.83,0.67,0.0111
Ni,[100],TWGB,FCC,EAM,113,(1 0 0),82.37,0.65,0.0110
Ni,[100],TWGB,FCC,EAM,257,(1 0 0),82.85,0.62,0.0099
Ni,[100],TWGB,FCC,EAM,145,(1 0 0),83.27,0.62,0.0102
Ni,[100],TWGB,FCC,EAM,181,(1 0 0),83.97,0.58,0.0094
Ni,[100],TWGB,FCC,EAM,221,(1 0 0),84.55,0.55,0.0087
Ni,[100],TWGB,FCC,EAM,265,(1 0 0),85.02,0.51,0.0080
Ni,[100],TWGB,FCC,GRACE,265,(1 0 0),4.98,0.53,0.0138
Ni,[100],TWGB,FCC,GRACE,221,(1 0 0),5.45,0.56,0.0146
Ni,[100],TWGB,FCC,GRACE,181,(1 0 0),6.03,0.60,0.0154
Ni,[100],TWGB,FCC,GRACE,145,(1 0 0),6.73,0.63,0.0162
Ni,[100],TWGB,FCC,GRACE,257,(1 0 0),7.15,0.66,0.0166
Ni,[100],TWGB,FCC,GRACE,113,(1 0 0),7.63,0.68,0.0172
Ni,[100],TWGB,FCC,GRACE,197,(1 0 0),8.17,0.70,0.0176
Ni,[100],TWGB,FCC,GRACE,85,(1 0 0),8.8,0.73,0.0182
Ni,[100],TWGB,FCC,GRACE,61,(1 0 0),10.39,0.79,0.0194
Ni,[100],TWGB,FCC,GRACE,101,(1 0 0),11.42,0.83,0.0201
Ni,[100],TWGB,FCC,GRACE,41,(1 0 0),12.68,0.86,0.0207
Ni,[100],TWGB,FCC,GRACE,25,(1 0 0),16.26,0.95,0.0221
Ni,[100],TWGB,FCC,GRACE,37,(1 0 0),18.92,1.00,0.0230
Ni,[100],TWGB,FCC,GRACE,13,(1 0 0),22.62,1.05,0.0236
Ni,[100],TWGB,FCC,GRACE,89,(1 0 0),25.99,1.09,0.0243
Ni,[100],TWGB,FCC,GRACE,17,(1 0 0),28.07,1.11,0.0246
Ni,[100],TWGB,FCC,GRACE,53,(1 0 0),31.89,1.14,0.0251
Ni,[100],TWGB,FCC,GRACE,109,(1 0 0),33.4,1.14,0.0253
Ni,[100],TWGB,FCC,GRACE,5,(1 0 0),36.87,1.14,0.0258
Ni,[100],TWGB,FCC,GRACE,73,(1 0 0),41.11,1.16,0.0260
Ni,[100],TWGB,FCC,GRACE,97,(1 0 0),42.08,1.16,0.0260
Ni,[100],TWGB,FCC,GRACE,29,(1 0 0),43.6,1.16,0.0260
Ni,[100],TWGB,FCC,GRACE,29,(1 0 0),46.4,1.16,0.0260
Ni,[100],TWGB,FCC,GRACE,97,(1 0 0),47.92,1.16,0.0260
Ni,[100],TWGB,FCC,GRACE,73,(1 0 0),48.89,1.16,0.0260
Ni,[100],TWGB,FCC,GRACE,5,(1 0 0),53.13,1.14,0.0258
Ni,[100],TWGB,FCC,GRACE,109,(1 0 0),56.6,1.14,0.0253
Ni,[100],TWGB,FCC,GRACE,53,(1 0 0),58.11,1.14,0.0251
Ni,[100],TWGB,FCC,GRACE,17,(1 0 0),61.93,1.11,0.0246
Ni,[100],TWGB,FCC,GRACE,89,(1 0 0),64.01,1.09,0.0243
Ni,[100],TWGB,FCC,GRACE,13,(1 0 0),67.38,1.05,0.0236
Ni,[100],TWGB,FCC,GRACE,37,(1 0 0),71.08,1.00,0.0230
Ni,[100],TWGB,FCC,GRACE,25,(1 0 0),73.74,0.95,0.0221
Ni,[100],TWGB,FCC,GRACE,41,(1 0 0),77.32,0.86,0.0207
Ni,[100],TWGB,FCC,GRACE,101,(1 0 0),78.58,0.83,0.0201
Ni,[100],TWGB,FCC,GRACE,61,(1 0 0),79.61,0.79,0.0194
Ni,[100],TWGB,FCC,GRACE,85,(1 0 0),81.2,0.73,0.0182
Ni,[100],TWGB,FCC,GRACE,197,(1 0 0),81.83,0.70,0.0176
Ni,[100],TWGB,FCC,GRACE,113,(1 0 0),82.37,0.68,0.0172
Ni,[100],TWGB,FCC,GRACE,257,(1 0 0),82.85,0.66,0.0166
Ni,[100],TWGB,FCC,GRACE,145,(1 0 0),83.27,0.63,0.0162
Ni,[100],TWGB,FCC,GRACE,181,(1 0 0),83.97,0.60,0.0154
Ni,[100],TWGB,FCC,GRACE,221,(1 0 0),84.55,0.56,0.0146
Ni,[100],TWGB,FCC,GRACE,265,(1 0 0),85.02,0.53,0.0138
Ni,[100],TWGB,FCC,MACE,41,(1 0 0),12.68,0.60,0.0213
Ni,[100],TWGB,FCC,MACE,25,(1 0 0),16.26,0.66,0.0224
Ni,[100],TWGB,FCC,MACE,37,(1 0 0),18.92,0.69,0.0231
Ni,[100],TWGB,FCC,MACE,13,(1 0 0),22.62,0.72,0.0236
Ni,[100],TWGB,FCC,MACE,17,(1 0 0),28.07,0.75,0.0245
Ni,[100],TWGB,FCC,MACE,5,(1 0 0),36.87,0.75,0.0253
Ni,[100],TWGB,FCC,MACE,29,(1 0 0),43.6,0.77,0.0257
Ni,[100],TWGB,FCC,MACE,29,(1 0 0),46.4,0.77,0.0257
Ni,[100],TWGB,FCC,MACE,5,(1 0 0),53.13,0.75,0.0253
Ni,[100],TWGB,FCC,MACE,17,(1 0 0),61.93,0.75,0.0245
Ni,[100],TWGB,FCC,MACE,13,(1 0 0),67.38,0.72,0.0236
Ni,[100],TWGB,FCC,MACE,37,(1 0 0),71.08,0.69,0.0231
Ni,[100],TWGB,FCC,MACE,25,(1 0 0),73.74,0.66,0.0224
Ni,[100],TWGB,FCC,MACE,41,(1 0 0),77.32,0.60,0.0213
Ni,[100],TWGB,FCC,MEAM,265,(1 0 0),4.98,0.63,0.0101
Ni,[100],TWGB,FCC,MEAM,221,(1 0 0),5.45,0.67,0.0112
Ni,[100],TWGB,FCC,MEAM,181,(1 0 0),6.03,0.71,0.0121
Ni,[100],TWGB,FCC,MEAM,145,(1 0 0),6.73,0.75,0.0136
Ni,[100],TWGB,FCC,MEAM,257,(1 0 0),7.15,0.77,0.0145
Ni,[100],TWGB,FCC,MEAM,113,(1 0 0),7.63,0.80,0.0160
Ni,[100],TWGB,FCC,MEAM,197,(1 0 0),8.17,0.82,0.0161
Ni,[100],TWGB,FCC,MEAM,85,(1 0 0),8.8,0.85,0.0172
Ni,[100],TWGB,FCC,MEAM,61,(1 0 0),10.39,0.90,0.0186
Ni,[100],TWGB,FCC,MEAM,101,(1 0 0),11.42,0.93,0.0196
Ni,[100],TWGB,FCC,MEAM,41,(1 0 0),12.68,0.96,0.0198
Ni,[100],TWGB,FCC,MEAM,25,(1 0 0),16.26,1.02,0.0219
Ni,[100],TWGB,FCC,MEAM,37,(1 0 0),18.92,1.04,0.0232
Ni,[100],TWGB,FCC,MEAM,13,(1 0 0),22.62,1.06,0.0246
Ni,[100],TWGB,FCC,MEAM,89,(1 0 0),25.99,1.07,0.0260
Ni,[100],TWGB,FCC,MEAM,17,(1 0 0),28.07,1.07,0.0266
Ni,[100],TWGB,FCC,MEAM,53,(1 0 0),31.89,1.07,0.0269
Ni,[100],TWGB,FCC,MEAM,109,(1 0 0),33.4,1.06,0.0269
Ni,[100],TWGB,FCC,MEAM,5,(1 0 0),36.87,1.01,0.0281
Ni,[100],TWGB,FCC,MEAM,73,(1 0 0),41.11,1.05,0.0273
Ni,[100],TWGB,FCC,MEAM,97,(1 0 0),42.08,1.05,0.0274
Ni,[100],TWGB,FCC,MEAM,29,(1 0 0),43.6,1.05,0.0272
Ni,[100],TWGB,FCC,MEAM,29,(1 0 0),46.4,1.05,0.0272
Ni,[100],TWGB,FCC,MEAM,97,(1 0 0),47.92,1.05,0.0274
Ni,[100],TWGB,FCC,MEAM,73,(1 0 0),48.89,1.05,0.0273
Ni,[100],TWGB,FCC,MEAM,5,(1 0 0),53.13,1.01,0.0281
Ni,[100],TWGB,FCC,MEAM,109,(1 0 0),56.6,1.06,0.0269
Ni,[100],TWGB,FCC,MEAM,53,(1 0 0),58.11,1.07,0.0269
Ni,[100],TWGB,FCC,MEAM,17,(1 0 0),61.93,1.07,0.0266
Ni,[100],TWGB,FCC,MEAM,89,(1 0 0),64.01,1.07,0.0260
Ni,[100],TWGB,FCC,MEAM,13,(1 0 0),67.38,1.06,0.0246
Ni,[100],TWGB,FCC,MEAM,37,(1 0 0),71.08,1.04,0.0232
Ni,[100],TWGB,FCC,MEAM,25,(1 0 0),73.74,1.02,0.0219
Ni,[100],TWGB,FCC,MEAM,41,(1 0 0),77.32,0.96,0.0198
Ni,[100],TWGB,FCC,MEAM,101,(1 0 0),78.58,0.93,0.0196
Ni,[100],TWGB,FCC,MEAM,61,(1 0 0),79.61,0.90,0.0186
Ni,[100],TWGB,FCC,MEAM,85,(1 0 0),81.2,0.85,0.0172
Ni,[100],TWGB,FCC,MEAM,197,(1 0 0),81.83,0.82,0.0161
Ni,[100],TWGB,FCC,MEAM,113,(1 0 0),82.37,0.80,0.0160
Ni,[100],TWGB,FCC,MEAM,257,(1 0 0),82.85,0.77,0.0145
Ni,[100],TWGB,FCC,MEAM,145,(1 0 0),83.27,0.75,0.0136
Ni,[100],TWGB,FCC,MEAM,181,(1 0 0),83.97,0.71,0.0121
Ni,[100],TWGB,FCC,MEAM,221,(1 0 0),84.55,0.67,0.0112
Ni,[100],TWGB,FCC,MEAM,265,(1 0 0),85.02,0.63,0.0101
Ni,[100],TWGB,FCC,ORB,25,(1 0 0),16.26,0.92,0.0224
Ni,[100],TWGB,FCC,ORB,37,(1 0 0),18.92,0.98,0.0233
Ni,[100],TWGB,FCC,ORB,13,(1 0 0),22.62,1.02,0.0218
Ni,[100],TWGB,FCC,ORB,17,(1 0 0),28.07,1.08,0.0241
Ni,[100],TWGB,FCC,ORB,5,(1 0 0),36.87,1.07,0.0258
Ni,[100],TWGB,FCC,ORB,29,(1 0 0),43.6,1.12,0.0247
Ni,[100],TWGB,FCC,ORB,29,(1 0 0),46.4,1.12,0.0247
Ni,[100],TWGB,FCC,ORB,5,(1 0 0),53.13,1.07,0.0258
Ni,[100],TWGB,FCC,ORB,17,(1 0 0),61.93,1.08,0.0241
Ni,[100],TWGB,FCC,ORB,13,(1 0 0),67.38,1.02,0.0218
Ni,[100],TWGB,FCC,ORB,37,(1 0 0),71.08,0.98,0.0233
Ni,[100],TWGB,FCC,ORB,25,(1 0 0),73.74,0.92,0.0224
Ni,[100],TWGB,FCC,SNAP,265,(1 0 0),4.98,0.56,0.0063
Ni,[100],TWGB,FCC,SNAP,221,(1 0 0),5.45,0.60,0.0067
Ni,[100],TWGB,FCC,SNAP,181,(1 0 0),6.03,0.63,0.0069
Ni,[100],TWGB,FCC,SNAP,145,(1 0 0),6.73,0.67,0.0072
Ni,[100],TWGB,FCC,SNAP,257,(1 0 0),7.15,0.68,0.0073
Ni,[100],TWGB,FCC,SNAP,113,(1 0 0),7.63,0.71,0.0078
Ni,[100],TWGB,FCC,SNAP,197,(1 0 0),8.17,0.73,0.0078
Ni,[100],TWGB,FCC,SNAP,85,(1 0 0),8.8,0.76,0.0080
Ni,[100],TWGB,FCC,SNAP,61,(1 0 0),10.39,0.82,0.0089
Ni,[100],TWGB,FCC,SNAP,101,(1 0 0),11.42,0.85,0.0091
Ni,[100],TWGB,FCC,SNAP,41,(1 0 0),12.68,0.88,0.0097
Ni,[100],TWGB,FCC,SNAP,25,(1 0 0),16.26,0.96,0.0110
Ni,[100],TWGB,FCC,SNAP,37,(1 0 0),18.92,1.00,0.0118
Ni,[100],TWGB,FCC,SNAP,13,(1 0 0),22.62,1.05,0.0131
Ni,[100],TWGB,FCC,SNAP,89,(1 0 0),25.99,1.09,0.0138
Ni,[100],TWGB,FCC,SNAP,17,(1 0 0),28.07,1.10,0.0145
Ni,[100],TWGB,FCC,SNAP,53,(1 0 0),31.89,1.13,0.0149
Ni,[100],TWGB,FCC,SNAP,109,(1 0 0),33.4,1.14,0.0151
Ni,[100],TWGB,FCC,SNAP,5,(1 0 0),36.87,1.11,0.0154
Ni,[100],TWGB,FCC,SNAP,73,(1 0 0),41.11,1.16,0.0156
Ni,[100],TWGB,FCC,SNAP,97,(1 0 0),42.08,1.16,0.0157
Ni,[100],TWGB,FCC,SNAP,29,(1 0 0),43.6,1.16,0.0158
Ni,[100],TWGB,FCC,SNAP,29,(1 0 0),46.4,1.16,0.0158
Ni,[100],TWGB,FCC,SNAP,97,(1 0 0),47.92,1.16,0.0157
Ni,[100],TWGB,FCC,SNAP,73,(1 0 0),48.89,1.16,0.0156
Ni,[100],TWGB,FCC,SNAP,5,(1 0 0),53.13,1.11,0.0154
Ni,[100],TWGB,FCC,SNAP,109,(1 0 0),56.6,1.14,0.0151
Ni,[100],TWGB,FCC,SNAP,53,(1 0 0),58.11,1.13,0.0149
Ni,[100],TWGB,FCC,SNAP,17,(1 0 0),61.93,1.10,0.0145
Ni,[100],TWGB,FCC,SNAP,89,(1 0 0),64.01,1.09,0.0138
Ni,[100],TWGB,FCC,SNAP,13,(1 0 0),67.38,1.05,0.0131
Ni,[100],TWGB,FCC,SNAP,37,(1 0 0),71.08,1.00,0.0118
Ni,[100],TWGB,FCC,SNAP,25,(1 0 0),73.74,0.96,0.0110
Ni,[100],TWGB,FCC,SNAP,41,(1 0 0),77.32,0.88,0.0097
Ni,[100],TWGB,FCC,SNAP,101,(1 0 0),78.58,0.85,0.0091
Ni,[100],TWGB,FCC,SNAP,61,(1 0 0),79.61,0.82,0.0089
Ni,[100],TWGB,FCC,SNAP,85,(1 0 0),81.2,0.76,0.0080
Ni,[100],TWGB,FCC,SNAP,197,(1 0 0),81.83,0.73,0.0078
Ni,[100],TWGB,FCC,SNAP,113,(1 0 0),82.37,0.71,0.0078
Ni,[100],TWGB,FCC,SNAP,257,(1 0 0),82.85,0.68,0.0073
Ni,[100],TWGB,FCC,SNAP,145,(1 0 0),83.27,0.67,0.0072
Ni,[100],TWGB,FCC,SNAP,181,(1 0 0),83.97,0.63,0.0069
Ni,[100],TWGB,FCC,SNAP,221,(1 0 0),84.55,0.60,0.0067
Ni,[100],TWGB,FCC,SNAP,265,(1 0 0),85.02,0.56,0.0063
Ni,[100],TWGB,FCC,SevenNet,25,(1 0 0),16.26,0.87,0.0219
Ni,[100],TWGB,FCC,SevenNet,13,(1 0 0),22.62,0.96,0.0236
Ni,[100],TWGB,FCC,SevenNet,17,(1 0 0),28.07,1.02,0.0253
Ni,[100],TWGB,FCC,SevenNet,5,(1 0 0),36.87,1.02,0.0249
Ni,[100],TWGB,FCC,SevenNet,29,(1 0 0),43.6,1.06,0.0263
Ni,[100],TWGB,FCC,SevenNet,29,(1 0 0),46.4,1.06,0.0263
Ni,[100],TWGB,FCC,SevenNet,5,(1 0 0),53.13,1.02,0.0249
Ni,[100],TWGB,FCC,SevenNet,17,(1 0 0),61.93,1.02,0.0253
Ni,[100],TWGB,FCC,SevenNet,13,(1 0 0),67.38,0.96,0.0236
Ni,[100],TWGB,FCC,SevenNet,25,(1 0 0),73.74,0.87,0.0219
Ni,[100],TWGB,FCC,UMA,41,(1 0 0),12.68,1.06,0.0364
Ni,[100],TWGB,FCC,UMA,25,(1 0 0),16.26,1.15,0.0377
Ni,[100],TWGB,FCC,UMA,37,(1 0 0),18.92,1.21,0.0386
Ni,[100],TWGB,FCC,UMA,13,(1 0 0),22.62,1.26,0.0392
Ni,[100],TWGB,FCC,UMA,17,(1 0 0),28.07,1.32,0.0404
Ni,[100],TWGB,FCC,UMA,5,(1 0 0),36.87,1.34,0.0416
Ni,[100],TWGB,FCC,UMA,29,(1 0 0),43.6,1.37,0.0417
Ni,[100],TWGB,FCC,UMA,29,(1 0 0),46.4,1.37,0.0417
Ni,[100],TWGB,FCC,UMA,5,(1 0 0),53.13,1.34,0.0416
Ni,[100],TWGB,FCC,UMA,17,(1 0 0),61.93,1.32,0.0404
Ni,[100],TWGB,FCC,UMA,13,(1 0 0),67.38,1.26,0.0392
Ni,[100],TWGB,FCC,UMA,37,(1 0 0),71.08,1.21,0.0386
Ni,[100],TWGB,FCC,UMA,25,(1 0 0),73.74,1.15,0.0377
Ni,[100],TWGB,FCC,UMA,41,(1 0 0),77.32,1.06,0.0364
Ni,[100],TWGB,FCC,UNEP,265,(1 0 0),4.98,0.48,0.0188
Ni,[100],TWGB,FCC,UNEP,221,(1 0 0),5.45,0.51,0.0200
Ni,[100],TWGB,FCC,UNEP,181,(1 0 0),6.03,0.54,0.0209
Ni,[100],TWGB,FCC,UNEP,145,(1 0 0),6.73,0.58,0.0225
Ni,[100],TWGB,FCC,UNEP,113,(1 0 0),7.63,0.62,0.0233
Ni,[100],TWGB,FCC,UNEP,85,(1 0 0),8.8,0.66,0.0246
Ni,[100],TWGB,FCC,UNEP,61,(1 0 0),10.39,0.72,0.0259
Ni,[100],TWGB,FCC,UNEP,41,(1 0 0),12.68,0.79,0.0275
Ni,[100],TWGB,FCC,UNEP,25,(1 0 0),16.26,0.88,0.0293
Ni,[100],TWGB,FCC,UNEP,13,(1 0 0),22.62,1.00,0.0318
Ni,[100],TWGB,FCC,UNEP,89,(1 0 0),25.99,1.04,0.0331
Ni,[100],TWGB,FCC,UNEP,5,(1 0 0),36.87,1.11,0.0339
Ni,[100],TWGB,FCC,UNEP,97,(1 0 0),42.08,1.13,0.0361
Ni,[100],TWGB,FCC,UNEP,29,(1 0 0),46.4,1.13,0.0380
Ni,[100],TWGB,FCC,UNEP,73,(1 0 0),48.89,1.13,0.0358
Ni,[100],TWGB,FCC,UNEP,109,(1 0 0),56.6,1.11,0.0372
Ni,[100],TWGB,FCC,UNEP,53,(1 0 0),58.11,1.10,0.0346
Ni,[100],TWGB,FCC,UNEP,17,(1 0 0),61.93,1.07,0.0332
Ni,[100],TWGB,FCC,UNEP,37,(1 0 0),71.08,0.94,0.0303
Ni,[100],TWGB,FCC,UNEP,101,(1 0 0),78.58,0.76,0.0266
Ni,[100],TWGB,FCC,UNEP,197,(1 0 0),81.83,0.64,0.0232
Ni,[100],TWGB,FCC,UNEP,257,(1 0 0),82.85,0.60,0.0213
Ni,[100],TWGB,FCC,eSEN,85,(1 0 0),8.8,0.66,0.0192
Ni,[100],TWGB,FCC,eSEN,61,(1 0 0),10.39,0.72,0.0206
Ni,[100],TWGB,FCC,eSEN,101,(1 0 0),11.42,0.75,0.0212
Ni,[100],TWGB,FCC,eSEN,41,(1 0 0),12.68,0.79,0.0222
Ni,[100],TWGB,FCC,eSEN,25,(1 0 0),16.26,0.88,0.0241
Ni,[100],TWGB,FCC,eSEN,37,(1 0 0),18.92,0.93,0.0253
Ni,[100],TWGB,FCC,eSEN,13,(1 0 0),22.62,0.97,0.0264
Ni,[100],TWGB,FCC,eSEN,89,(1 0 0),25.99,1.00,0.0276
Ni,[100],TWGB,FCC,eSEN,17,(1 0 0),28.07,1.02,0.0280
Ni,[100],TWGB,FCC,eSEN,53,(1 0 0),31.89,1.04,0.0291
Ni,[100],TWGB,FCC,eSEN,109,(1 0 0),33.4,1.04,0.0293
Ni,[100],TWGB,FCC,eSEN,5,(1 0 0),36.87,1.02,0.0299
Ni,[100],TWGB,FCC,eSEN,73,(1 0 0),41.11,1.05,0.0300
Ni,[100],TWGB,FCC,eSEN,97,(1 0 0),42.08,1.05,0.0301
Ni,[100],TWGB,FCC,eSEN,29,(1 0 0),43.6,1.05,0.0301
Ni,[100],TWGB,FCC,eSEN,29,(1 0 0),46.4,1.05,0.0301
Ni,[100],TWGB,FCC,eSEN,97,(1 0 0),47.92,1.05,0.0301
Ni,[100],TWGB,FCC,eSEN,73,(1 0 0),48.89,1.05,0.0300
Ni,[100],TWGB,FCC,eSEN,5,(1 0 0),53.13,1.02,0.0299
Ni,[100],TWGB,FCC,eSEN,109,(1 0 0),56.6,1.04,0.0293
Ni,[100],TWGB,FCC,eSEN,53,(1 0 0),58.11,1.04,0.0291
Ni,[100],TWGB,FCC,eSEN,17,(1 0 0),61.93,1.02,0.0280
Ni,[100],TWGB,FCC,eSEN,89,(1 0 0),64.01,1.00,0.0276
Ni,[100],TWGB,FCC,eSEN,13,(1 0 0),67.38,0.97,0.0264
Ni,[100],TWGB,FCC,eSEN,37,(1 0 0),71.08,0.93,0.0253
Ni,[100],TWGB,FCC,eSEN,25,(1 0 0),73.74,0.88,0.0241
Ni,[100],TWGB,FCC,eSEN,41,(1 0 0),77.32,0.79,0.0222
Ni,[100],TWGB,FCC,eSEN,101,(1 0 0),78.58,0.75,0.0212
Ni,[100],TWGB,FCC,eSEN,61,(1 0 0),79.61,0.72,0.0206
Ni,[100],TWGB,FCC,eSEN,85,(1 0 0),81.2,0.66,0.0192
Ni,[110],STGB,FCC,ADP,289,(1 -1 24),6.74,0.89,0.0068
Ni,[110],STGB,FCC,ADP,243,(-11 11 1),7.36,1.08,0.0142
Ni,[110],STGB,FCC,ADP,201,(-10 10 1),8.09,1.11,0.0154
Ni,[110],STGB,FCC,ADP,291,(1 -1 17),9.51,1.22,0.0175
Ni,[110],STGB,FCC,ADP,129,(-8 8 1),10.1,1.14,0.0185
Ni,[110],STGB,FCC,ADP,227,(-15 15 2),10.77,1.37,0.0192
Ni,[110],STGB,FCC,ADP,99,(-7 7 1),11.54,1.29,0.0129
Ni,[110],STGB,FCC,ADP,73,(-6 6 1),13.44,1.32,0.0149
Ni,[110],STGB,FCC,ADP,51,(-5 5 1),16.1,1.35,0.0122
Ni,[110],STGB,FCC,ADP,83,(-9 9 2),17.86,1.53,0.0275
Ni,[110],STGB,FCC,ADP,33,(-4 4 1),20.05,1.38,0.0184
Ni,[110],STGB,FCC,ADP,19,(-3 3 1),26.53,1.43,0.0228
Ni,[110],STGB,FCC,ADP,27,(-5 5 2),31.59,1.66,0.0348
Ni,[110],STGB,FCC,ADP,89,(-2 2 -9),34.89,1.85,0.0342
Ni,[110],STGB,FCC,ADP,9,(-1 1 -4),38.94,1.14,0.0243
Ni,[110],STGB,FCC,ADP,57,(-2 2 -7),44,1.62,0.0265
Ni,[110],STGB,FCC,ADP,59,(-5 5 3),45.98,1.13,0.0186
Ni,[110],STGB,FCC,ADP,11,(-3 3 2),50.48,1.25,0.0244
Ni,[110],STGB,FCC,ADP,41,(-3 3 -8),55.88,1.06,0.0150
Ni,[110],STGB,FCC,ADP,97,(-5 5 -12),61.02,1.35,0.0156
Ni,[110],STGB,FCC,ADP,67,(-3 3 -7),62.44,1.04,0.0110
Ni,[110],STGB,FCC,ADP,3,(-1 1 1),70.53,0.11,0.0003
Ni,[110],STGB,FCC,ADP,81,(7 -7 -8),77.88,1.10,0.0120
Ni,[110],STGB,FCC,ADP,43,(5 -5 -6),80.63,1.17,0.0147
Ni,[110],STGB,FCC,ADP,17,(3 -3 -4),86.63,1.27,0.0124
Ni,[110],STGB,FCC,EAM,289,(1 -1 24),6.74,0.80,0.0125
Ni,[110],STGB,FCC,EAM,243,(-11 11 1),7.36,1.01,0.0195
Ni,[110],STGB,FCC,EAM,201,(-10 10 1),8.09,1.03,0.0203
Ni,[110],STGB,FCC,EAM,291,(1 -1 17),9.51,1.13,0.0223
Ni,[110],STGB,FCC,EAM,129,(-8 8 1),10.1,1.06,0.0218
Ni,[110],STGB,FCC,EAM,227,(-15 15 2),10.77,1.28,0.0250
Ni,[110],STGB,FCC,EAM,99,(-7 7 1),11.54,1.21,0.0199
Ni,[110],STGB,FCC,EAM,73,(-6 6 1),13.44,1.22,0.0202
Ni,[110],STGB,FCC,EAM,51,(-5 5 1),16.1,1.24,0.0215
Ni,[110],STGB,FCC,EAM,83,(-9 9 2),17.86,1.41,0.0307
Ni,[110],STGB,FCC,EAM,33,(-4 4 1),20.05,1.21,0.0204
Ni,[110],STGB,FCC,EAM,19,(-3 3 1),26.53,1.30,0.0272
Ni,[110],STGB,FCC,EAM,27,(-5 5 2),31.59,1.49,0.0349
Ni,[110],STGB,FCC,EAM,89,(-2 2 -9),34.89,1.59,0.0348
Ni,[110],STGB,FCC,EAM,9,(-1 1 -4),38.94,1.12,0.0245
Ni,[110],STGB,FCC,EAM,57,(-2 2 -7),44,1.49,0.0317
Ni,[110],STGB,FCC,EAM,59,(-5 5 3),45.98,1.04,0.0213
Ni,[110],STGB,FCC,EAM,11,(-3 3 2),50.48,1.24,0.0270
Ni,[110],STGB,FCC,EAM,41,(-3 3 -8),55.88,0.98,0.0194
Ni,[110],STGB,FCC,EAM,97,(-5 5 -12),61.02,1.27,0.0220
Ni,[110],STGB,FCC,EAM,67,(-3 3 -7),62.44,1.07,0.0163
Ni,[110],STGB,FCC,EAM,3,(-1 1 1),70.53,0.11,0.0005
Ni,[110],STGB,FCC,EAM,81,(7 -7 -8),77.88,0.97,0.0177
Ni,[110],STGB,FCC,EAM,43,(5 -5 -6),80.63,0.97,0.0188
Ni,[110],STGB,FCC,EAM,17,(3 -3 -4),86.63,1.14,0.0228
Ni,[110],STGB,FCC,GRACE,289,(1 -1 24),6.74,0.80,0.0094
Ni,[110],STGB,FCC,GRACE,243,(-11 11 1),7.36,0.84,0.0148
Ni,[110],STGB,FCC,GRACE,201,(-10 10 1),8.09,1.04,0.0198
Ni,[110],STGB,FCC,GRACE,291,(1 -1 17),9.51,0.97,0.0172
Ni,[110],STGB,FCC,GRACE,129,(-8 8 1),10.1,1.00,0.0176
Ni,[110],STGB,FCC,GRACE,227,(-15 15 2),10.77,1.02,0.0182
Ni,[110],STGB,FCC,GRACE,99,(-7 7 1),11.54,0.92,0.0136
Ni,[110],STGB,FCC,GRACE,73,(-6 6 1),13.44,1.01,0.0152
Ni,[110],STGB,FCC,GRACE,51,(-5 5 1),16.1,1.11,0.0180
Ni,[110],STGB,FCC,GRACE,83,(-9 9 2),17.86,1.18,0.0267
Ni,[110],STGB,FCC,GRACE,27,(-5 5 2),31.59,1.41,0.0326
Ni,[110],STGB,FCC,GRACE,89,(-2 2 -9),34.89,1.33,0.0250
Ni,[110],STGB,FCC,GRACE,9,(-1 1 -4),38.94,1.32,0.0248
Ni,[110],STGB,FCC,GRACE,57,(-2 2 -7),44,1.32,0.0295
Ni,[110],STGB,FCC,GRACE,59,(-5 5 3),45.98,0.90,0.0208
Ni,[110],STGB,FCC,GRACE,11,(-3 3 2),50.48,1.23,0.0254
Ni,[110],STGB,FCC,GRACE,97,(-5 5 -12),61.02,1.31,0.0210
Ni,[110],STGB,FCC,GRACE,67,(-3 3 -7),62.44,0.87,0.0216
Ni,[110],STGB,FCC,GRACE,3,(-1 1 1),70.53,0.07,0.0008
Ni,[110],STGB,FCC,GRACE,81,(7 -7 -8),77.88,0.72,0.0117
Ni,[110],STGB,FCC,GRACE,43,(5 -5 -6),80.63,0.82,0.0139
Ni,[110],STGB,FCC,GRACE,17,(3 -3 -4),86.63,1.11,0.0176
Ni,[110],STGB,FCC,MACE,51,(-5 5 1),16.1,1.08,0.0283
Ni,[110],STGB,FCC,MACE,33,(-4 4 1),20.05,1.07,0.0285
Ni,[110],STGB,FCC,MACE,19,(-3 3 1),26.53,1.04,0.0268
Ni,[110],STGB,FCC,MACE,27,(-5 5 2),31.59,0.90,0.0295
Ni,[110],STGB,FCC,MACE,9,(-1 1 -4),38.94,0.95,0.0244
Ni,[110],STGB,FCC,MACE,57,(-2 2 -7),44,0.87,0.0300
Ni,[110],STGB,FCC,MACE,59,(-5 5 3),45.98,0.95,0.0312
Ni,[110],STGB,FCC,MACE,11,(-3 3 2),50.48,0.82,0.0270
Ni,[110],STGB,FCC,MACE,41,(-3 3 -8),55.88,0.88,0.0275
Ni,[110],STGB,FCC,MACE,43,(5 -5 -6),80.63,0.55,0.0170
Ni,[110],STGB,FCC,MACE,17,(3 -3 -4),86.63,0.71,0.0126
Ni,[110],STGB,FCC,MEAM,289,(1 -1 24),6.74,0.80,0.0120
Ni,[110],STGB,FCC,MEAM,243,(-11 11 1),7.36,1.31,0.0306
Ni,[110],STGB,FCC,MEAM,201,(-10 10 1),8.09,1.35,0.0317
Ni,[110],STGB,FCC,MEAM,291,(1 -1 17),9.51,1.51,0.0365
Ni,[110],STGB,FCC,MEAM,129,(-8 8 1),10.1,1.46,0.0368
Ni,[110],STGB,FCC,MEAM,227,(-15 15 2),10.77,1.61,0.0370
Ni,[110],STGB,FCC,MEAM,99,(-7 7 1),11.54,1.25,0.0193
Ni,[110],STGB,FCC,MEAM,73,(-6 6 1),13.44,1.22,0.0191
Ni,[110],STGB,FCC,MEAM,51,(-5 5 1),16.1,1.32,0.0221
Ni,[110],STGB,FCC,MEAM,83,(-9 9 2),17.86,1.63,0.0359
Ni,[110],STGB,FCC,MEAM,33,(-4 4 1),20.05,1.29,0.0227
Ni,[110],STGB,FCC,MEAM,19,(-3 3 1),26.53,1.34,0.0262
Ni,[110],STGB,FCC,MEAM,27,(-5 5 2),31.59,1.50,0.0351
Ni,[110],STGB,FCC,MEAM,89,(-2 2 -9),34.89,1.57,0.0347
Ni,[110],STGB,FCC,MEAM,9,(-1 1 -4),38.94,1.06,0.0208
Ni,[110],STGB,FCC,MEAM,57,(-2 2 -7),44,1.53,0.0342
Ni,[110],STGB,FCC,MEAM,59,(-5 5 3),45.98,1.21,0.0270
Ni,[110],STGB,FCC,MEAM,11,(-3 3 2),50.48,1.25,0.0264
Ni,[110],STGB,FCC,MEAM,41,(-3 3 -8),55.88,1.35,0.0337
Ni,[110],STGB,FCC,MEAM,97,(-5 5 -12),61.02,1.54,0.0328
Ni,[110],STGB,FCC,MEAM,67,(-3 3 -7),62.44,0.98,0.0167
Ni,[110],STGB,FCC,MEAM,3,(-1 1 1),70.53,0.07,0.0007
Ni,[110],STGB,FCC,MEAM,81,(7 -7 -8),77.88,1.04,0.0188
Ni,[110],STGB,FCC,MEAM,43,(5 -5 -6),80.63,1.11,0.0210
Ni,[110],STGB,FCC,MEAM,17,(3 -3 -4),86.63,1.19,0.0225
Ni,[110],STGB,FCC,ORB,51,(-5 5 1),16.1,1.08,0.0201
Ni,[110],STGB,FCC,ORB,33,(-4 4 1),20.05,1.20,0.0274
Ni,[110],STGB,FCC,ORB,27,(-5 5 2),31.59,1.37,0.0358
Ni,[110],STGB,FCC,ORB,9,(-1 1 -4),38.94,1.15,0.0287
Ni,[110],STGB,FCC,ORB,11,(-3 3 2),50.48,1.18,0.0342
Ni,[110],STGB,FCC,ORB,41,(-3 3 -8),55.88,1.16,0.1248
Ni,[110],STGB,FCC,ORB,3,(-1 1 1),70.53,0.08,0.0013
Ni,[110],STGB,FCC,ORB,43,(5 -5 -6),80.63,0.80,0.0233
Ni,[110],STGB,FCC,ORB,17,(3 -3 -4),86.63,1.06,0.0221
Ni,[110],STGB,FCC,SNAP,289,(1 -1 24),6.74,0.84,0.0144
Ni,[110],STGB,FCC,SNAP,243,(-11 11 1),7.36,1.10,0.0144
Ni,[110],STGB,FCC,SNAP,201,(-10 10 1),8.09,1.12,0.0148
Ni,[110],STGB,FCC,SNAP,291,(1 -1 17),9.51,1.23,0.0164
Ni,[110],STGB,FCC,SNAP,129,(-8 8 1),10.1,1.17,0.0155
Ni,[110],STGB,FCC,SNAP,227,(-15 15 2),10.77,1.38,0.0183
Ni,[110],STGB,FCC,SNAP,99,(-7 7 1),11.54,1.20,0.0170
Ni,[110],STGB,FCC,SNAP,73,(-6 6 1),13.44,1.20,0.0171
Ni,[110],STGB,FCC,SNAP,51,(-5 5 1),16.1,1.26,0.0171
Ni,[110],STGB,FCC,SNAP,83,(-9 9 2),17.86,1.48,0.0207
Ni,[110],STGB,FCC,SNAP,33,(-4 4 1),20.05,1.30,0.0175
Ni,[110],STGB,FCC,SNAP,19,(-3 3 1),26.53,1.28,0.0200
Ni,[110],STGB,FCC,SNAP,27,(-5 5 2),31.59,1.51,0.0229
Ni,[110],STGB,FCC,SNAP,89,(-2 2 -9),34.89,1.62,0.0252
Ni,[110],STGB,FCC,SNAP,9,(-1 1 -4),38.94,1.20,0.0158
Ni,[110],STGB,FCC,SNAP,57,(-2 2 -7),44,1.56,0.0227
Ni,[110],STGB,FCC,SNAP,59,(-5 5 3),45.98,1.10,0.0143
Ni,[110],STGB,FCC,SNAP,11,(-3 3 2),50.48,1.42,0.0185
Ni,[110],STGB,FCC,SNAP,41,(-3 3 -8),55.88,1.35,0.0247
Ni,[110],STGB,FCC,SNAP,97,(-5 5 -12),61.02,1.57,0.0272
Ni,[110],STGB,FCC,SNAP,67,(-3 3 -7),62.44,1.11,0.0167
Ni,[110],STGB,FCC,SNAP,3,(-1 1 1),70.53,0.07,0.0036
Ni,[110],STGB,FCC,SNAP,81,(7 -7 -8),77.88,1.01,0.0153
Ni,[110],STGB,FCC,SNAP,43,(5 -5 -6),80.63,1.02,0.0152
Ni,[110],STGB,FCC,SNAP,17,(3 -3 -4),86.63,1.16,0.0166
Ni,[110],STGB,FCC,SevenNet,33,(-4 4 1),20.05,0.96,0.0149
Ni,[110],STGB,FCC,SevenNet,19,(-3 3 1),26.53,1.35,0.0154
Ni,[110],STGB,FCC,SevenNet,27,(-5 5 2),31.59,1.27,0.0334
Ni,[110],STGB,FCC,SevenNet,9,(-1 1 -4),38.94,1.19,0.0659
Ni,[110],STGB,FCC,SevenNet,11,(-3 3 2),50.48,1.08,0.0252
Ni,[110],STGB,FCC,SevenNet,41,(-3 3 -8),55.88,1.04,0.0256
Ni,[110],STGB,FCC,SevenNet,3,(-1 1 1),70.53,0.01,0.0009
Ni,[110],STGB,FCC,SevenNet,43,(5 -5 -6),80.63,0.72,0.0134
Ni,[110],STGB,FCC,SevenNet,17,(3 -3 -4),86.63,0.99,0.0171
Ni,[110],STGB,FCC,UMA,289,(1 -1 24),6.74,1.13,0.0441
Ni,[110],STGB,FCC,UMA,51,(-5 5 1),16.1,1.75,0.0780
Ni,[110],STGB,FCC,UMA,33,(-4 4 1),20.05,2.03,0.0707
Ni,[110],STGB,FCC,UMA,19,(-3 3 1),26.53,1.63,0.0616
Ni,[110],STGB,FCC,UMA,27,(-5 5 2),31.59,1.88,0.0691
Ni,[110],STGB,FCC,UMA,9,(-1 1 -4),38.94,1.59,0.0677
Ni,[110],STGB,FCC,UMA,57,(-2 2 -7),44,2.04,0.0828
Ni,[110],STGB,FCC,UMA,59,(-5 5 3),45.98,1.62,0.0781
Ni,[110],STGB,FCC,UMA,11,(-3 3 2),50.48,1.53,0.0499
Ni,[110],STGB,FCC,UMA,41,(-3 3 -8),55.88,1.80,0.0718
Ni,[110],STGB,FCC,UMA,67,(-3 3 -7),62.44,1.65,0.0741
Ni,[110],STGB,FCC,UMA,3,(-1 1 1),70.53,0.17,0.0083
Ni,[110],STGB,FCC,UMA,81,(7 -7 -8),77.88,1.58,0.0640
Ni,[110],STGB,FCC,UMA,43,(5 -5 -6),80.63,1.44,0.0572
Ni,[110],STGB,FCC,UMA,17,(3 -3 -4),86.63,1.43,0.0364
Ni,[110],STGB,FCC,UNEP,129,(-8 8 1),10.1,0.84,0.0617
Ni,[110],STGB,FCC,UNEP,73,(-6 6 1),13.44,0.93,0.0725
Ni,[110],STGB,FCC,UNEP,33,(-4 4 1),20.05,1.09,0.0647
Ni,[110],STGB,FCC,UNEP,57,(-2 2 -7),44,1.21,0.0657
Ni,[110],STGB,FCC,UNEP,67,(-3 3 -7),62.44,0.70,0.0606
Ni,[110],STGB,FCC,UNEP,3,(-1 1 1),70.53,0.07,0.0000
Ni,[110],STGB,FCC,UNEP,43,(5 -5 -6),80.63,0.14,0.0567
Ni,[110],STGB,FCC,UNEP,17,(3 -3 -4),86.63,1.00,0.0601
Ni,[110],STGB,FCC,eSEN,129,(-8 8 1),10.1,1.13,0.0512
Ni,[110],STGB,FCC,eSEN,73,(-6 6 1),13.44,0.96,0.0386
Ni,[110],STGB,FCC,eSEN,51,(-5 5 1),16.1,1.10,0.0355
Ni,[110],STGB,FCC,eSEN,83,(-9 9 2),17.86,1.28,0.0551
Ni,[110],STGB,FCC,eSEN,33,(-4 4 1),20.05,1.10,0.0398
Ni,[110],STGB,FCC,eSEN,19,(-3 3 1),26.53,1.35,0.0718
Ni,[110],STGB,FCC,eSEN,27,(-5 5 2),31.59,1.35,0.0595
Ni,[110],STGB,FCC,eSEN,9,(-1 1 -4),38.94,1.22,0.0960
Ni,[110],STGB,FCC,eSEN,57,(-2 2 -7),44,1.43,0.0578
Ni,[110],STGB,FCC,eSEN,59,(-5 5 3),45.98,0.90,0.0397
Ni,[110],STGB,FCC,eSEN,11,(-3 3 2),50.48,1.35,0.0565
Ni,[110],STGB,FCC,eSEN,41,(-3 3 -8),55.88,0.85,0.0323
Ni,[110],STGB,FCC,eSEN,67,(-3 3 -7),62.44,0.69,0.0361
Ni,[110],STGB,FCC,eSEN,3,(-1 1 1),70.53,0.00,0.0003
Ni,[110],STGB,FCC,eSEN,81,(7 -7 -8),77.88,0.80,0.0399
Ni,[110],STGB,FCC,eSEN,43,(5 -5 -6),80.63,0.89,0.0334
Ni,[110],STGB,FCC,eSEN,17,(3 -3 -4),86.63,1.05,0.0371
Ni,[110],TWGB,FCC,ADP,289,(1 1 0),6.74,1.00,0.0120
Ni,[110],TWGB,FCC,ADP,243,(1 1 0),7.36,1.05,0.0125
Ni,[110],TWGB,FCC,ADP,201,(1 1 0),8.09,1.11,0.0140
Ni,[110],TWGB,FCC,ADP,291,(1 1 0),9.51,1.16,0.0144
Ni,[110],TWGB,FCC,ADP,129,(1 1 0),10.1,1.20,0.0138
Ni,[110],TWGB,FCC,ADP,227,(1 1 0),10.77,1.22,0.0156
Ni,[110],TWGB,FCC,ADP,99,(1 1 0),11.54,1.28,0.0168
Ni,[110],TWGB,FCC,ADP,73,(1 1 0),13.44,1.36,0.0192
Ni,[110],TWGB,FCC,ADP,51,(1 1 0),16.1,1.45,0.0205
Ni,[110],TWGB,FCC,ADP,83,(1 1 0),17.86,1.48,0.0201
Ni,[110],TWGB,FCC,ADP,33,(1 1 0),20.05,1.55,0.0226
Ni,[110],TWGB,FCC,ADP,19,(1 1 0),26.53,1.63,0.0227
Ni,[110],TWGB,FCC,ADP,27,(1 1 0),31.59,1.70,0.0230
Ni,[110],TWGB,FCC,ADP,89,(1 1 0),34.89,1.77,0.0238
Ni,[110],TWGB,FCC,ADP,9,(1 1 0),38.94,1.78,0.0221
Ni,[110],TWGB,FCC,ADP,57,(1 1 0),44,1.81,0.0269
Ni,[110],TWGB,FCC,ADP,59,(1 1 0),45.98,1.81,0.0268
Ni,[110],TWGB,FCC,ADP,11,(1 1 0),50.48,1.72,0.0234
Ni,[110],TWGB,FCC,ADP,41,(1 1 0),55.88,1.82,0.0238
Ni,[110],TWGB,FCC,ADP,97,(1 1 0),61.02,1.88,0.0281
Ni,[110],TWGB,FCC,ADP,67,(1 1 0),62.44,1.90,0.0258
Ni,[110],TWGB,FCC,ADP,3,(1 1 0),70.53,1.77,0.0301
Ni,[110],TWGB,FCC,ADP,81,(1 1 0),77.88,1.78,0.0266
Ni,[110],TWGB,FCC,ADP,43,(1 1 0),80.63,1.80,0.0286
Ni,[110],TWGB,FCC,ADP,17,(1 1 0),86.63,1.79,0.0301
Ni,[110],TWGB,FCC,EAM,289,(1 1 0),6.74,0.89,0.0157
Ni,[110],TWGB,FCC,EAM,243,(1 1 0),7.36,0.95,0.0171
Ni,[110],TWGB,FCC,EAM,201,(1 1 0),8.09,0.98,0.0174
Ni,[110],TWGB,FCC,EAM,291,(1 1 0),9.51,1.02,0.0176
Ni,[110],TWGB,FCC,EAM,129,(1 1 0),10.1,1.08,0.0197
Ni,[110],TWGB,FCC,EAM,227,(1 1 0),10.77,1.11,0.0210
Ni,[110],TWGB,FCC,EAM,99,(1 1 0),11.54,1.14,0.0213
Ni,[110],TWGB,FCC,EAM,73,(1 1 0),13.44,1.19,0.0215
Ni,[110],TWGB,FCC,EAM,51,(1 1 0),16.1,1.24,0.0231
Ni,[110],TWGB,FCC,EAM,83,(1 1 0),17.86,1.28,0.0247
Ni,[110],TWGB,FCC,EAM,33,(1 1 0),20.05,1.34,0.0267
Ni,[110],TWGB,FCC,EAM,19,(1 1 0),26.53,1.44,0.0296
Ni,[110],TWGB,FCC,EAM,27,(1 1 0),31.59,1.51,0.0303
Ni,[110],TWGB,FCC,EAM,89,(1 1 0),34.89,1.56,0.0321
Ni,[110],TWGB,FCC,EAM,9,(1 1 0),38.94,1.61,0.0313
Ni,[110],TWGB,FCC,EAM,57,(1 1 0),44,1.65,0.0343
Ni,[110],TWGB,FCC,EAM,59,(1 1 0),45.98,1.60,0.0325
Ni,[110],TWGB,FCC,EAM,11,(1 1 0),50.48,1.60,0.0327
Ni,[110],TWGB,FCC,EAM,41,(1 1 0),55.88,1.63,0.0332
Ni,[110],TWGB,FCC,EAM,97,(1 1 0),61.02,1.51,0.0284
Ni,[110],TWGB,FCC,EAM,67,(1 1 0),62.44,1.63,0.0323
Ni,[110],TWGB,FCC,EAM,3,(1 1 0),70.53,1.69,0.0342
Ni,[110],TWGB,FCC,EAM,81,(1 1 0),77.88,1.58,0.0307
Ni,[110],TWGB,FCC,EAM,43,(1 1 0),80.63,1.66,0.0332
Ni,[110],TWGB,FCC,EAM,17,(1 1 0),86.63,1.69,0.0344
Ni,[110],TWGB,FCC,GRACE,19,(1 1 0),26.53,1.59,0.0251
Ni,[110],TWGB,FCC,GRACE,89,(1 1 0),34.89,1.65,0.0256
Ni,[110],TWGB,FCC,GRACE,57,(1 1 0),44,1.74,0.0253
Ni,[110],TWGB,FCC,GRACE,59,(1 1 0),45.98,1.75,0.0249
Ni,[110],TWGB,FCC,GRACE,11,(1 1 0),50.48,1.79,0.0246
Ni,[110],TWGB,FCC,MACE,33,(1 1 0),20.05,1.04,0.0318
Ni,[110],TWGB,FCC,MACE,19,(1 1 0),26.53,1.11,0.0308
Ni,[110],TWGB,FCC,MACE,27,(1 1 0),31.59,1.28,0.0291
Ni,[110],TWGB,FCC,MACE,9,(1 1 0),38.94,1.32,0.0237
Ni,[110],TWGB,FCC,MACE,11,(1 1 0),50.48,1.35,0.0275
Ni,[110],TWGB,FCC,MACE,41,(1 1 0),55.88,1.25,0.0207
Ni,[110],TWGB,FCC,MACE,3,(1 1 0),70.53,1.37,0.0230
Ni,[110],TWGB,FCC,MACE,43,(1 1 0),80.63,1.24,0.0222
Ni,[110],TWGB,FCC,MACE,17,(1 1 0),86.63,1.22,0.0239
Ni,[110],TWGB,FCC,MEAM,289,(1 1 0),6.74,1.10,0.0228
Ni,[110],TWGB,FCC,MEAM,243,(1 1 0),7.36,1.17,0.0248
Ni,[110],TWGB,FCC,MEAM,201,(1 1 0),8.09,1.21,0.0265
Ni,[110],TWGB,FCC,MEAM,291,(1 1 0),9.51,1.30,0.0270
Ni,[110],TWGB,FCC,MEAM,129,(1 1 0),10.1,1.35,0.0310
Ni,[110],TWGB,FCC,MEAM,227,(1 1 0),10.77,1.36,0.0292
Ni,[110],TWGB,FCC,MEAM,99,(1 1 0),11.54,1.43,0.0323
Ni,[110],TWGB,FCC,MEAM,73,(1 1 0),13.44,1.48,0.0339
Ni,[110],TWGB,FCC,MEAM,51,(1 1 0),16.1,1.59,0.0365
Ni,[110],TWGB,FCC,MEAM,83,(1 1 0),17.86,1.65,0.0401
Ni,[110],TWGB,FCC,MEAM,33,(1 1 0),20.05,1.68,0.0398
Ni,[110],TWGB,FCC,MEAM,19,(1 1 0),26.53,1.79,0.0451
Ni,[110],TWGB,FCC,MEAM,27,(1 1 0),31.59,1.72,0.0435
Ni,[110],TWGB,FCC,MEAM,89,(1 1 0),34.89,1.83,0.0479
Ni,[110],TWGB,FCC,MEAM,9,(1 1 0),38.94,1.80,0.0499
Ni,[110],TWGB,FCC,MEAM,57,(1 1 0),44,1.83,0.0485
Ni,[110],TWGB,FCC,MEAM,59,(1 1 0),45.98,1.81,0.0470
Ni,[110],TWGB,FCC,MEAM,11,(1 1 0),50.48,1.76,0.0431
Ni,[110],TWGB,FCC,MEAM,41,(1 1 0),55.88,1.84,0.0464
Ni,[110],TWGB,FCC,MEAM,97,(1 1 0),61.02,1.82,0.0488
Ni,[110],TWGB,FCC,MEAM,67,(1 1 0),62.44,1.83,0.0479
Ni,[110],TWGB,FCC,MEAM,3,(1 1 0),70.53,1.83,0.0558
Ni,[110],TWGB,FCC,MEAM,81,(1 1 0),77.88,1.82,0.0448
Ni,[110],TWGB,FCC,MEAM,43,(1 1 0),80.63,1.80,0.0486
Ni,[110],TWGB,FCC,MEAM,17,(1 1 0),86.63,1.76,0.0450
Ni,[110],TWGB,FCC,ORB,33,(1 1 0),20.05,1.45,0.0284
Ni,[110],TWGB,FCC,ORB,19,(1 1 0),26.53,1.58,0.0273
Ni,[110],TWGB,FCC,ORB,27,(1 1 0),31.59,1.57,0.0277
Ni,[110],TWGB,FCC,ORB,9,(1 1 0),38.94,1.75,0.0224
Ni,[110],TWGB,FCC,ORB,11,(1 1 0),50.48,1.67,0.0241
Ni,[110],TWGB,FCC,ORB,41,(1 1 0),55.88,1.71,0.0207
Ni,[110],TWGB,FCC,ORB,3,(1 1 0),70.53,1.81,0.0111
Ni,[110],TWGB,FCC,ORB,17,(1 1 0),86.63,1.66,0.0273
Ni,[110],TWGB,FCC,SNAP,289,(1 1 0),6.74,0.97,0.0118
Ni,[110],TWGB,FCC,SNAP,243,(1 1 0),7.36,1.02,0.0127
Ni,[110],TWGB,FCC,SNAP,201,(1 1 0),8.09,1.08,0.0129
Ni,[110],TWGB,FCC,SNAP,291,(1 1 0),9.51,1.13,0.0136
Ni,[110],TWGB,FCC,SNAP,129,(1 1 0),10.1,1.17,0.0143
Ni,[110],TWGB,FCC,SNAP,227,(1 1 0),10.77,1.18,0.0141
Ni,[110],TWGB,FCC,SNAP,99,(1 1 0),11.54,1.22,0.0147
Ni,[110],TWGB,FCC,SNAP,73,(1 1 0),13.44,1.28,0.0156
Ni,[110],TWGB,FCC,SNAP,51,(1 1 0),16.1,1.36,0.0167
Ni,[110],TWGB,FCC,SNAP,83,(1 1 0),17.86,1.38,0.0175
Ni,[110],TWGB,FCC,SNAP,33,(1 1 0),20.05,1.41,0.0173
Ni,[110],TWGB,FCC,SNAP,19,(1 1 0),26.53,1.51,0.0211
Ni,[110],TWGB,FCC,SNAP,27,(1 1 0),31.59,1.63,0.0222
Ni,[110],TWGB,FCC,SNAP,89,(1 1 0),34.89,1.63,0.0209
Ni,[110],TWGB,FCC,SNAP,9,(1 1 0),38.94,1.68,0.0219
Ni,[110],TWGB,FCC,SNAP,57,(1 1 0),44,1.71,0.0237
Ni,[110],TWGB,FCC,SNAP,59,(1 1 0),45.98,1.65,0.0224
Ni,[110],TWGB,FCC,SNAP,11,(1 1 0),50.48,1.64,0.0224
Ni,[110],TWGB,FCC,SNAP,41,(1 1 0),55.88,1.78,0.0252
Ni,[110],TWGB,FCC,SNAP,97,(1 1 0),61.02,1.75,0.0242
Ni,[110],TWGB,FCC,SNAP,67,(1 1 0),62.44,1.65,0.0210
Ni,[110],TWGB,FCC,SNAP,3,(1 1 0),70.53,1.74,0.0246
Ni,[110],TWGB,FCC,SNAP,81,(1 1 0),77.88,1.74,0.0261
Ni,[110],TWGB,FCC,SNAP,43,(1 1 0),80.63,1.73,0.0261
Ni,[110],TWGB,FCC,SNAP,17,(1 1 0),86.63,1.69,0.0257
Ni,[110],TWGB,FCC,SevenNet,33,(1 1 0),20.05,0.96,0.0149
Ni,[110],TWGB,FCC,SevenNet,19,(1 1 0),26.53,1.35,0.0154
Ni,[110],TWGB,FCC,SevenNet,27,(1 1 0),31.59,1.27,0.0334
Ni,[110],TWGB,FCC,SevenNet,9,(1 1 0),38.94,1.19,0.0659
Ni,[110],TWGB,FCC,SevenNet,11,(1 1 0),50.48,1.08,0.0252
Ni,[110],TWGB,FCC,SevenNet,41,(1 1 0),55.88,1.04,0.0256
Ni,[110],TWGB,FCC,SevenNet,3,(1 1 0),70.53,0.01,0.0009
Ni,[110],TWGB,FCC,SevenNet,43,(1 1 0),80.63,0.72,0.0134
Ni,[110],TWGB,FCC,SevenNet,17,(1 1 0),86.63,0.99,0.0171
Ni,[110],TWGB,FCC,UMA,33,(1 1 0),20.05,1.76,0.0450
Ni,[110],TWGB,FCC,UMA,19,(1 1 0),26.53,1.93,0.0467
Ni,[110],TWGB,FCC,UMA,27,(1 1 0),31.59,2.03,0.0466
Ni,[110],TWGB,FCC,UMA,9,(1 1 0),38.94,2.05,0.0419
Ni,[110],TWGB,FCC,UMA,11,(1 1 0),50.48,2.10,0.0451
Ni,[110],TWGB,FCC,UMA,41,(1 1 0),55.88,2.03,0.0578
Ni,[110],TWGB,FCC,UMA,3,(1 1 0),70.53,2.10,0.0384
Ni,[110],TWGB,FCC,UMA,43,(1 1 0),80.63,2.00,0.0392
Ni,[110],TWGB,FCC,UMA,17,(1 1 0),86.63,1.97,0.0407
Ni,[110],TWGB,FCC,UNEP,289,(1 1 0),6.74,0.87,0.0167
Ni,[110],TWGB,FCC,UNEP,243,(1 1 0),7.36,0.90,0.0192
Ni,[110],TWGB,FCC,UNEP,201,(1 1 0),8.09,0.95,0.0208
Ni,[110],TWGB,FCC,UNEP,291,(1 1 0),9.51,1.02,0.0221
Ni,[110],TWGB,FCC,UNEP,129,(1 1 0),10.1,1.04,0.0266
Ni,[110],TWGB,FCC,UNEP,227,(1 1 0),10.77,1.07,0.0242
Ni,[110],TWGB,FCC,UNEP,99,(1 1 0),11.54,1.10,0.0256
Ni,[110],TWGB,FCC,UNEP,73,(1 1 0),13.44,1.16,0.0253
Ni,[110],TWGB,FCC,UNEP,51,(1 1 0),16.1,1.26,0.0287
Ni,[110],TWGB,FCC,UNEP,83,(1 1 0),17.86,1.30,0.0299
Ni,[110],TWGB,FCC,UNEP,33,(1 1 0),20.05,1.39,0.0337
Ni,[110],TWGB,FCC,UNEP,19,(1 1 0),26.53,1.51,0.0383
Ni,[110],TWGB,FCC,UNEP,27,(1 1 0),31.59,1.51,0.0379
Ni,[110],TWGB,FCC,UNEP,89,(1 1 0),34.89,1.57,0.0380
Ni,[110],TWGB,FCC,UNEP,57,(1 1 0),44,1.62,0.0374
Ni,[110],TWGB,FCC,UNEP,41,(1 1 0),55.88,1.64,0.0365
Ni,[110],TWGB,FCC,UNEP,97,(1 1 0),61.02,1.63,0.0378
Ni,[110],TWGB,FCC,UNEP,67,(1 1 0),62.44,1.65,0.0387
Ni,[110],TWGB,FCC,UNEP,3,(1 1 0),70.53,1.61,0.0296
Ni,[110],TWGB,FCC,UNEP,81,(1 1 0),77.88,1.65,0.0391
Ni,[110],TWGB,FCC,eSEN,73,(1 1 0),13.44,1.15,0.0211
Ni,[110],TWGB,FCC,eSEN,83,(1 1 0),17.86,1.42,0.0266
Ni,[110],TWGB,FCC,eSEN,33,(1 1 0),20.05,1.40,0.0323
Ni,[110],TWGB,FCC,eSEN,19,(1 1 0),26.53,1.52,0.0508
Ni,[110],TWGB,FCC,eSEN,27,(1 1 0),31.59,1.67,0.0321
Ni,[110],TWGB,FCC,eSEN,9,(1 1 0),38.94,1.70,0.0250
Ni,[110],TWGB,FCC,eSEN,57,(1 1 0),44,1.68,0.0314
Ni,[110],TWGB,FCC,eSEN,11,(1 1 0),50.48,1.74,0.0308
Ni,[110],TWGB,FCC,eSEN,41,(1 1 0),55.88,1.68,0.0258
Ni,[110],TWGB,FCC,eSEN,67,(1 1 0),62.44,1.68,0.0250
Ni,[110],TWGB,FCC,eSEN,3,(1 1 0),70.53,1.78,0.0223
Ni,[110],TWGB,FCC,eSEN,43,(1 1 0),80.63,1.65,0.0250
Ni,[110],TWGB,FCC,eSEN,17,(1 1 0),86.63,1.61,0.0262
Ni,[111],STGB,FCC,ADP,273,(1 -17 16),6.01,1.18,0.0063
Ni,[111],STGB,FCC,ADP,241,(31 -14 -17),6.4,1.18,0.0080
Ni,[111],STGB,FCC,ADP,211,(29 -13 -16),6.84,1.14,0.0099
Ni,[111],STGB,FCC,ADP,183,(1 -14 13),7.34,1.25,0.0090
Ni,[111],STGB,FCC,ADP,157,(25 -11 -14),7.93,1.14,0.0104
Ni,[111],STGB,FCC,ADP,133,(23 -10 -13),8.61,1.38,0.0185
Ni,[111],STGB,FCC,ADP,111,(1 -11 10),9.43,1.46,0.0115
Ni,[111],STGB,FCC,ADP,91,(19 -8 -11),10.42,1.73,0.0127
Ni,[111],STGB,FCC,ADP,73,(17 -7 -10),11.64,1.63,0.0126
Ni,[111],STGB,FCC,ADP,57,(1 -8 7),13.17,1.37,0.0115
Ni,[111],STGB,FCC,ADP,43,(13 -5 -8),15.18,1.67,0.0157
Ni,[111],STGB,FCC,ADP,31,(11 -4 -7),17.9,1.70,0.0178
Ni,[111],STGB,FCC,ADP,21,(1 -5 4),21.79,1.73,0.0350
Ni,[111],STGB,FCC,ADP,67,(16 -5 -11),24.43,2.01,0.0235
Ni,[111],STGB,FCC,ADP,13,(7 -2 -5),27.8,1.71,0.0265
Ni,[111],STGB,FCC,ADP,97,(19 -5 -14),30.59,2.26,0.0297
Ni,[111],STGB,FCC,ADP,39,(2 -7 5),32.2,1.82,0.0277
Ni,[111],STGB,FCC,ADP,79,(17 -4 -13),33.99,2.11,0.0264
Ni,[111],STGB,FCC,ADP,7,(5 -1 -4),38.21,1.60,0.0232
Ni,[111],STGB,FCC,ADP,93,(4 -11 7),42.1,1.89,0.0294
Ni,[111],STGB,FCC,ADP,49,(13 -2 -11),43.57,1.99,0.0223
Ni,[111],STGB,FCC,ADP,19,(8 -1 -7),46.83,1.76,0.0204
Ni,[111],STGB,FCC,ADP,37,(11 -1 -10),50.57,1.81,0.0233
Ni,[111],STGB,FCC,ADP,61,(14 -1 -13),52.66,1.99,0.0250
Ni,[111],STGB,FCC,ADP,3,(1 -2 1),60,1.18,0.0187
Ni,[111],STGB,FCC,EAM,273,(1 -17 16),6.01,1.12,0.0174
Ni,[111],STGB,FCC,EAM,241,(31 -14 -17),6.4,0.91,0.0157
Ni,[111],STGB,FCC,EAM,211,(29 -13 -16),6.84,0.93,0.0161
Ni,[111],STGB,FCC,EAM,183,(1 -14 13),7.34,1.02,0.0174
Ni,[111],STGB,FCC,EAM,157,(25 -11 -14),7.93,0.95,0.0169
Ni,[111],STGB,FCC,EAM,133,(23 -10 -13),8.61,0.97,0.0175
Ni,[111],STGB,FCC,EAM,111,(1 -11 10),9.43,1.13,0.0201
Ni,[111],STGB,FCC,EAM,91,(19 -8 -11),10.42,1.49,0.0263
Ni,[111],STGB,FCC,EAM,73,(17 -7 -10),11.64,1.47,0.0263
Ni,[111],STGB,FCC,EAM,57,(1 -8 7),13.17,1.15,0.0220
Ni,[111],STGB,FCC,EAM,43,(13 -5 -8),15.18,1.47,0.0278
Ni,[111],STGB,FCC,EAM,31,(11 -4 -7),17.9,1.47,0.0293
Ni,[111],STGB,FCC,EAM,21,(1 -5 4),21.79,1.44,0.0275
Ni,[111],STGB,FCC,EAM,67,(16 -5 -11),24.43,1.76,0.0348
Ni,[111],STGB,FCC,EAM,13,(7 -2 -5),27.8,1.51,0.0322
Ni,[111],STGB,FCC,EAM,97,(19 -5 -14),30.59,1.97,0.0394
Ni,[111],STGB,FCC,EAM,39,(2 -7 5),32.2,1.58,0.0327
Ni,[111],STGB,FCC,EAM,79,(17 -4 -13),33.99,1.91,0.0369
Ni,[111],STGB,FCC,EAM,7,(5 -1 -4),38.21,1.38,0.0279
Ni,[111],STGB,FCC,EAM,93,(4 -11 7),42.1,1.68,0.0341
Ni,[111],STGB,FCC,EAM,49,(13 -2 -11),43.57,1.81,0.0352
Ni,[111],STGB,FCC,EAM,19,(8 -1 -7),46.83,1.58,0.0303
Ni,[111],STGB,FCC,EAM,37,(11 -1 -10),50.57,1.64,0.0316
Ni,[111],STGB,FCC,EAM,61,(14 -1 -13),52.66,1.84,0.0352
Ni,[111],STGB,FCC,EAM,3,(1 -2 1),60,1.01,0.0220
Ni,[111],STGB,FCC,GRACE,273,(1 -17 16),6.01,0.73,0.0108
Ni,[111],STGB,FCC,GRACE,241,(31 -14 -17),6.4,0.78,0.0144
Ni,[111],STGB,FCC,GRACE,183,(1 -14 13),7.34,0.79,0.0126
Ni,[111],STGB,FCC,GRACE,157,(25 -11 -14),7.93,0.89,0.0168
Ni,[111],STGB,FCC,GRACE,133,(23 -10 -13),8.61,0.93,0.0179
Ni,[111],STGB,FCC,GRACE,111,(1 -11 10),9.43,1.07,0.0165
Ni,[111],STGB,FCC,GRACE,91,(19 -8 -11),10.42,0.96,0.0185
Ni,[111],STGB,FCC,GRACE,73,(17 -7 -10),11.64,1.02,0.0197
Ni,[111],STGB,FCC,GRACE,57,(1 -8 7),13.17,1.12,0.0178
Ni,[111],STGB,FCC,GRACE,43,(13 -5 -8),15.18,1.15,0.0228
Ni,[111],STGB,FCC,GRACE,31,(11 -4 -7),17.9,1.23,0.0253
Ni,[111],STGB,FCC,GRACE,67,(16 -5 -11),24.43,1.36,0.0274
Ni,[111],STGB,FCC,GRACE,13,(7 -2 -5),27.8,1.36,0.0263
Ni,[111],STGB,FCC,GRACE,97,(19 -5 -14),30.59,1.53,0.0287
Ni,[111],STGB,FCC,GRACE,39,(2 -7 5),32.2,1.46,0.0245
Ni,[111],STGB,FCC,GRACE,79,(17 -4 -13),33.99,1.43,0.0268
Ni,[111],STGB,FCC,GRACE,7,(5 -1 -4),38.21,1.34,0.0233
Ni,[111],STGB,FCC,GRACE,93,(4 -11 7),42.1,1.42,0.0245
Ni,[111],STGB,FCC,GRACE,49,(13 -2 -11),43.57,1.48,0.0256
Ni,[111],STGB,FCC,GRACE,19,(8 -1 -7),46.83,1.44,0.0226
Ni,[111],STGB,FCC,GRACE,37,(11 -1 -10),50.57,1.39,0.0210
Ni,[111],STGB,FCC,GRACE,61,(14 -1 -13),52.66,1.47,0.0247
Ni,[111],STGB,FCC,GRACE,3,(1 -2 1),60,1.14,0.0134
Ni,[111],STGB,FCC,MACE,57,(1 -8 7),13.17,0.99,0.0247
Ni,[111],STGB,FCC,MACE,21,(1 -5 4),21.79,1.12,0.0372
Ni,[111],STGB,FCC,MACE,13,(7 -2 -5),27.8,0.94,0.0299
Ni,[111],STGB,FCC,MACE,39,(2 -7 5),32.2,1.07,0.0254
Ni,[111],STGB,FCC,MACE,7,(5 -1 -4),38.21,0.93,0.0265
Ni,[111],STGB,FCC,MACE,19,(8 -1 -7),46.83,0.98,0.0276
Ni,[111],STGB,FCC,MACE,3,(1 -2 1),60,0.74,0.0156
Ni,[111],STGB,FCC,MEAM,273,(1 -17 16),6.01,0.92,0.0144
Ni,[111],STGB,FCC,MEAM,241,(31 -14 -17),6.4,1.09,0.0180
Ni,[111],STGB,FCC,MEAM,211,(29 -13 -16),6.84,1.24,0.0224
Ni,[111],STGB,FCC,MEAM,183,(1 -14 13),7.34,1.07,0.0165
Ni,[111],STGB,FCC,MEAM,157,(25 -11 -14),7.93,1.00,0.0158
Ni,[111],STGB,FCC,MEAM,133,(23 -10 -13),8.61,1.02,0.0162
Ni,[111],STGB,FCC,MEAM,111,(1 -11 10),9.43,1.39,0.0280
Ni,[111],STGB,FCC,MEAM,91,(19 -8 -11),10.42,1.54,0.0247
Ni,[111],STGB,FCC,MEAM,73,(17 -7 -10),11.64,1.53,0.0248
Ni,[111],STGB,FCC,MEAM,57,(1 -8 7),13.17,1.58,0.0380
Ni,[111],STGB,FCC,MEAM,43,(13 -5 -8),15.18,1.53,0.0261
Ni,[111],STGB,FCC,MEAM,31,(11 -4 -7),17.9,1.64,0.0312
Ni,[111],STGB,FCC,MEAM,21,(1 -5 4),21.79,1.56,0.0369
Ni,[111],STGB,FCC,MEAM,67,(16 -5 -11),24.43,1.82,0.0340
Ni,[111],STGB,FCC,MEAM,13,(7 -2 -5),27.8,1.53,0.0318
Ni,[111],STGB,FCC,MEAM,97,(19 -5 -14),30.59,2.06,0.0413
Ni,[111],STGB,FCC,MEAM,39,(2 -7 5),32.2,1.62,0.0328
Ni,[111],STGB,FCC,MEAM,79,(17 -4 -13),33.99,1.94,0.0367
Ni,[111],STGB,FCC,MEAM,7,(5 -1 -4),38.21,1.37,0.0246
Ni,[111],STGB,FCC,MEAM,93,(4 -11 7),42.1,1.89,0.0410
Ni,[111],STGB,FCC,MEAM,49,(13 -2 -11),43.57,1.84,0.0345
Ni,[111],STGB,FCC,MEAM,19,(8 -1 -7),46.83,1.59,0.0298
Ni,[111],STGB,FCC,MEAM,37,(11 -1 -10),50.57,1.67,0.0325
Ni,[111],STGB,FCC,MEAM,61,(14 -1 -13),52.66,1.81,0.0362
Ni,[111],STGB,FCC,MEAM,3,(1 -2 1),60,1.02,0.0240
Ni,[111],STGB,FCC,ORB,21,(1 -5 4),21.79,1.50,0.0409
Ni,[111],STGB,FCC,ORB,13,(7 -2 -5),27.8,1.35,0.0308
Ni,[111],STGB,FCC,ORB,39,(2 -7 5),32.2,1.62,0.0576
Ni,[111],STGB,FCC,ORB,7,(5 -1 -4),38.21,1.31,0.0303
Ni,[111],STGB,FCC,ORB,3,(1 -2 1),60,1.09,0.0147
Ni,[111],STGB,FCC,SNAP,273,(1 -17 16),6.01,0.94,0.0120
Ni,[111],STGB,FCC,SNAP,241,(31 -14 -17),6.4,0.97,0.0122
Ni,[111],STGB,FCC,SNAP,211,(29 -13 -16),6.84,0.99,0.0123
Ni,[111],STGB,FCC,SNAP,183,(1 -14 13),7.34,1.08,0.0139
Ni,[111],STGB,FCC,SNAP,157,(25 -11 -14),7.93,1.01,0.0126
Ni,[111],STGB,FCC,SNAP,133,(23 -10 -13),8.61,1.03,0.0126
Ni,[111],STGB,FCC,SNAP,111,(1 -11 10),9.43,1.43,0.0178
Ni,[111],STGB,FCC,SNAP,91,(19 -8 -11),10.42,1.55,0.0202
Ni,[111],STGB,FCC,SNAP,73,(17 -7 -10),11.64,1.54,0.0199
Ni,[111],STGB,FCC,SNAP,57,(1 -8 7),13.17,1.23,0.0155
Ni,[111],STGB,FCC,SNAP,43,(13 -5 -8),15.18,1.55,0.0201
Ni,[111],STGB,FCC,SNAP,31,(11 -4 -7),17.9,1.57,0.0200
Ni,[111],STGB,FCC,SNAP,21,(1 -5 4),21.79,1.53,0.0190
Ni,[111],STGB,FCC,SNAP,67,(16 -5 -11),24.43,1.86,0.0250
Ni,[111],STGB,FCC,SNAP,13,(7 -2 -5),27.8,1.55,0.0215
Ni,[111],STGB,FCC,SNAP,97,(19 -5 -14),30.59,2.02,0.0288
Ni,[111],STGB,FCC,SNAP,39,(2 -7 5),32.2,1.73,0.0236
Ni,[111],STGB,FCC,SNAP,79,(17 -4 -13),33.99,1.98,0.0279
Ni,[111],STGB,FCC,SNAP,7,(5 -1 -4),38.21,1.42,0.0194
Ni,[111],STGB,FCC,SNAP,93,(4 -11 7),42.1,1.75,0.0251
Ni,[111],STGB,FCC,SNAP,49,(13 -2 -11),43.57,1.89,0.0258
Ni,[111],STGB,FCC,SNAP,19,(8 -1 -7),46.83,1.67,0.0218
Ni,[111],STGB,FCC,SNAP,37,(11 -1 -10),50.57,1.72,0.0225
Ni,[111],STGB,FCC,SNAP,61,(14 -1 -13),52.66,1.93,0.0265
Ni,[111],STGB,FCC,SNAP,3,(1 -2 1),60,1.03,0.0126
Ni,[111],STGB,FCC,SevenNet,21,(1 -5 4),21.79,1.38,0.0322
Ni,[111],STGB,FCC,SevenNet,13,(7 -2 -5),27.8,1.26,0.0293
Ni,[111],STGB,FCC,SevenNet,39,(2 -7 5),32.2,1.39,0.0239
Ni,[111],STGB,FCC,SevenNet,7,(5 -1 -4),38.21,1.25,0.0237
Ni,[111],STGB,FCC,SevenNet,3,(1 -2 1),60,1.01,0.0171
Ni,[111],STGB,FCC,UMA,57,(1 -8 7),13.17,1.72,0.0658
Ni,[111],STGB,FCC,UMA,21,(1 -5 4),21.79,1.96,0.0685
Ni,[111],STGB,FCC,UMA,13,(7 -2 -5),27.8,2.01,0.0714
Ni,[111],STGB,FCC,UMA,39,(2 -7 5),32.2,2.15,0.0692
Ni,[111],STGB,FCC,UMA,7,(5 -1 -4),38.21,1.83,0.0563
Ni,[111],STGB,FCC,UMA,19,(8 -1 -7),46.83,2.23,0.0745
Ni,[111],STGB,FCC,UMA,3,(1 -2 1),60,1.21,0.0279
Ni,[111],STGB,FCC,UNEP,273,(1 -17 16),6.01,0.67,0.0675
Ni,[111],STGB,FCC,UNEP,241,(31 -14 -17),6.4,0.94,0.0230
Ni,[111],STGB,FCC,UNEP,211,(29 -13 -16),6.84,0.98,0.0345
Ni,[111],STGB,FCC,UNEP,183,(1 -14 13),7.34,0.77,0.0733
Ni,[111],STGB,FCC,UNEP,133,(23 -10 -13),8.61,0.97,0.0186
Ni,[111],STGB,FCC,UNEP,111,(1 -11 10),9.43,0.90,0.0706
Ni,[111],STGB,FCC,UNEP,91,(19 -8 -11),10.42,1.00,0.0225
Ni,[111],STGB,FCC,UNEP,73,(17 -7 -10),11.64,1.03,0.0167
Ni,[111],STGB,FCC,UNEP,57,(1 -8 7),13.17,0.92,0.0657
Ni,[111],STGB,FCC,UNEP,43,(13 -5 -8),15.18,1.09,0.0218
Ni,[111],STGB,FCC,UNEP,31,(11 -4 -7),17.9,1.16,0.0128
Ni,[111],STGB,FCC,UNEP,21,(1 -5 4),21.79,1.13,0.0541
Ni,[111],STGB,FCC,UNEP,67,(16 -5 -11),24.43,1.38,0.0175
Ni,[111],STGB,FCC,UNEP,13,(7 -2 -5),27.8,1.32,0.0198
Ni,[111],STGB,FCC,UNEP,97,(19 -5 -14),30.59,1.36,0.0218
Ni,[111],STGB,FCC,UNEP,39,(2 -7 5),32.2,1.26,0.0595
Ni,[111],STGB,FCC,UNEP,79,(17 -4 -13),33.99,1.37,0.0402
Ni,[111],STGB,FCC,UNEP,7,(5 -1 -4),38.21,1.28,0.0000
Ni,[111],STGB,FCC,UNEP,93,(4 -11 7),42.1,1.29,0.0642
Ni,[111],STGB,FCC,UNEP,49,(13 -2 -11),43.57,1.35,0.0204
Ni,[111],STGB,FCC,UNEP,19,(8 -1 -7),46.83,1.27,0.0164
Ni,[111],STGB,FCC,UNEP,37,(11 -1 -10),50.57,1.28,0.0470
Ni,[111],STGB,FCC,UNEP,61,(14 -1 -13),52.66,1.31,0.0366
Ni,[111],STGB,FCC,UNEP,3,(1 -2 1),60,1.03,0.0715
Ni,[111],STGB,FCC,eSEN,273,(1 -17 16),6.01,0.92,0.0311
Ni,[111],STGB,FCC,eSEN,183,(1 -14 13),7.34,1.01,0.0338
Ni,[111],STGB,FCC,eSEN,157,(25 -11 -14),7.93,1.10,0.0376
Ni,[111],STGB,FCC,eSEN,133,(23 -10 -13),8.61,1.15,0.0393
Ni,[111],STGB,FCC,eSEN,57,(1 -8 7),13.17,1.37,0.0584
Ni,[111],STGB,FCC,eSEN,31,(11 -4 -7),17.9,1.16,0.0307
Ni,[111],STGB,FCC,eSEN,21,(1 -5 4),21.79,1.46,0.0402
Ni,[111],STGB,FCC,eSEN,13,(7 -2 -5),27.8,1.29,0.0321
Ni,[111],STGB,FCC,eSEN,39,(2 -7 5),32.2,1.56,0.0433
Ni,[111],STGB,FCC,eSEN,7,(5 -1 -4),38.21,1.22,0.0284
Ni,[111],STGB,FCC,eSEN,93,(4 -11 7),42.1,1.60,0.0424
Ni,[111],STGB,FCC,eSEN,19,(8 -1 -7),46.83,1.33,0.0279
Ni,[111],STGB,FCC,eSEN,3,(1 -2 1),60,0.97,0.0161
Ni,[111],TWGB,FCC,ADP,109,(1 1 1),6.01,0.58,0.0041
Ni,[111],TWGB,FCC,ADP,241,(1 1 1),6.4,0.43,0.0028
Ni,[111],TWGB,FCC,ADP,211,(1 1 1),6.84,0.45,0.0030
Ni,[111],TWGB,FCC,ADP,183,(1 1 1),7.34,0.52,0.0032
Ni,[111],TWGB,FCC,ADP,157,(1 1 1),7.93,0.49,0.0033
Ni,[111],TWGB,FCC,ADP,133,(1 1 1),8.61,0.52,0.0034
Ni,[111],TWGB,FCC,ADP,103,(1 1 1),9.43,0.70,0.0063
Ni,[111],TWGB,FCC,ADP,91,(1 1 1),10.42,0.59,0.0042
Ni,[111],TWGB,FCC,ADP,73,(1 1 1),11.64,0.63,0.0045
Ni,[111],TWGB,FCC,ADP,57,(1 1 1),13.17,0.67,0.0047
Ni,[111],TWGB,FCC,ADP,43,(1 1 1),15.18,0.70,0.0053
Ni,[111],TWGB,FCC,ADP,31,(1 1 1),17.9,0.72,0.0058
Ni,[111],TWGB,FCC,ADP,21,(1 1 1),21.79,0.75,0.0059
Ni,[111],TWGB,FCC,ADP,67,(1 1 1),24.43,0.76,0.0065
Ni,[111],TWGB,FCC,ADP,13,(1 1 1),27.8,0.77,0.0069
Ni,[111],TWGB,FCC,ADP,97,(1 1 1),30.59,0.75,0.0069
Ni,[111],TWGB,FCC,ADP,39,(1 1 1),32.2,0.77,0.0069
Ni,[111],TWGB,FCC,ADP,79,(1 1 1),33.99,0.74,0.0068
Ni,[111],TWGB,FCC,ADP,7,(1 1 1),38.21,0.75,0.0055
Ni,[111],TWGB,FCC,ADP,93,(1 1 1),42.1,0.72,0.0058
Ni,[111],TWGB,FCC,ADP,49,(1 1 1),43.57,0.71,0.0055
Ni,[111],TWGB,FCC,ADP,19,(1 1 1),46.83,0.67,0.0046
Ni,[111],TWGB,FCC,ADP,37,(1 1 1),50.57,0.59,0.0036
Ni,[111],TWGB,FCC,ADP,61,(1 1 1),52.66,0.54,0.0031
Ni,[111],TWGB,FCC,ADP,3,(1 1 1),60,0.18,0.0007
Ni,[111],TWGB,FCC,EAM,109,(1 1 1),6.01,0.50,0.0086
Ni,[111],TWGB,FCC,EAM,241,(1 1 1),6.4,0.38,0.0061
Ni,[111],TWGB,FCC,EAM,211,(1 1 1),6.84,0.39,0.0063
Ni,[111],TWGB,FCC,EAM,183,(1 1 1),7.34,0.46,0.0079
Ni,[111],TWGB,FCC,EAM,157,(1 1 1),7.93,0.43,0.0071
Ni,[111],TWGB,FCC,EAM,133,(1 1 1),8.61,0.45,0.0075
Ni,[111],TWGB,FCC,EAM,103,(1 1 1),9.43,0.57,0.0109
Ni,[111],TWGB,FCC,EAM,91,(1 1 1),10.42,0.51,0.0088
Ni,[111],TWGB,FCC,EAM,73,(1 1 1),11.64,0.54,0.0094
Ni,[111],TWGB,FCC,EAM,57,(1 1 1),13.17,0.57,0.0101
Ni,[111],TWGB,FCC,EAM,43,(1 1 1),15.18,0.58,0.0105
Ni,[111],TWGB,FCC,EAM,31,(1 1 1),17.9,0.60,0.0110
Ni,[111],TWGB,FCC,EAM,21,(1 1 1),21.79,0.61,0.0116
Ni,[111],TWGB,FCC,EAM,67,(1 1 1),24.43,0.61,0.0117
Ni,[111],TWGB,FCC,EAM,13,(1 1 1),27.8,0.62,0.0115
Ni,[111],TWGB,FCC,EAM,97,(1 1 1),30.59,0.60,0.0113
Ni,[111],TWGB,FCC,EAM,39,(1 1 1),32.2,0.62,0.0117
Ni,[111],TWGB,FCC,EAM,79,(1 1 1),33.99,0.59,0.0112
Ni,[111],TWGB,FCC,EAM,7,(1 1 1),38.21,0.61,0.0115
Ni,[111],TWGB,FCC,EAM,93,(1 1 1),42.1,0.60,0.0110
Ni,[111],TWGB,FCC,EAM,49,(1 1 1),43.57,0.59,0.0108
Ni,[111],TWGB,FCC,EAM,19,(1 1 1),46.83,0.56,0.0097
Ni,[111],TWGB,FCC,EAM,37,(1 1 1),50.57,0.52,0.0088
Ni,[111],TWGB,FCC,EAM,61,(1 1 1),52.66,0.48,0.0077
Ni,[111],TWGB,FCC,EAM,3,(1 1 1),60,0.18,0.0022
Ni,[111],TWGB,FCC,GRACE,109,(1 1 1),6.01,0.49,0.0007
Ni,[111],TWGB,FCC,GRACE,241,(1 1 1),6.4,0.41,0.0005
Ni,[111],TWGB,FCC,GRACE,211,(1 1 1),6.84,0.42,0.0006
Ni,[111],TWGB,FCC,GRACE,183,(1 1 1),7.34,0.43,0.0006
Ni,[111],TWGB,FCC,GRACE,157,(1 1 1),7.93,0.44,0.0006
Ni,[111],TWGB,FCC,GRACE,133,(1 1 1),8.61,0.46,0.0006
Ni,[111],TWGB,FCC,GRACE,103,(1 1 1),9.43,0.55,0.0009
Ni,[111],TWGB,FCC,GRACE,91,(1 1 1),10.42,0.49,0.0007
Ni,[111],TWGB,FCC,GRACE,73,(1 1 1),11.64,0.50,0.0008
Ni,[111],TWGB,FCC,GRACE,57,(1 1 1),13.17,0.52,0.0008
Ni,[111],TWGB,FCC,GRACE,43,(1 1 1),15.18,0.53,0.0009
Ni,[111],TWGB,FCC,GRACE,31,(1 1 1),17.9,0.55,0.0009
Ni,[111],TWGB,FCC,GRACE,21,(1 1 1),21.79,0.56,0.0009
Ni,[111],TWGB,FCC,GRACE,67,(1 1 1),24.43,0.56,0.0010
Ni,[111],TWGB,FCC,GRACE,13,(1 1 1),27.8,0.56,0.0010
Ni,[111],TWGB,FCC,GRACE,97,(1 1 1),30.59,0.57,0.0010
Ni,[111],TWGB,FCC,GRACE,39,(1 1 1),32.2,0.56,0.0010
Ni,[111],TWGB,FCC,GRACE,79,(1 1 1),33.99,0.56,0.0010
Ni,[111],TWGB,FCC,GRACE,7,(1 1 1),38.21,0.56,0.0009
Ni,[111],TWGB,FCC,GRACE,93,(1 1 1),42.1,0.55,0.0009
Ni,[111],TWGB,FCC,GRACE,49,(1 1 1),43.57,0.54,0.0009
Ni,[111],TWGB,FCC,GRACE,19,(1 1 1),46.83,0.52,0.0008
Ni,[111],TWGB,FCC,GRACE,37,(1 1 1),50.57,0.47,0.0007
Ni,[111],TWGB,FCC,GRACE,61,(1 1 1),52.66,0.43,0.0006
Ni,[111],TWGB,FCC,GRACE,3,(1 1 1),60,0.07,0.0001
Ni,[111],TWGB,FCC,MACE,21,(1 1 1),21.79,0.38,0.0012
Ni,[111],TWGB,FCC,MACE,13,(1 1 1),27.8,0.39,0.0012
Ni,[111],TWGB,FCC,MACE,39,(1 1 1),32.2,0.39,0.0012
Ni,[111],TWGB,FCC,MACE,7,(1 1 1),38.21,0.38,0.0012
Ni,[111],TWGB,FCC,MACE,3,(1 1 1),60,0.00,0.0001
Ni,[111],TWGB,FCC,MEAM,109,(1 1 1),6.01,0.60,0.0111
Ni,[111],TWGB,FCC,MEAM,241,(1 1 1),6.4,0.48,0.0069
Ni,[111],TWGB,FCC,MEAM,211,(1 1 1),6.84,0.49,0.0071
Ni,[111],TWGB,FCC,MEAM,183,(1 1 1),7.34,0.56,0.0115
Ni,[111],TWGB,FCC,MEAM,157,(1 1 1),7.93,0.53,0.0083
Ni,[111],TWGB,FCC,MEAM,133,(1 1 1),8.61,0.55,0.0095
Ni,[111],TWGB,FCC,MEAM,103,(1 1 1),9.43,0.66,0.0131
Ni,[111],TWGB,FCC,MEAM,91,(1 1 1),10.42,0.62,0.0126
Ni,[111],TWGB,FCC,MEAM,73,(1 1 1),11.64,0.64,0.0139
Ni,[111],TWGB,FCC,MEAM,57,(1 1 1),13.17,0.67,0.0151
Ni,[111],TWGB,FCC,MEAM,43,(1 1 1),15.18,0.68,0.0154
Ni,[111],TWGB,FCC,MEAM,31,(1 1 1),17.9,0.69,0.0156
Ni,[111],TWGB,FCC,MEAM,21,(1 1 1),21.79,0.69,0.0160
Ni,[111],TWGB,FCC,MEAM,67,(1 1 1),24.43,0.70,0.0160
Ni,[111],TWGB,FCC,MEAM,13,(1 1 1),27.8,0.70,0.0162
Ni,[111],TWGB,FCC,MEAM,97,(1 1 1),30.59,0.68,0.0144
Ni,[111],TWGB,FCC,MEAM,39,(1 1 1),32.2,0.70,0.0164
Ni,[111],TWGB,FCC,MEAM,79,(1 1 1),33.99,0.68,0.0145
Ni,[111],TWGB,FCC,MEAM,7,(1 1 1),38.21,0.68,0.0156
Ni,[111],TWGB,FCC,MEAM,93,(1 1 1),42.1,0.69,0.0156
Ni,[111],TWGB,FCC,MEAM,49,(1 1 1),43.57,0.69,0.0154
Ni,[111],TWGB,FCC,MEAM,19,(1 1 1),46.83,0.67,0.0149
Ni,[111],TWGB,FCC,MEAM,37,(1 1 1),50.57,0.62,0.0140
Ni,[111],TWGB,FCC,MEAM,61,(1 1 1),52.66,0.58,0.0132
Ni,[111],TWGB,FCC,MEAM,3,(1 1 1),60,0.15,0.0093
Ni,[111],TWGB,FCC,ORB,21,(1 1 1),21.79,0.55,0.0009
Ni,[111],TWGB,FCC,ORB,13,(1 1 1),27.8,0.55,0.0009
Ni,[111],TWGB,FCC,ORB,39,(1 1 1),32.2,0.55,0.0012
Ni,[111],TWGB,FCC,ORB,7,(1 1 1),38.21,0.55,0.0012
Ni,[111],TWGB,FCC,ORB,3,(1 1 1),60,0.07,0.0003
Ni,[111],TWGB,FCC,SNAP,109,(1 1 1),6.01,0.52,0.0064
Ni,[111],TWGB,FCC,SNAP,241,(1 1 1),6.4,0.40,0.0054
Ni,[111],TWGB,FCC,SNAP,211,(1 1 1),6.84,0.41,0.0054
Ni,[111],TWGB,FCC,SNAP,183,(1 1 1),7.34,0.48,0.0063
Ni,[111],TWGB,FCC,SNAP,157,(1 1 1),7.93,0.45,0.0057
Ni,[111],TWGB,FCC,SNAP,133,(1 1 1),8.61,0.47,0.0058
Ni,[111],TWGB,FCC,SNAP,103,(1 1 1),9.43,0.59,0.0069
Ni,[111],TWGB,FCC,SNAP,91,(1 1 1),10.42,0.53,0.0066
Ni,[111],TWGB,FCC,SNAP,73,(1 1 1),11.64,0.56,0.0070
Ni,[111],TWGB,FCC,SNAP,57,(1 1 1),13.17,0.58,0.0070
Ni,[111],TWGB,FCC,SNAP,43,(1 1 1),15.18,0.60,0.0074
Ni,[111],TWGB,FCC,SNAP,31,(1 1 1),17.9,0.61,0.0076
Ni,[111],TWGB,FCC,SNAP,21,(1 1 1),21.79,0.62,0.0074
Ni,[111],TWGB,FCC,SNAP,67,(1 1 1),24.43,0.63,0.0075
Ni,[111],TWGB,FCC,SNAP,13,(1 1 1),27.8,0.64,0.0074
Ni,[111],TWGB,FCC,SNAP,97,(1 1 1),30.59,0.61,0.0072
Ni,[111],TWGB,FCC,SNAP,39,(1 1 1),32.2,0.64,0.0076
Ni,[111],TWGB,FCC,SNAP,79,(1 1 1),33.99,0.61,0.0072
Ni,[111],TWGB,FCC,SNAP,7,(1 1 1),38.21,0.62,0.0074
Ni,[111],TWGB,FCC,SNAP,93,(1 1 1),42.1,0.61,0.0074
Ni,[111],TWGB,FCC,SNAP,49,(1 1 1),43.57,0.61,0.0073
Ni,[111],TWGB,FCC,SNAP,19,(1 1 1),46.83,0.58,0.0073
Ni,[111],TWGB,FCC,SNAP,37,(1 1 1),50.57,0.54,0.0069
Ni,[111],TWGB,FCC,SNAP,61,(1 1 1),52.66,0.50,0.0067
Ni,[111],TWGB,FCC,SNAP,3,(1 1 1),60,0.14,0.0043
Ni,[111],TWGB,FCC,SevenNet,21,(1 1 1),21.79,0.49,0.0117
Ni,[111],TWGB,FCC,SevenNet,7,(1 1 1),38.21,0.49,0.0118
Ni,[111],TWGB,FCC,SevenNet,3,(1 1 1),60,0.01,0.0008
Ni,[111],TWGB,FCC,UMA,21,(1 1 1),21.79,0.89,0.0030
Ni,[111],TWGB,FCC,UMA,13,(1 1 1),27.8,0.89,0.0031
Ni,[111],TWGB,FCC,UMA,39,(1 1 1),32.2,0.89,0.0030
Ni,[111],TWGB,FCC,UMA,7,(1 1 1),38.21,0.89,0.0030
Ni,[111],TWGB,FCC,UMA,3,(1 1 1),60,0.36,0.0019
Ni,[111],TWGB,FCC,UNEP,109,(1 1 1),6.01,0.46,0.0140
Ni,[111],TWGB,FCC,UNEP,241,(1 1 1),6.4,0.37,0.0091
Ni,[111],TWGB,FCC,UNEP,211,(1 1 1),6.84,0.38,0.0092
Ni,[111],TWGB,FCC,UNEP,183,(1 1 1),7.34,0.39,0.0145
Ni,[111],TWGB,FCC,UNEP,157,(1 1 1),7.93,0.41,0.0108
Ni,[111],TWGB,FCC,UNEP,133,(1 1 1),8.61,0.42,0.0121
Ni,[111],TWGB,FCC,UNEP,103,(1 1 1),9.43,0.53,0.0172
Ni,[111],TWGB,FCC,UNEP,91,(1 1 1),10.42,0.45,0.0159
Ni,[111],TWGB,FCC,UNEP,73,(1 1 1),11.64,0.47,0.0174
Ni,[111],TWGB,FCC,UNEP,57,(1 1 1),13.17,0.48,0.0189
Ni,[111],TWGB,FCC,UNEP,43,(1 1 1),15.18,0.50,0.0194
Ni,[111],TWGB,FCC,UNEP,31,(1 1 1),17.9,0.52,0.0201
Ni,[111],TWGB,FCC,UNEP,21,(1 1 1),21.79,0.54,0.0209
Ni,[111],TWGB,FCC,UNEP,67,(1 1 1),24.43,0.55,0.0209
Ni,[111],TWGB,FCC,UNEP,13,(1 1 1),27.8,0.55,0.0211
Ni,[111],TWGB,FCC,UNEP,97,(1 1 1),30.59,0.55,0.0189
Ni,[111],TWGB,FCC,UNEP,39,(1 1 1),32.2,0.55,0.0211
Ni,[111],TWGB,FCC,UNEP,79,(1 1 1),33.99,0.55,0.0188
Ni,[111],TWGB,FCC,UNEP,7,(1 1 1),38.21,0.54,0.0207
Ni,[111],TWGB,FCC,UNEP,93,(1 1 1),42.1,0.52,0.0201
Ni,[111],TWGB,FCC,UNEP,49,(1 1 1),43.57,0.51,0.0197
Ni,[111],TWGB,FCC,UNEP,19,(1 1 1),46.83,0.48,0.0189
Ni,[111],TWGB,FCC,UNEP,37,(1 1 1),50.57,0.43,0.0174
Ni,[111],TWGB,FCC,UNEP,61,(1 1 1),52.66,0.39,0.0164
Ni,[111],TWGB,FCC,UNEP,3,(1 1 1),60,0.07,0.0102
Ni,[111],TWGB,FCC,eSEN,57,(1 1 1),13.17,0.47,0.0010
Ni,[111],TWGB,FCC,eSEN,31,(1 1 1),17.9,0.51,0.0012
Ni,[111],TWGB,FCC,eSEN,21,(1 1 1),21.79,0.53,0.0012
Ni,[111],TWGB,FCC,eSEN,13,(1 1 1),27.8,0.54,0.0013
Ni,[111],TWGB,FCC,eSEN,39,(1 1 1),32.2,0.54,0.0013
Ni,[111],TWGB,FCC,eSEN,7,(1 1 1),38.21,0.53,0.0012
Ni,[111],TWGB,FCC,eSEN,93,(1 1 1),42.1,0.51,0.0012
Ni,[111],TWGB,FCC,eSEN,19,(1 1 1),46.83,0.47,0.0010
Ni,[111],TWGB,FCC,eSEN,37,(1 1 1),50.57,0.42,0.0008
Ni,[111],TWGB,FCC,eSEN,3,(1 1 1),60,0.00,0.0001
Fe,[100],STGB,BCC,ADP,265,(0 -23 1),4.98,1.01,0.0148
Fe,[100],STGB,BCC,ADP,221,(0 -21 1),5.45,1.12,0.0169
Fe,[100],STGB,BCC,ADP,181,(0 -19 1),6.03,1.03,0.0140
Fe,[100],STGB,BCC,ADP,257,(0 -16 -1),7.15,1.14,0.0166
Fe,[100],STGB,BCC,ADP,113,(0 -15 1),7.63,1.25,0.0175
Fe,[100],STGB,BCC,ADP,197,(0 -14 -1),8.17,1.17,0.0165
Fe,[100],STGB,BCC,ADP,85,(0 -13 1),8.8,1.23,0.0191
Fe,[100],STGB,BCC,ADP,61,(0 -11 1),10.39,1.32,0.0204
Fe,[100],STGB,BCC,ADP,41,(0 -9 1),12.68,1.35,0.0194
Fe,[100],STGB,BCC,ADP,25,(0 -7 1),16.26,1.41,0.0197
Fe,[100],STGB,BCC,ADP,37,(0 -6 -1),18.92,1.49,0.0201
Fe,[100],STGB,BCC,ADP,13,(0 -5 1),22.62,1.47,0.0204
Fe,[100],STGB,BCC,ADP,17,(0 -4 -1),28.07,1.61,0.0201
Fe,[100],STGB,BCC,ADP,5,(0 1 3),36.87,1.49,0.0170
Fe,[100],STGB,BCC,ADP,29,(0 -2 5),43.6,1.91,0.0209
Fe,[100],STGB,BCC,ADP,29,(0 -3 7),46.4,1.79,0.0271
Fe,[100],STGB,BCC,ADP,5,(0 1 2),53.13,1.51,0.0193
Fe,[100],STGB,BCC,ADP,17,(0 -5 -3),61.93,1.72,0.0237
Fe,[100],STGB,BCC,ADP,13,(0 -3 2),67.38,1.74,0.0209
Fe,[100],STGB,BCC,ADP,37,(0 -7 -5),71.08,1.71,0.0236
Fe,[100],STGB,BCC,ADP,25,(0 -4 3),73.74,1.62,0.0194
Fe,[100],STGB,BCC,ADP,41,(0 -5 4),77.32,1.55,0.0179
Fe,[100],STGB,BCC,ADP,61,(0 -6 5),79.61,1.50,0.0179
Fe,[100],STGB,BCC,EAM,265,(0 -23 1),4.98,1.05,0.0243
Fe,[100],STGB,BCC,EAM,221,(0 -21 1),5.45,1.06,0.0215
Fe,[100],STGB,BCC,EAM,181,(0 -19 1),6.03,1.12,0.0244
Fe,[100],STGB,BCC,EAM,257,(0 -16 -1),7.15,1.08,0.0223
Fe,[100],STGB,BCC,EAM,113,(0 -15 1),7.63,1.04,0.0235
Fe,[100],STGB,BCC,EAM,197,(0 -14 -1),8.17,1.05,0.0213
Fe,[100],STGB,BCC,EAM,85,(0 -13 1),8.8,1.18,0.0162
Fe,[100],STGB,BCC,EAM,61,(0 -11 1),10.39,1.03,0.0229
Fe,[100],STGB,BCC,EAM,41,(0 -9 1),12.68,1.50,0.0220
Fe,[100],STGB,BCC,EAM,25,(0 -7 1),16.26,1.55,0.0216
Fe,[100],STGB,BCC,EAM,37,(0 -6 -1),18.92,1.48,0.0265
Fe,[100],STGB,BCC,EAM,13,(0 -5 1),22.62,1.15,0.0203
Fe,[100],STGB,BCC,EAM,17,(0 -4 -1),28.07,1.21,0.0223
Fe,[100],STGB,BCC,EAM,5,(0 1 3),36.87,1.10,0.0238
Fe,[100],STGB,BCC,EAM,29,(0 -2 5),43.6,1.47,0.0267
Fe,[100],STGB,BCC,EAM,29,(0 -3 7),46.4,1.58,0.0284
Fe,[100],STGB,BCC,EAM,5,(0 1 2),53.13,1.18,0.0254
Fe,[100],STGB,BCC,EAM,17,(0 -5 -3),61.93,1.35,0.0225
Fe,[100],STGB,BCC,EAM,13,(0 -3 2),67.38,1.35,0.0230
Fe,[100],STGB,BCC,EAM,37,(0 -7 -5),71.08,1.38,0.0194
Fe,[100],STGB,BCC,EAM,25,(0 -4 3),73.74,1.29,0.0195
Fe,[100],STGB,BCC,EAM,41,(0 -5 4),77.32,1.25,0.0169
Fe,[100],STGB,BCC,EAM,61,(0 -6 5),79.61,1.22,0.0156
Fe,[100],STGB,BCC,GRACE,265,(0 -23 1),4.98,0.63,0.0107
Fe,[100],STGB,BCC,GRACE,221,(0 -21 1),5.45,0.66,0.0114
Fe,[100],STGB,BCC,GRACE,181,(0 -19 1),6.03,0.71,0.0123
Fe,[100],STGB,BCC,GRACE,257,(0 -16 -1),7.15,0.78,0.0139
Fe,[100],STGB,BCC,GRACE,113,(0 -15 1),7.63,0.80,0.0145
Fe,[100],STGB,BCC,GRACE,197,(0 -14 -1),8.17,0.85,0.0152
Fe,[100],STGB,BCC,GRACE,85,(0 -13 1),8.8,0.87,0.0159
Fe,[100],STGB,BCC,GRACE,61,(0 -11 1),10.39,0.94,0.0177
Fe,[100],STGB,BCC,GRACE,41,(0 -9 1),12.68,1.43,0.0897
Fe,[100],STGB,BCC,GRACE,25,(0 -7 1),16.26,1.65,0.0673
Fe,[100],STGB,BCC,GRACE,37,(0 -6 -1),18.92,1.58,0.0964
Fe,[100],STGB,BCC,GRACE,13,(0 -5 1),22.62,1.31,0.0271
Fe,[100],STGB,BCC,GRACE,17,(0 -4 -1),28.07,1.49,0.0315
Fe,[100],STGB,BCC,GRACE,5,(0 1 3),36.87,1.47,0.0358
Fe,[100],STGB,BCC,GRACE,29,(0 -2 5),43.6,1.82,0.0379
Fe,[100],STGB,BCC,GRACE,29,(0 -3 7),46.4,1.88,0.0378
Fe,[100],STGB,BCC,GRACE,5,(0 1 2),53.13,1.51,0.0288
Fe,[100],STGB,BCC,GRACE,17,(0 -5 -3),61.93,1.66,0.0286
Fe,[100],STGB,BCC,GRACE,13,(0 -3 2),67.38,1.74,0.0284
Fe,[100],STGB,BCC,GRACE,37,(0 -7 -5),71.08,1.56,0.0254
Fe,[100],STGB,BCC,GRACE,25,(0 -4 3),73.74,1.57,0.0812
Fe,[100],STGB,BCC,GRACE,41,(0 -5 4),77.32,1.35,0.0208
Fe,[100],STGB,BCC,GRACE,61,(0 -6 5),79.61,1.25,0.0256
Fe,[100],STGB,BCC,MACE,61,(0 -11 1),10.39,1.06,0.0172
Fe,[100],STGB,BCC,MACE,41,(0 -9 1),12.68,0.92,0.0124
Fe,[100],STGB,BCC,MACE,25,(0 -7 1),16.26,1.09,0.0208
Fe,[100],STGB,BCC,MACE,37,(0 -6 -1),18.92,1.01,0.0173
Fe,[100],STGB,BCC,MACE,13,(0 -5 1),22.62,0.83,0.0280
Fe,[100],STGB,BCC,MACE,17,(0 -4 -1),28.07,0.95,0.0346
Fe,[100],STGB,BCC,MACE,5,(0 1 3),36.87,1.03,0.0422
Fe,[100],STGB,BCC,MACE,29,(0 -2 5),43.6,1.21,0.0438
Fe,[100],STGB,BCC,MACE,29,(0 -3 7),46.4,1.25,0.0467
Fe,[100],STGB,BCC,MACE,5,(0 1 2),53.13,0.89,0.0336
Fe,[100],STGB,BCC,MACE,17,(0 -5 -3),61.93,1.02,0.0336
Fe,[100],STGB,BCC,MACE,13,(0 -3 2),67.38,1.05,0.0279
Fe,[100],STGB,BCC,MACE,37,(0 -7 -5),71.08,0.93,0.0260
Fe,[100],STGB,BCC,MACE,25,(0 -4 3),73.74,0.91,0.0218
Fe,[100],STGB,BCC,MACE,41,(0 -5 4),77.32,0.77,0.0156
Fe,[100],STGB,BCC,MACE,61,(0 -6 5),79.61,0.72,0.0206
Fe,[100],STGB,BCC,MEAM,265,(0 -23 1),4.98,0.90,0.0125
Fe,[100],STGB,BCC,MEAM,221,(0 -21 1),5.45,0.99,0.0138
Fe,[100],STGB,BCC,MEAM,181,(0 -19 1),6.03,0.89,0.0128
Fe,[100],STGB,BCC,MEAM,257,(0 -16 -1),7.15,0.98,0.0144
Fe,[100],STGB,BCC,MEAM,113,(0 -15 1),7.63,1.05,0.0154
Fe,[100],STGB,BCC,MEAM,197,(0 -14 -1),8.17,1.03,0.0151
Fe,[100],STGB,BCC,MEAM,85,(0 -13 1),8.8,1.14,0.0174
Fe,[100],STGB,BCC,MEAM,61,(0 -11 1),10.39,1.12,0.0173
Fe,[100],STGB,BCC,MEAM,41,(0 -9 1),12.68,1.09,0.0176
Fe,[100],STGB,BCC,MEAM,25,(0 -7 1),16.26,1.10,0.0178
Fe,[100],STGB,BCC,MEAM,37,(0 -6 -1),18.92,1.46,0.0266
Fe,[100],STGB,BCC,MEAM,13,(0 -5 1),22.62,1.09,0.0202
Fe,[100],STGB,BCC,MEAM,17,(0 -4 -1),28.07,1.19,0.0227
Fe,[100],STGB,BCC,MEAM,5,(0 1 3),36.87,1.19,0.0233
Fe,[100],STGB,BCC,MEAM,29,(0 -2 5),43.6,1.54,0.0280
Fe,[100],STGB,BCC,MEAM,29,(0 -3 7),46.4,1.65,0.0296
Fe,[100],STGB,BCC,MEAM,5,(0 1 2),53.13,1.14,0.0197
Fe,[100],STGB,BCC,MEAM,17,(0 -5 -3),61.93,1.34,0.0236
Fe,[100],STGB,BCC,MEAM,13,(0 -3 2),67.38,1.36,0.0252
Fe,[100],STGB,BCC,MEAM,37,(0 -7 -5),71.08,1.38,0.0224
Fe,[100],STGB,BCC,MEAM,25,(0 -4 3),73.74,1.29,0.0212
Fe,[100],STGB,BCC,MEAM,41,(0 -5 4),77.32,1.19,0.0208
Fe,[100],STGB,BCC,MEAM,61,(0 -6 5),79.61,1.16,0.0190
Fe,[100],STGB,BCC,ORB,41,(0 -9 1),12.68,1.14,0.0453
Fe,[100],STGB,BCC,ORB,25,(0 -7 1),16.26,1.28,0.0333
Fe,[100],STGB,BCC,ORB,37,(0 -6 -1),18.92,1.74,0.0953
Fe,[100],STGB,BCC,ORB,13,(0 -5 1),22.62,1.45,0.0282
Fe,[100],STGB,BCC,ORB,17,(0 -4 -1),28.07,1.60,0.0414
Fe,[100],STGB,BCC,ORB,5,(0 1 3),36.87,1.55,0.0397
Fe,[100],STGB,BCC,ORB,29,(0 -2 5),43.6,1.78,0.0440
Fe,[100],STGB,BCC,ORB,29,(0 -3 7),46.4,1.79,0.0534
Fe,[100],STGB,BCC,ORB,5,(0 1 2),53.13,1.58,0.0250
Fe,[100],STGB,BCC,ORB,17,(0 -5 -3),61.93,1.76,0.0394
Fe,[100],STGB,BCC,ORB,13,(0 -3 2),67.38,1.62,0.0374
Fe,[100],STGB,BCC,ORB,37,(0 -7 -5),71.08,1.36,0.0647
Fe,[100],STGB,BCC,ORB,25,(0 -4 3),73.74,1.50,0.0334
Fe,[100],STGB,BCC,ORB,41,(0 -5 4),77.32,1.42,0.0442
Fe,[100],STGB,BCC,ORB,61,(0 -6 5),79.61,1.33,0.0074
Fe,[100],STGB,BCC,SevenNet,25,(0 -7 1),16.26,0.62,0.0069
Fe,[100],STGB,BCC,SevenNet,37,(0 -6 -1),18.92,0.68,0.0102
Fe,[100],STGB,BCC,SevenNet,13,(0 -5 1),22.62,0.72,0.0142
Fe,[100],STGB,BCC,SevenNet,17,(0 -4 -1),28.07,0.83,0.0224
Fe,[100],STGB,BCC,SevenNet,5,(0 1 3),36.87,0.85,0.0324
Fe,[100],STGB,BCC,SevenNet,29,(0 -2 5),43.6,1.05,0.0307
Fe,[100],STGB,BCC,SevenNet,29,(0 -3 7),46.4,1.07,0.0326
Fe,[100],STGB,BCC,SevenNet,5,(0 1 2),53.13,0.79,0.0200
Fe,[100],STGB,BCC,SevenNet,17,(0 -5 -3),61.93,0.90,0.0213
Fe,[100],STGB,BCC,SevenNet,13,(0 -3 2),67.38,0.93,0.0177
Fe,[100],STGB,BCC,SevenNet,25,(0 -4 3),73.74,0.83,0.0106
Fe,[100],STGB,BCC,SevenNet,41,(0 -5 4),77.32,0.76,0.0072
Fe,[100],STGB,BCC,SevenNet,61,(0 -6 5),79.61,0.67,0.0108
Fe,[100],STGB,BCC,UMA,25,(0 -7 1),16.26,3.03,0.0959
Fe,[100],STGB,BCC,UMA,37,(0 -6 -1),18.92,2.65,0.0865
Fe,[100],STGB,BCC,UMA,13,(0 -5 1),22.62,2.21,0.0742
Fe,[100],STGB,BCC,UMA,17,(0 -4 -1),28.07,2.19,0.0695
Fe,[100],STGB,BCC,UMA,5,(0 1 3),36.87,2.10,0.0639
Fe,[100],STGB,BCC,UMA,29,(0 -2 5),43.6,2.65,0.0906
Fe,[100],STGB,BCC,UMA,29,(0 -3 7),46.4,3.06,0.1098
Fe,[100],STGB,BCC,UMA,5,(0 1 2),53.13,1.97,0.0515
Fe,[100],STGB,BCC,UMA,17,(0 -5 -3),61.93,2.52,0.0804
Fe,[100],STGB,BCC,UMA,13,(0 -3 2),67.38,2.04,0.0569
Fe,[100],STGB,BCC,UMA,25,(0 -4 3),73.74,2.08,0.0632
Fe,[100],STGB,BCC,UMA,41,(0 -5 4),77.32,2.18,0.0730
Fe,[100],STGB,BCC,UMA,61,(0 -6 5),79.61,2.31,0.0827
Fe,[100],TWGB,BCC,ADP,265,(1 0 0),4.98,1.06,0.0101
Fe,[100],TWGB,BCC,ADP,221,(1 0 0),5.45,1.11,0.0104
Fe,[100],TWGB,BCC,ADP,181,(1 0 0),6.03,1.17,0.0111
Fe,[100],TWGB,BCC,ADP,145,(1 0 0),6.73,1.23,0.0117
Fe,[100],TWGB,BCC,ADP,257,(1 0 0),7.15,1.26,0.0122
Fe,[100],TWGB,BCC,ADP,113,(1 0 0),7.63,1.29,0.0123
Fe,[100],TWGB,BCC,ADP,197,(1 0 0),8.17,1.34,0.0132
Fe,[100],TWGB,BCC,ADP,85,(1 0 0),8.8,1.36,0.0129
Fe,[100],TWGB,BCC,ADP,61,(1 0 0),10.39,1.44,0.0138
Fe,[100],TWGB,BCC,ADP,101,(1 0 0),11.42,1.52,0.0156
Fe,[100],TWGB,BCC,ADP,41,(1 0 0),12.68,1.54,0.0154
Fe,[100],TWGB,BCC,ADP,25,(1 0 0),16.26,1.64,0.0182
Fe,[100],TWGB,BCC,ADP,37,(1 0 0),18.92,1.74,0.0202
Fe,[100],TWGB,BCC,ADP,13,(1 0 0),22.62,1.76,0.0215
Fe,[100],TWGB,BCC,ADP,89,(1 0 0),25.99,1.87,0.0220
Fe,[100],TWGB,BCC,ADP,17,(1 0 0),28.07,1.85,0.0204
Fe,[100],TWGB,BCC,ADP,53,(1 0 0),31.89,1.88,0.0206
Fe,[100],TWGB,BCC,ADP,109,(1 0 0),33.4,1.88,0.0208
Fe,[100],TWGB,BCC,ADP,5,(1 0 0),36.87,1.99,0.0217
Fe,[100],TWGB,BCC,ADP,73,(1 0 0),41.11,1.90,0.0216
Fe,[100],TWGB,BCC,ADP,97,(1 0 0),42.08,1.90,0.0210
Fe,[100],TWGB,BCC,ADP,29,(1 0 0),43.6,1.91,0.0223
Fe,[100],TWGB,BCC,ADP,29,(1 0 0),46.4,1.91,0.0223
Fe,[100],TWGB,BCC,ADP,97,(1 0 0),47.92,1.90,0.0210
Fe,[100],TWGB,BCC,ADP,73,(1 0 0),48.89,1.90,0.0216
Fe,[100],TWGB,BCC,ADP,5,(1 0 0),53.13,1.99,0.0217
Fe,[100],TWGB,BCC,ADP,109,(1 0 0),56.6,1.88,0.0208
Fe,[100],TWGB,BCC,ADP,53,(1 0 0),58.11,1.88,0.0206
Fe,[100],TWGB,BCC,ADP,17,(1 0 0),61.93,1.85,0.0204
Fe,[100],TWGB,BCC,ADP,89,(1 0 0),64.01,1.87,0.0220
Fe,[100],TWGB,BCC,ADP,13,(1 0 0),67.38,1.76,0.0215
Fe,[100],TWGB,BCC,ADP,37,(1 0 0),71.08,1.74,0.0202
Fe,[100],TWGB,BCC,ADP,25,(1 0 0),73.74,1.64,0.0182
Fe,[100],TWGB,BCC,ADP,41,(1 0 0),77.32,1.54,0.0154
Fe,[100],TWGB,BCC,ADP,101,(1 0 0),78.58,1.52,0.0156
Fe,[100],TWGB,BCC,ADP,61,(1 0 0),79.61,1.44,0.0138
Fe,[100],TWGB,BCC,ADP,85,(1 0 0),81.2,1.36,0.0129
Fe,[100],TWGB,BCC,ADP,197,(1 0 0),81.83,1.34,0.0132
Fe,[100],TWGB,BCC,ADP,113,(1 0 0),82.37,1.29,0.0123
Fe,[100],TWGB,BCC,ADP,257,(1 0 0),82.85,1.26,0.0122
Fe,[100],TWGB,BCC,ADP,145,(1 0 0),83.27,1.23,0.0117
Fe,[100],TWGB,BCC,ADP,181,(1 0 0),83.97,1.17,0.0111
Fe,[100],TWGB,BCC,ADP,221,(1 0 0),84.55,1.11,0.0104
Fe,[100],TWGB,BCC,ADP,265,(1 0 0),85.02,1.06,0.0101
Fe,[100],TWGB,BCC,EAM,265,(1 0 0),4.98,0.89,0.0086
Fe,[100],TWGB,BCC,EAM,221,(1 0 0),5.45,0.93,0.0091
Fe,[100],TWGB,BCC,EAM,181,(1 0 0),6.03,0.97,0.0100
Fe,[100],TWGB,BCC,EAM,145,(1 0 0),6.73,1.02,0.0111
Fe,[100],TWGB,BCC,EAM,257,(1 0 0),7.15,1.05,0.0117
Fe,[100],TWGB,BCC,EAM,113,(1 0 0),7.63,1.07,0.0116
Fe,[100],TWGB,BCC,EAM,197,(1 0 0),8.17,1.11,0.0127
Fe,[100],TWGB,BCC,EAM,85,(1 0 0),8.8,1.14,0.0131
Fe,[100],TWGB,BCC,EAM,61,(1 0 0),10.39,1.21,0.0140
Fe,[100],TWGB,BCC,EAM,101,(1 0 0),11.42,1.26,0.0157
Fe,[100],TWGB,BCC,EAM,41,(1 0 0),12.68,1.31,0.0159
Fe,[100],TWGB,BCC,EAM,25,(1 0 0),16.26,1.40,0.0175
Fe,[100],TWGB,BCC,EAM,13,(1 0 0),22.62,1.52,0.0191
Fe,[100],TWGB,BCC,EAM,89,(1 0 0),25.99,1.58,0.0204
Fe,[100],TWGB,BCC,EAM,17,(1 0 0),28.07,1.57,0.0189
Fe,[100],TWGB,BCC,EAM,53,(1 0 0),31.89,1.61,0.0224
Fe,[100],TWGB,BCC,EAM,109,(1 0 0),33.4,1.61,0.0211
Fe,[100],TWGB,BCC,EAM,5,(1 0 0),36.87,1.58,0.0189
Fe,[100],TWGB,BCC,EAM,73,(1 0 0),41.11,1.63,0.0205
Fe,[100],TWGB,BCC,EAM,97,(1 0 0),42.08,1.64,0.0237
Fe,[100],TWGB,BCC,EAM,29,(1 0 0),43.6,1.61,0.0206
Fe,[100],TWGB,BCC,EAM,29,(1 0 0),46.4,1.61,0.0206
Fe,[100],TWGB,BCC,EAM,97,(1 0 0),47.92,1.64,0.0237
Fe,[100],TWGB,BCC,EAM,73,(1 0 0),48.89,1.63,0.0205
Fe,[100],TWGB,BCC,EAM,5,(1 0 0),53.13,1.58,0.0189
Fe,[100],TWGB,BCC,EAM,109,(1 0 0),56.6,1.61,0.0211
Fe,[100],TWGB,BCC,EAM,53,(1 0 0),58.11,1.61,0.0224
Fe,[100],TWGB,BCC,EAM,17,(1 0 0),61.93,1.57,0.0189
Fe,[100],TWGB,BCC,EAM,89,(1 0 0),64.01,1.58,0.0204
Fe,[100],TWGB,BCC,EAM,13,(1 0 0),67.38,1.52,0.0191
Fe,[100],TWGB,BCC,EAM,25,(1 0 0),73.74,1.40,0.0175
Fe,[100],TWGB,BCC,EAM,41,(1 0 0),77.32,1.31,0.0159
Fe,[100],TWGB,BCC,EAM,101,(1 0 0),78.58,1.26,0.0157
Fe,[100],TWGB,BCC,EAM,61,(1 0 0),79.61,1.21,0.0140
Fe,[100],TWGB,BCC,EAM,85,(1 0 0),81.2,1.14,0.0131
Fe,[100],TWGB,BCC,EAM,197,(1 0 0),81.83,1.11,0.0127
Fe,[100],TWGB,BCC,EAM,113,(1 0 0),82.37,1.07,0.0116
Fe,[100],TWGB,BCC,EAM,257,(1 0 0),82.85,1.05,0.0117
Fe,[100],TWGB,BCC,EAM,145,(1 0 0),83.27,1.02,0.0111
Fe,[100],TWGB,BCC,EAM,181,(1 0 0),83.97,0.97,0.0100
Fe,[100],TWGB,BCC,EAM,221,(1 0 0),84.55,0.93,0.0091
Fe,[100],TWGB,BCC,EAM,265,(1 0 0),85.02,0.89,0.0086
Fe,[100],TWGB,BCC,GRACE,265,(1 0 0),4.98,0.97,0.0108
Fe,[100],TWGB,BCC,GRACE,221,(1 0 0),5.45,1.02,0.0078
Fe,[100],TWGB,BCC,GRACE,181,(1 0 0),6.03,1.10,0.0182
Fe,[100],TWGB,BCC,GRACE,145,(1 0 0),6.73,1.17,0.0188
Fe,[100],TWGB,BCC,GRACE,257,(1 0 0),7.15,1.21,0.0201
Fe,[100],TWGB,BCC,GRACE,113,(1 0 0),7.63,1.24,0.0146
Fe,[100],TWGB,BCC,GRACE,197,(1 0 0),8.17,1.30,0.0208
Fe,[100],TWGB,BCC,GRACE,85,(1 0 0),8.8,1.36,0.0245
Fe,[100],TWGB,BCC,GRACE,61,(1 0 0),10.39,1.47,0.0257
Fe,[100],TWGB,BCC,GRACE,101,(1 0 0),11.42,1.52,0.0257
Fe,[100],TWGB,BCC,GRACE,41,(1 0 0),12.68,1.61,0.0188
Fe,[100],TWGB,BCC,GRACE,65,(1 0 0),14.25,2.00,0.0295
Fe,[100],TWGB,BCC,GRACE,37,(1 0 0),18.92,1.85,0.0240
Fe,[100],TWGB,BCC,GRACE,13,(1 0 0),22.62,1.96,0.0357
Fe,[100],TWGB,BCC,GRACE,89,(1 0 0),25.99,2.01,0.0325
Fe,[100],TWGB,BCC,GRACE,17,(1 0 0),28.07,2.02,0.0348
Fe,[100],TWGB,BCC,GRACE,53,(1 0 0),31.89,2.00,0.0272
Fe,[100],TWGB,BCC,GRACE,109,(1 0 0),33.4,2.03,0.0256
Fe,[100],TWGB,BCC,GRACE,5,(1 0 0),36.87,2.19,0.0383
Fe,[100],TWGB,BCC,GRACE,73,(1 0 0),41.11,2.06,0.0292
Fe,[100],TWGB,BCC,GRACE,97,(1 0 0),42.08,2.06,0.0366
Fe,[100],TWGB,BCC,GRACE,29,(1 0 0),43.6,2.14,0.0286
Fe,[100],TWGB,BCC,GRACE,29,(1 0 0),46.4,2.14,0.0286
Fe,[100],TWGB,BCC,GRACE,97,(1 0 0),47.92,2.06,0.0366
Fe,[100],TWGB,BCC,GRACE,73,(1 0 0),48.89,2.06,0.0292
Fe,[100],TWGB,BCC,GRACE,5,(1 0 0),53.13,2.19,0.0383
Fe,[100],TWGB,BCC,GRACE,109,(1 0 0),56.6,2.03,0.0256
Fe,[100],TWGB,BCC,GRACE,53,(1 0 0),58.11,2.00,0.0272
Fe,[100],TWGB,BCC,GRACE,17,(1 0 0),61.93,2.02,0.0348
Fe,[100],TWGB,BCC,GRACE,89,(1 0 0),64.01,2.01,0.0325
Fe,[100],TWGB,BCC,GRACE,13,(1 0 0),67.38,1.96,0.0357
Fe,[100],TWGB,BCC,GRACE,37,(1 0 0),71.08,1.85,0.0240
Fe,[100],TWGB,BCC,GRACE,65,(1 0 0),75.75,2.00,0.0295
Fe,[100],TWGB,BCC,GRACE,41,(1 0 0),77.32,1.61,0.0188
Fe,[100],TWGB,BCC,GRACE,101,(1 0 0),78.58,1.52,0.0257
Fe,[100],TWGB,BCC,GRACE,61,(1 0 0),79.61,1.47,0.0257
Fe,[100],TWGB,BCC,GRACE,85,(1 0 0),81.2,1.36,0.0245
Fe,[100],TWGB,BCC,GRACE,197,(1 0 0),81.83,1.30,0.0208
Fe,[100],TWGB,BCC,GRACE,113,(1 0 0),82.37,1.24,0.0146
Fe,[100],TWGB,BCC,GRACE,257,(1 0 0),82.85,1.21,0.0201
Fe,[100],TWGB,BCC,GRACE,145,(1 0 0),83.27,1.17,0.0188
Fe,[100],TWGB,BCC,GRACE,181,(1 0 0),83.97,1.10,0.0182
Fe,[100],TWGB,BCC,GRACE,221,(1 0 0),84.55,1.02,0.0078
Fe,[100],TWGB,BCC,GRACE,265,(1 0 0),85.02,0.97,0.0108
Fe,[100],TWGB,BCC,MACE,61,(1 0 0),10.39,1.09,0.0002
Fe,[100],TWGB,BCC,MACE,65,(1 0 0),14.25,1.41,0.0199
Fe,[100],TWGB,BCC,MACE,13,(1 0 0),22.62,1.45,0.0335
Fe,[100],TWGB,BCC,MACE,17,(1 0 0),28.07,1.38,0.0144
Fe,[100],TWGB,BCC,MACE,53,(1 0 0),31.89,1.43,0.0163
Fe,[100],TWGB,BCC,MACE,5,(1 0 0),36.87,1.60,0.0389
Fe,[100],TWGB,BCC,MACE,73,(1 0 0),41.11,1.36,0.0051
Fe,[100],TWGB,BCC,MACE,29,(1 0 0),43.6,1.55,0.0136
Fe,[100],TWGB,BCC,MACE,29,(1 0 0),46.4,1.55,0.0136
Fe,[100],TWGB,BCC,MACE,73,(1 0 0),48.89,1.36,0.0051
Fe,[100],TWGB,BCC,MACE,5,(1 0 0),53.13,1.60,0.0389
Fe,[100],TWGB,BCC,MACE,53,(1 0 0),58.11,1.43,0.0163
Fe,[100],TWGB,BCC,MACE,17,(1 0 0),61.93,1.38,0.0144
Fe,[100],TWGB,BCC,MACE,13,(1 0 0),67.38,1.45,0.0335
Fe,[100],TWGB,BCC,MACE,65,(1 0 0),75.75,1.41,0.0199
Fe,[100],TWGB,BCC,MACE,61,(1 0 0),79.61,1.09,0.0002
Fe,[100],TWGB,BCC,MEAM,265,(1 0 0),4.98,1.06,0.0134
Fe,[100],TWGB,BCC,MEAM,221,(1 0 0),5.45,1.07,0.0140
Fe,[100],TWGB,BCC,MEAM,181,(1 0 0),6.03,1.11,0.0150
Fe,[100],TWGB,BCC,MEAM,145,(1 0 0),6.73,1.17,0.0156
Fe,[100],TWGB,BCC,MEAM,257,(1 0 0),7.15,1.23,0.0171
Fe,[100],TWGB,BCC,MEAM,113,(1 0 0),7.63,1.22,0.0169
Fe,[100],TWGB,BCC,MEAM,197,(1 0 0),8.17,1.31,0.0179
Fe,[100],TWGB,BCC,MEAM,85,(1 0 0),8.8,1.29,0.0188
Fe,[100],TWGB,BCC,MEAM,61,(1 0 0),10.39,1.39,0.0208
Fe,[100],TWGB,BCC,MEAM,101,(1 0 0),11.42,1.49,0.0219
Fe,[100],TWGB,BCC,MEAM,41,(1 0 0),12.68,1.50,0.0230
Fe,[100],TWGB,BCC,MEAM,25,(1 0 0),16.26,1.50,0.0240
Fe,[100],TWGB,BCC,MEAM,37,(1 0 0),18.92,1.66,0.0272
Fe,[100],TWGB,BCC,MEAM,13,(1 0 0),22.62,1.69,0.0296
Fe,[100],TWGB,BCC,MEAM,89,(1 0 0),25.99,1.77,0.0312
Fe,[100],TWGB,BCC,MEAM,17,(1 0 0),28.07,1.84,0.0327
Fe,[100],TWGB,BCC,MEAM,53,(1 0 0),31.89,1.71,0.0293
Fe,[100],TWGB,BCC,MEAM,109,(1 0 0),33.4,1.65,0.0296
Fe,[100],TWGB,BCC,MEAM,5,(1 0 0),36.87,1.14,0.0272
Fe,[100],TWGB,BCC,MEAM,73,(1 0 0),41.11,1.50,0.0301
Fe,[100],TWGB,BCC,MEAM,97,(1 0 0),42.08,1.46,0.0294
Fe,[100],TWGB,BCC,MEAM,29,(1 0 0),43.6,1.69,0.0281
Fe,[100],TWGB,BCC,MEAM,29,(1 0 0),46.4,1.69,0.0281
Fe,[100],TWGB,BCC,MEAM,97,(1 0 0),47.92,1.46,0.0294
Fe,[100],TWGB,BCC,MEAM,73,(1 0 0),48.89,1.50,0.0301
Fe,[100],TWGB,BCC,MEAM,5,(1 0 0),53.13,1.14,0.0272
Fe,[100],TWGB,BCC,MEAM,109,(1 0 0),56.6,1.65,0.0296
Fe,[100],TWGB,BCC,MEAM,53,(1 0 0),58.11,1.71,0.0293
Fe,[100],TWGB,BCC,MEAM,17,(1 0 0),61.93,1.84,0.0327
Fe,[100],TWGB,BCC,MEAM,89,(1 0 0),64.01,1.77,0.0312
Fe,[100],TWGB,BCC,MEAM,13,(1 0 0),67.38,1.69,0.0296
Fe,[100],TWGB,BCC,MEAM,37,(1 0 0),71.08,1.66,0.0272
Fe,[100],TWGB,BCC,MEAM,25,(1 0 0),73.74,1.50,0.0240
Fe,[100],TWGB,BCC,MEAM,41,(1 0 0),77.32,1.50,0.0230
Fe,[100],TWGB,BCC,MEAM,101,(1 0 0),78.58,1.49,0.0219
Fe,[100],TWGB,BCC,MEAM,61,(1 0 0),79.61,1.39,0.0208
Fe,[100],TWGB,BCC,MEAM,85,(1 0 0),81.2,1.29,0.0188
Fe,[100],TWGB,BCC,MEAM,197,(1 0 0),81.83,1.31,0.0179
Fe,[100],TWGB,BCC,MEAM,113,(1 0 0),82.37,1.22,0.0169
Fe,[100],TWGB,BCC,MEAM,257,(1 0 0),82.85,1.23,0.0171
Fe,[100],TWGB,BCC,MEAM,145,(1 0 0),83.27,1.17,0.0156
Fe,[100],TWGB,BCC,MEAM,181,(1 0 0),83.97,1.11,0.0150
Fe,[100],TWGB,BCC,MEAM,221,(1 0 0),84.55,1.07,0.0140
Fe,[100],TWGB,BCC,MEAM,265,(1 0 0),85.02,1.06,0.0134
Fe,[100],TWGB,BCC,ORB,61,(1 0 0),10.39,1.49,0.0282
Fe,[100],TWGB,BCC,ORB,41,(1 0 0),12.68,1.63,0.0295
Fe,[100],TWGB,BCC,ORB,65,(1 0 0),14.25,2.11,0.0389
Fe,[100],TWGB,BCC,ORB,25,(1 0 0),16.26,1.80,0.0292
Fe,[100],TWGB,BCC,ORB,37,(1 0 0),18.92,1.96,0.0339
Fe,[100],TWGB,BCC,ORB,13,(1 0 0),22.62,1.91,0.0394
Fe,[100],TWGB,BCC,ORB,17,(1 0 0),28.07,2.05,0.0397
Fe,[100],TWGB,BCC,ORB,53,(1 0 0),31.89,2.13,0.0367
Fe,[100],TWGB,BCC,ORB,5,(1 0 0),36.87,2.26,0.0477
Fe,[100],TWGB,BCC,ORB,29,(1 0 0),43.6,2.32,0.0713
Fe,[100],TWGB,BCC,ORB,29,(1 0 0),46.4,2.32,0.0713
Fe,[100],TWGB,BCC,ORB,5,(1 0 0),53.13,2.26,0.0477
Fe,[100],TWGB,BCC,ORB,53,(1 0 0),58.11,2.13,0.0367
Fe,[100],TWGB,BCC,ORB,17,(1 0 0),61.93,2.05,0.0397
Fe,[100],TWGB,BCC,ORB,13,(1 0 0),67.38,1.91,0.0394
Fe,[100],TWGB,BCC,ORB,37,(1 0 0),71.08,1.96,0.0339
Fe,[100],TWGB,BCC,ORB,25,(1 0 0),73.74,1.80,0.0292
Fe,[100],TWGB,BCC,ORB,65,(1 0 0),75.75,2.11,0.0389
Fe,[100],TWGB,BCC,ORB,41,(1 0 0),77.32,1.63,0.0295
Fe,[100],TWGB,BCC,ORB,61,(1 0 0),79.61,1.49,0.0282
Fe,[100],TWGB,BCC,SevenNet,41,(1 0 0),12.68,1.05,0.0053
Fe,[100],TWGB,BCC,SevenNet,37,(1 0 0),18.92,1.25,0.0266
Fe,[100],TWGB,BCC,SevenNet,13,(1 0 0),22.62,1.21,0.0284
Fe,[100],TWGB,BCC,SevenNet,17,(1 0 0),28.07,1.22,0.0239
Fe,[100],TWGB,BCC,SevenNet,5,(1 0 0),36.87,1.35,0.0292
Fe,[100],TWGB,BCC,SevenNet,5,(1 0 0),53.13,1.35,0.0292
Fe,[100],TWGB,BCC,SevenNet,17,(1 0 0),61.93,1.22,0.0239
Fe,[100],TWGB,BCC,SevenNet,13,(1 0 0),67.38,1.21,0.0284
Fe,[100],TWGB,BCC,SevenNet,37,(1 0 0),71.08,1.25,0.0266
Fe,[100],TWGB,BCC,SevenNet,41,(1 0 0),77.32,1.05,0.0053
Fe,[100],TWGB,BCC,UMA,61,(1 0 0),10.39,1.94,0.0490
Fe,[100],TWGB,BCC,UMA,41,(1 0 0),12.68,2.06,0.0495
Fe,[100],TWGB,BCC,UMA,25,(1 0 0),16.26,2.21,0.0500
Fe,[100],TWGB,BCC,UMA,13,(1 0 0),22.62,2.48,0.0636
Fe,[100],TWGB,BCC,UMA,5,(1 0 0),36.87,2.73,0.0686
Fe,[100],TWGB,BCC,UMA,29,(1 0 0),43.6,2.64,0.0598
Fe,[100],TWGB,BCC,UMA,5,(1 0 0),53.13,2.73,0.0686
Fe,[100],TWGB,BCC,UMA,53,(1 0 0),58.11,2.53,0.0595
Fe,[100],TWGB,BCC,UMA,17,(1 0 0),61.93,2.54,0.0640
Fe,[100],TWGB,BCC,UMA,37,(1 0 0),71.08,2.35,0.0545
Fe,[100],TWGB,BCC,UMA,65,(1 0 0),75.75,2.53,0.0604
Fe,[110],STGB,BCC,ADP,289,(1 -1 24),6.74,1.39,0.0249
Fe,[110],STGB,BCC,ADP,243,(-11 11 1),7.36,1.33,0.0120
Fe,[110],STGB,BCC,ADP,201,(-10 10 1),8.09,1.42,0.0138
Fe,[110],STGB,BCC,ADP,291,(1 -1 17),9.51,1.64,0.0195
Fe,[110],STGB,BCC,ADP,129,(-8 8 1),10.1,1.50,0.0137
Fe,[110],STGB,BCC,ADP,227,(-15 15 2),10.77,1.66,0.0187
Fe,[110],STGB,BCC,ADP,99,(-7 7 1),11.54,1.66,0.0283
Fe,[110],STGB,BCC,ADP,73,(-6 6 1),13.44,1.64,0.0234
Fe,[110],STGB,BCC,ADP,51,(-5 5 1),16.1,1.67,0.0223
Fe,[110],STGB,BCC,ADP,83,(-9 9 2),17.86,1.93,0.0236
Fe,[110],STGB,BCC,ADP,33,(-4 4 1),20.05,1.89,0.0264
Fe,[110],STGB,BCC,ADP,19,(-3 3 1),26.53,1.97,0.0323
Fe,[110],STGB,BCC,ADP,27,(-5 5 2),31.59,1.95,0.0217
Fe,[110],STGB,BCC,ADP,89,(-2 2 -9),34.89,2.12,0.0281
Fe,[110],STGB,BCC,ADP,9,(-1 1 -4),38.94,1.55,0.0065
Fe,[110],STGB,BCC,ADP,57,(-2 2 -7),44,2.09,0.0301
Fe,[110],STGB,BCC,ADP,59,(-5 5 3),45.98,2.18,0.0454
Fe,[110],STGB,BCC,ADP,11,(-3 3 2),50.48,1.48,0.0187
Fe,[110],STGB,BCC,ADP,41,(-3 3 -8),55.88,1.76,0.0297
Fe,[110],STGB,BCC,ADP,97,(-5 5 -12),61.02,1.85,0.0238
Fe,[110],STGB,BCC,ADP,67,(-3 3 -7),62.44,1.98,0.0343
Fe,[110],STGB,BCC,ADP,3,(-1 1 1),70.53,0.39,0.0004
Fe,[110],STGB,BCC,ADP,81,(7 -7 -8),77.88,2.06,0.0335
Fe,[110],STGB,BCC,ADP,43,(5 -5 -6),80.63,1.93,0.0256
Fe,[110],STGB,BCC,ADP,17,(3 -3 -4),86.63,1.71,0.0128
Fe,[110],STGB,BCC,EAM,289,(1 -1 24),6.74,1.21,0.0091
Fe,[110],STGB,BCC,EAM,243,(-11 11 1),7.36,1.11,0.0072
Fe,[110],STGB,BCC,EAM,201,(-10 10 1),8.09,1.20,0.0078
Fe,[110],STGB,BCC,EAM,291,(1 -1 17),9.51,1.38,0.0090
Fe,[110],STGB,BCC,EAM,129,(-8 8 1),10.1,1.23,0.0094
Fe,[110],STGB,BCC,EAM,227,(-15 15 2),10.77,1.38,0.0094
Fe,[110],STGB,BCC,EAM,99,(-7 7 1),11.54,1.38,0.0169
Fe,[110],STGB,BCC,EAM,73,(-6 6 1),13.44,1.73,0.0320
Fe,[110],STGB,BCC,EAM,51,(-5 5 1),16.1,1.84,0.0382
Fe,[110],STGB,BCC,EAM,83,(-9 9 2),17.86,1.55,0.0135
Fe,[110],STGB,BCC,EAM,33,(-4 4 1),20.05,1.49,0.0292
Fe,[110],STGB,BCC,EAM,19,(-3 3 1),26.53,1.61,0.0388
Fe,[110],STGB,BCC,EAM,27,(-5 5 2),31.59,1.62,0.0180
Fe,[110],STGB,BCC,EAM,89,(-2 2 -9),34.89,1.79,0.0185
Fe,[110],STGB,BCC,EAM,9,(-1 1 -4),38.94,1.28,0.0279
Fe,[110],STGB,BCC,EAM,57,(-2 2 -7),44,1.80,0.0185
Fe,[110],STGB,BCC,EAM,59,(-5 5 3),45.98,1.54,0.0230
Fe,[110],STGB,BCC,EAM,11,(-3 3 2),50.48,1.17,0.0176
Fe,[110],STGB,BCC,EAM,41,(-3 3 -8),55.88,1.34,0.0173
Fe,[110],STGB,BCC,EAM,97,(-5 5 -12),61.02,1.53,0.0080
Fe,[110],STGB,BCC,EAM,67,(-3 3 -7),62.44,1.68,0.0249
Fe,[110],STGB,BCC,EAM,3,(-1 1 1),70.53,0.32,0.0014
Fe,[110],STGB,BCC,EAM,81,(7 -7 -8),77.88,1.76,0.0233
Fe,[110],STGB,BCC,EAM,43,(5 -5 -6),80.63,1.61,0.0208
Fe,[110],STGB,BCC,EAM,17,(3 -3 -4),86.63,1.38,0.0250
Fe,[110],STGB,BCC,GRACE,289,(1 -1 24),6.74,0.84,0.0141
Fe,[110],STGB,BCC,GRACE,243,(-11 11 1),7.36,0.93,0.0024
Fe,[110],STGB,BCC,GRACE,201,(-10 10 1),8.09,0.97,0.0142
Fe,[110],STGB,BCC,GRACE,291,(1 -1 17),9.51,1.05,0.0154
Fe,[110],STGB,BCC,GRACE,129,(-8 8 1),10.1,1.11,0.0161
Fe,[110],STGB,BCC,GRACE,227,(-15 15 2),10.77,1.13,0.0165
Fe,[110],STGB,BCC,GRACE,99,(-7 7 1),11.54,1.15,0.0201
Fe,[110],STGB,BCC,GRACE,73,(-6 6 1),13.44,1.17,0.0161
Fe,[110],STGB,BCC,GRACE,51,(-5 5 1),16.1,1.27,0.0177
Fe,[110],STGB,BCC,GRACE,83,(-9 9 2),17.86,1.45,0.0172
Fe,[110],STGB,BCC,GRACE,33,(-4 4 1),20.05,1.53,0.0277
Fe,[110],STGB,BCC,GRACE,19,(-3 3 1),26.53,1.75,0.0325
Fe,[110],STGB,BCC,GRACE,27,(-5 5 2),31.59,1.68,0.0150
Fe,[110],STGB,BCC,GRACE,89,(-2 2 -9),34.89,1.68,0.0153
Fe,[110],STGB,BCC,GRACE,9,(-1 1 -4),38.94,1.47,0.0245
Fe,[110],STGB,BCC,GRACE,57,(-2 2 -7),44,1.79,0.0198
Fe,[110],STGB,BCC,GRACE,59,(-5 5 3),45.98,1.55,0.0278
Fe,[110],STGB,BCC,GRACE,11,(-3 3 2),50.48,1.25,0.0138
Fe,[110],STGB,BCC,GRACE,41,(-3 3 -8),55.88,1.35,0.0254
Fe,[110],STGB,BCC,GRACE,97,(-5 5 -12),61.02,1.44,0.0228
Fe,[110],STGB,BCC,GRACE,67,(-3 3 -7),62.44,1.57,0.0202
Fe,[110],STGB,BCC,GRACE,3,(-1 1 1),70.53,0.46,0.0098
Fe,[110],STGB,BCC,GRACE,81,(7 -7 -8),77.88,1.63,0.0225
Fe,[110],STGB,BCC,GRACE,43,(5 -5 -6),80.63,1.59,0.0222
Fe,[110],STGB,BCC,GRACE,17,(3 -3 -4),86.63,1.44,0.0207
Fe,[110],STGB,BCC,MACE,73,(-6 6 1),13.44,0.79,0.0099
Fe,[110],STGB,BCC,MACE,51,(-5 5 1),16.1,0.87,0.0106
Fe,[110],STGB,BCC,MACE,83,(-9 9 2),17.86,0.93,0.0064
Fe,[110],STGB,BCC,MACE,33,(-4 4 1),20.05,1.13,0.0227
Fe,[110],STGB,BCC,MACE,19,(-3 3 1),26.53,1.37,0.0345
Fe,[110],STGB,BCC,MACE,27,(-5 5 2),31.59,1.05,0.0072
Fe,[110],STGB,BCC,MACE,9,(-1 1 -4),38.94,1.09,0.0225
Fe,[110],STGB,BCC,MACE,57,(-2 2 -7),44,0.91,0.0090
Fe,[110],STGB,BCC,MACE,59,(-5 5 3),45.98,1.10,0.0269
Fe,[110],STGB,BCC,MACE,11,(-3 3 2),50.48,0.58,0.0114
Fe,[110],STGB,BCC,MACE,41,(-3 3 -8),55.88,0.92,0.0248
Fe,[110],STGB,BCC,MACE,67,(-3 3 -7),62.44,0.94,0.0041
Fe,[110],STGB,BCC,MACE,3,(-1 1 1),70.53,0.17,0.0108
Fe,[110],STGB,BCC,MACE,81,(7 -7 -8),77.88,1.07,0.0042
Fe,[110],STGB,BCC,MACE,43,(5 -5 -6),80.63,1.03,0.0021
Fe,[110],STGB,BCC,MACE,17,(3 -3 -4),86.63,0.92,0.0043
Fe,[110],STGB,BCC,MEAM,289,(1 -1 24),6.74,1.22,0.0187
Fe,[110],STGB,BCC,MEAM,243,(-11 11 1),7.36,1.11,0.0146
Fe,[110],STGB,BCC,MEAM,201,(-10 10 1),8.09,1.19,0.0157
Fe,[110],STGB,BCC,MEAM,291,(1 -1 17),9.51,1.38,0.0184
Fe,[110],STGB,BCC,MEAM,129,(-8 8 1),10.1,1.23,0.0165
Fe,[110],STGB,BCC,MEAM,227,(-15 15 2),10.77,1.38,0.0184
Fe,[110],STGB,BCC,MEAM,99,(-7 7 1),11.54,1.39,0.0232
Fe,[110],STGB,BCC,MEAM,73,(-6 6 1),13.44,1.77,0.0318
Fe,[110],STGB,BCC,MEAM,51,(-5 5 1),16.1,1.44,0.0229
Fe,[110],STGB,BCC,MEAM,83,(-9 9 2),17.86,1.57,0.0214
Fe,[110],STGB,BCC,MEAM,33,(-4 4 1),20.05,1.46,0.0270
Fe,[110],STGB,BCC,MEAM,19,(-3 3 1),26.53,1.63,0.0325
Fe,[110],STGB,BCC,MEAM,27,(-5 5 2),31.59,1.46,0.0243
Fe,[110],STGB,BCC,MEAM,89,(-2 2 -9),34.89,1.68,0.0249
Fe,[110],STGB,BCC,MEAM,9,(-1 1 -4),38.94,1.26,0.0234
Fe,[110],STGB,BCC,MEAM,57,(-2 2 -7),44,1.40,0.0220
Fe,[110],STGB,BCC,MEAM,59,(-5 5 3),45.98,1.88,0.0333
Fe,[110],STGB,BCC,MEAM,11,(-3 3 2),50.48,0.88,0.0164
Fe,[110],STGB,BCC,MEAM,41,(-3 3 -8),55.88,1.44,0.0234
Fe,[110],STGB,BCC,MEAM,97,(-5 5 -12),61.02,1.56,0.0268
Fe,[110],STGB,BCC,MEAM,67,(-3 3 -7),62.44,1.44,0.0251
Fe,[110],STGB,BCC,MEAM,3,(-1 1 1),70.53,0.30,0.0049
Fe,[110],STGB,BCC,MEAM,81,(7 -7 -8),77.88,1.63,0.0261
Fe,[110],STGB,BCC,MEAM,43,(5 -5 -6),80.63,1.49,0.0243
Fe,[110],STGB,BCC,MEAM,17,(3 -3 -4),86.63,1.25,0.0208
Fe,[110],STGB,BCC,ORB,73,(-6 6 1),13.44,1.29,0.0725
Fe,[110],STGB,BCC,ORB,51,(-5 5 1),16.1,1.38,0.0813
Fe,[110],STGB,BCC,ORB,83,(-9 9 2),17.86,1.55,0.0903
Fe,[110],STGB,BCC,ORB,33,(-4 4 1),20.05,1.69,0.0280
Fe,[110],STGB,BCC,ORB,19,(-3 3 1),26.53,1.89,0.0263
Fe,[110],STGB,BCC,ORB,27,(-5 5 2),31.59,1.85,0.0421
Fe,[110],STGB,BCC,ORB,9,(-1 1 -4),38.94,1.64,0.0179
Fe,[110],STGB,BCC,ORB,57,(-2 2 -7),44,1.99,0.0593
Fe,[110],STGB,BCC,ORB,59,(-5 5 3),45.98,1.76,0.0676
Fe,[110],STGB,BCC,ORB,11,(-3 3 2),50.48,1.46,0.0187
Fe,[110],STGB,BCC,ORB,41,(-3 3 -8),55.88,1.46,0.0643
Fe,[110],STGB,BCC,ORB,67,(-3 3 -7),62.44,1.75,0.0722
Fe,[110],STGB,BCC,ORB,3,(-1 1 1),70.53,0.38,0.0088
Fe,[110],STGB,BCC,ORB,81,(7 -7 -8),77.88,1.76,0.0827
Fe,[110],STGB,BCC,ORB,43,(5 -5 -6),80.63,1.72,0.0344
Fe,[110],STGB,BCC,ORB,17,(3 -3 -4),86.63,1.56,0.0431
Fe,[110],STGB,BCC,SevenNet,33,(-4 4 1),20.05,0.95,0.0141
Fe,[110],STGB,BCC,SevenNet,19,(-3 3 1),26.53,1.11,0.0193
Fe,[110],STGB,BCC,SevenNet,9,(-1 1 -4),38.94,0.90,0.0058
Fe,[110],STGB,BCC,SevenNet,41,(-3 3 -8),55.88,0.79,0.0171
Fe,[110],STGB,BCC,SevenNet,3,(-1 1 1),70.53,0.17,0.0063
Fe,[110],STGB,BCC,SevenNet,43,(5 -5 -6),80.63,0.90,0.0014
Fe,[110],STGB,BCC,UMA,129,(-8 8 1),10.1,2.75,0.1060
Fe,[110],STGB,BCC,UMA,99,(-7 7 1),11.54,3.57,0.1562
Fe,[110],STGB,BCC,UMA,73,(-6 6 1),13.44,3.66,0.1437
Fe,[110],STGB,BCC,UMA,51,(-5 5 1),16.1,3.56,0.1283
Fe,[110],STGB,BCC,UMA,83,(-9 9 2),17.86,3.69,0.1317
Fe,[110],STGB,BCC,UMA,33,(-4 4 1),20.05,2.92,0.1009
Fe,[110],STGB,BCC,UMA,19,(-3 3 1),26.53,2.84,0.0841
Fe,[110],STGB,BCC,UMA,27,(-5 5 2),31.59,3.08,0.0840
Fe,[110],STGB,BCC,UMA,89,(-2 2 -9),34.89,4.07,0.1340
Fe,[110],STGB,BCC,UMA,9,(-1 1 -4),38.94,2.20,0.0598
Fe,[110],STGB,BCC,UMA,57,(-2 2 -7),44,3.73,0.1128
Fe,[110],STGB,BCC,UMA,59,(-5 5 3),45.98,3.46,0.1247
Fe,[110],STGB,BCC,UMA,11,(-3 3 2),50.48,2.23,0.0552
Fe,[110],STGB,BCC,UMA,41,(-3 3 -8),55.88,2.90,0.1070
Fe,[110],STGB,BCC,UMA,97,(-5 5 -12),61.02,3.81,0.1391
Fe,[110],STGB,BCC,UMA,67,(-3 3 -7),62.44,3.62,0.1212
Fe,[110],STGB,BCC,UMA,3,(-1 1 1),70.53,0.81,0.0258
Fe,[110],STGB,BCC,UMA,81,(7 -7 -8),77.88,3.87,0.1299
Fe,[110],STGB,BCC,UMA,43,(5 -5 -6),80.63,3.24,0.1014
Fe,[110],STGB,BCC,UMA,17,(3 -3 -4),86.63,2.51,0.0705
Fe,[110],TWGB,BCC,ADP,289,(1 1 0),6.74,0.70,0.0014
Fe,[110],TWGB,BCC,ADP,243,(1 1 0),7.36,0.72,0.0014
Fe,[110],TWGB,BCC,ADP,201,(1 1 0),8.09,0.74,0.0016
Fe,[110],TWGB,BCC,ADP,291,(1 1 0),9.51,0.77,0.0018
Fe,[110],TWGB,BCC,ADP,129,(1 1 0),10.1,0.78,0.0019
Fe,[110],TWGB,BCC,ADP,227,(1 1 0),10.77,0.80,0.0018
Fe,[110],TWGB,BCC,ADP,99,(1 1 0),11.54,0.81,0.0016
Fe,[110],TWGB,BCC,ADP,73,(1 1 0),13.44,0.83,0.0024
Fe,[110],TWGB,BCC,ADP,51,(1 1 0),16.1,0.85,0.0029
Fe,[110],TWGB,BCC,ADP,83,(1 1 0),17.86,0.87,0.0030
Fe,[110],TWGB,BCC,ADP,33,(1 1 0),20.05,0.88,0.0028
Fe,[110],TWGB,BCC,ADP,19,(1 1 0),26.53,0.88,0.0034
Fe,[110],TWGB,BCC,ADP,27,(1 1 0),31.59,0.89,0.0044
Fe,[110],TWGB,BCC,ADP,89,(1 1 0),34.89,0.90,0.0032
Fe,[110],TWGB,BCC,ADP,9,(1 1 0),38.94,0.89,0.0031
Fe,[110],TWGB,BCC,ADP,57,(1 1 0),44,0.90,0.0014
Fe,[110],TWGB,BCC,ADP,59,(1 1 0),45.98,0.90,0.0012
Fe,[110],TWGB,BCC,ADP,11,(1 1 0),50.48,0.84,0.0013
Fe,[110],TWGB,BCC,ADP,41,(1 1 0),55.88,0.88,0.0018
Fe,[110],TWGB,BCC,ADP,97,(1 1 0),61.02,0.84,0.0013
Fe,[110],TWGB,BCC,ADP,67,(1 1 0),62.44,0.81,0.0011
Fe,[110],TWGB,BCC,ADP,3,(1 1 0),70.53,0.49,0.0023
Fe,[110],TWGB,BCC,ADP,81,(1 1 0),77.88,0.78,0.0011
Fe,[110],TWGB,BCC,ADP,43,(1 1 0),80.63,0.80,0.0024
Fe,[110],TWGB,BCC,ADP,17,(1 1 0),86.63,0.85,0.0030
Fe,[110],TWGB,BCC,EAM,289,(1 1 0),6.74,0.58,0.0012
Fe,[110],TWGB,BCC,EAM,243,(1 1 0),7.36,0.59,0.0016
Fe,[110],TWGB,BCC,EAM,201,(1 1 0),8.09,0.61,0.0014
Fe,[110],TWGB,BCC,EAM,291,(1 1 0),9.51,0.64,0.0027
Fe,[110],TWGB,BCC,EAM,129,(1 1 0),10.1,0.65,0.0031
Fe,[110],TWGB,BCC,EAM,227,(1 1 0),10.77,0.66,0.0033
Fe,[110],TWGB,BCC,EAM,99,(1 1 0),11.54,0.67,0.0040
Fe,[110],TWGB,BCC,EAM,73,(1 1 0),13.44,0.69,0.0045
Fe,[110],TWGB,BCC,EAM,51,(1 1 0),16.1,0.72,0.0045
Fe,[110],TWGB,BCC,EAM,83,(1 1 0),17.86,0.73,0.0057
Fe,[110],TWGB,BCC,EAM,33,(1 1 0),20.05,0.74,0.0057
Fe,[110],TWGB,BCC,EAM,19,(1 1 0),26.53,0.76,0.0045
Fe,[110],TWGB,BCC,EAM,27,(1 1 0),31.59,0.77,0.0068
Fe,[110],TWGB,BCC,EAM,89,(1 1 0),34.89,0.78,0.0070
Fe,[110],TWGB,BCC,EAM,9,(1 1 0),38.94,0.75,0.0085
Fe,[110],TWGB,BCC,EAM,57,(1 1 0),44,0.77,0.0066
Fe,[110],TWGB,BCC,EAM,59,(1 1 0),45.98,0.76,0.0056
Fe,[110],TWGB,BCC,EAM,11,(1 1 0),50.48,0.70,0.0065
Fe,[110],TWGB,BCC,EAM,41,(1 1 0),55.88,0.73,0.0052
Fe,[110],TWGB,BCC,EAM,97,(1 1 0),61.02,0.70,0.0042
Fe,[110],TWGB,BCC,EAM,67,(1 1 0),62.44,0.68,0.0036
Fe,[110],TWGB,BCC,EAM,3,(1 1 0),70.53,0.39,0.0015
Fe,[110],TWGB,BCC,EAM,81,(1 1 0),77.88,0.65,0.0034
Fe,[110],TWGB,BCC,EAM,43,(1 1 0),80.63,0.67,0.0031
Fe,[110],TWGB,BCC,EAM,17,(1 1 0),86.63,0.71,0.0047
Fe,[110],TWGB,BCC,GRACE,289,(1 1 0),6.74,0.63,0.0097
Fe,[110],TWGB,BCC,GRACE,243,(1 1 0),7.36,0.65,0.0101
Fe,[110],TWGB,BCC,GRACE,201,(1 1 0),8.09,0.68,0.0106
Fe,[110],TWGB,BCC,GRACE,291,(1 1 0),9.51,0.73,0.0114
Fe,[110],TWGB,BCC,GRACE,129,(1 1 0),10.1,0.74,0.0117
Fe,[110],TWGB,BCC,GRACE,227,(1 1 0),10.77,0.76,0.0120
Fe,[110],TWGB,BCC,GRACE,99,(1 1 0),11.54,0.78,0.0123
Fe,[110],TWGB,BCC,GRACE,73,(1 1 0),13.44,0.82,0.0130
Fe,[110],TWGB,BCC,GRACE,51,(1 1 0),16.1,0.86,0.0138
Fe,[110],TWGB,BCC,GRACE,83,(1 1 0),17.86,0.89,0.0142
Fe,[110],TWGB,BCC,GRACE,33,(1 1 0),20.05,0.91,0.0146
Fe,[110],TWGB,BCC,GRACE,19,(1 1 0),26.53,0.94,0.0154
Fe,[110],TWGB,BCC,GRACE,27,(1 1 0),31.59,0.96,0.0157
Fe,[110],TWGB,BCC,GRACE,89,(1 1 0),34.89,0.96,0.0159
Fe,[110],TWGB,BCC,GRACE,9,(1 1 0),38.94,0.95,0.0156
Fe,[110],TWGB,BCC,GRACE,57,(1 1 0),44,0.95,0.0158
Fe,[110],TWGB,BCC,GRACE,59,(1 1 0),45.98,0.94,0.0157
Fe,[110],TWGB,BCC,GRACE,11,(1 1 0),50.48,0.88,0.0150
Fe,[110],TWGB,BCC,GRACE,41,(1 1 0),55.88,0.90,0.0150
Fe,[110],TWGB,BCC,GRACE,97,(1 1 0),61.02,0.85,0.0138
Fe,[110],TWGB,BCC,GRACE,67,(1 1 0),62.44,0.82,0.0134
Fe,[110],TWGB,BCC,GRACE,3,(1 1 0),70.53,0.52,0.0095
Fe,[110],TWGB,BCC,GRACE,81,(1 1 0),77.88,0.80,0.0134
Fe,[110],TWGB,BCC,GRACE,43,(1 1 0),80.63,0.83,0.0138
Fe,[110],TWGB,BCC,GRACE,17,(1 1 0),86.63,0.87,0.0145
Fe,[110],TWGB,BCC,MACE,73,(1 1 0),13.44,0.47,0.0046
Fe,[110],TWGB,BCC,MACE,51,(1 1 0),16.1,0.50,0.0053
Fe,[110],TWGB,BCC,MACE,83,(1 1 0),17.86,0.52,0.0056
Fe,[110],TWGB,BCC,MACE,33,(1 1 0),20.05,0.53,0.0059
Fe,[110],TWGB,BCC,MACE,19,(1 1 0),26.53,0.56,0.0055
Fe,[110],TWGB,BCC,MACE,27,(1 1 0),31.59,0.56,0.0054
Fe,[110],TWGB,BCC,MACE,89,(1 1 0),34.89,0.52,0.0040
Fe,[110],TWGB,BCC,MACE,9,(1 1 0),38.94,0.46,0.0039
Fe,[110],TWGB,BCC,MACE,57,(1 1 0),44,0.54,0.0065
Fe,[110],TWGB,BCC,MACE,59,(1 1 0),45.98,0.56,0.0075
Fe,[110],TWGB,BCC,MACE,11,(1 1 0),50.48,0.56,0.0085
Fe,[110],TWGB,BCC,MACE,41,(1 1 0),55.88,0.55,0.0078
Fe,[110],TWGB,BCC,MACE,67,(1 1 0),62.44,0.43,0.0044
Fe,[110],TWGB,BCC,MACE,3,(1 1 0),70.53,0.23,0.0029
Fe,[110],TWGB,BCC,MACE,81,(1 1 0),77.88,0.39,0.0022
Fe,[110],TWGB,BCC,MACE,43,(1 1 0),80.63,0.42,0.0028
Fe,[110],TWGB,BCC,MACE,17,(1 1 0),86.63,0.46,0.0039
Fe,[110],TWGB,BCC,MEAM,289,(1 1 0),6.74,0.61,0.0076
Fe,[110],TWGB,BCC,MEAM,243,(1 1 0),7.36,0.62,0.0077
Fe,[110],TWGB,BCC,MEAM,201,(1 1 0),8.09,0.64,0.0080
Fe,[110],TWGB,BCC,MEAM,291,(1 1 0),9.51,0.67,0.0084
Fe,[110],TWGB,BCC,MEAM,129,(1 1 0),10.1,0.68,0.0085
Fe,[110],TWGB,BCC,MEAM,227,(1 1 0),10.77,0.70,0.0086
Fe,[110],TWGB,BCC,MEAM,99,(1 1 0),11.54,0.71,0.0088
Fe,[110],TWGB,BCC,MEAM,73,(1 1 0),13.44,0.74,0.0092
Fe,[110],TWGB,BCC,MEAM,51,(1 1 0),16.1,0.77,0.0098
Fe,[110],TWGB,BCC,MEAM,83,(1 1 0),17.86,0.79,0.0097
Fe,[110],TWGB,BCC,MEAM,33,(1 1 0),20.05,0.80,0.0100
Fe,[110],TWGB,BCC,MEAM,19,(1 1 0),26.53,0.82,0.0105
Fe,[110],TWGB,BCC,MEAM,27,(1 1 0),31.59,0.84,0.0104
Fe,[110],TWGB,BCC,MEAM,89,(1 1 0),34.89,0.80,0.0111
Fe,[110],TWGB,BCC,MEAM,9,(1 1 0),38.94,0.70,0.0100
Fe,[110],TWGB,BCC,MEAM,57,(1 1 0),44,0.79,0.0104
Fe,[110],TWGB,BCC,MEAM,59,(1 1 0),45.98,0.83,0.0105
Fe,[110],TWGB,BCC,MEAM,11,(1 1 0),50.48,0.78,0.0100
Fe,[110],TWGB,BCC,MEAM,41,(1 1 0),55.88,0.80,0.0101
Fe,[110],TWGB,BCC,MEAM,97,(1 1 0),61.02,0.74,0.0094
Fe,[110],TWGB,BCC,MEAM,67,(1 1 0),62.44,0.71,0.0089
Fe,[110],TWGB,BCC,MEAM,3,(1 1 0),70.53,0.40,0.0056
Fe,[110],TWGB,BCC,MEAM,81,(1 1 0),77.88,0.65,0.0089
Fe,[110],TWGB,BCC,MEAM,43,(1 1 0),80.63,0.67,0.0092
Fe,[110],TWGB,BCC,MEAM,17,(1 1 0),86.63,0.71,0.0099
Fe,[110],TWGB,BCC,ORB,73,(1 1 0),13.44,0.83,0.0165
Fe,[110],TWGB,BCC,ORB,51,(1 1 0),16.1,0.87,0.0160
Fe,[110],TWGB,BCC,ORB,33,(1 1 0),20.05,0.93,0.0105
Fe,[110],TWGB,BCC,ORB,19,(1 1 0),26.53,0.96,0.0130
Fe,[110],TWGB,BCC,ORB,27,(1 1 0),31.59,0.99,0.0167
Fe,[110],TWGB,BCC,ORB,9,(1 1 0),38.94,0.98,0.0176
Fe,[110],TWGB,BCC,ORB,57,(1 1 0),44,0.96,0.0156
Fe,[110],TWGB,BCC,ORB,59,(1 1 0),45.98,0.94,0.0121
Fe,[110],TWGB,BCC,ORB,11,(1 1 0),50.48,0.86,0.0153
Fe,[110],TWGB,BCC,ORB,41,(1 1 0),55.88,0.89,0.0150
Fe,[110],TWGB,BCC,ORB,67,(1 1 0),62.44,0.81,0.0142
Fe,[110],TWGB,BCC,ORB,3,(1 1 0),70.53,0.48,0.0127
Fe,[110],TWGB,BCC,ORB,43,(1 1 0),80.63,0.83,0.0152
Fe,[110],TWGB,BCC,ORB,17,(1 1 0),86.63,0.89,0.0126
Fe,[110],TWGB,BCC,SevenNet,51,(1 1 0),16.1,0.48,0.0042
Fe,[110],TWGB,BCC,SevenNet,33,(1 1 0),20.05,0.50,0.0041
Fe,[110],TWGB,BCC,SevenNet,19,(1 1 0),26.53,0.52,0.0033
Fe,[110],TWGB,BCC,SevenNet,27,(1 1 0),31.59,0.52,0.0030
Fe,[110],TWGB,BCC,SevenNet,9,(1 1 0),38.94,0.46,0.0011
Fe,[110],TWGB,BCC,SevenNet,11,(1 1 0),50.48,0.49,0.0063
Fe,[110],TWGB,BCC,SevenNet,41,(1 1 0),55.88,0.50,0.0055
Fe,[110],TWGB,BCC,SevenNet,3,(1 1 0),70.53,0.23,0.0014
Fe,[110],TWGB,BCC,SevenNet,43,(1 1 0),80.63,0.41,0.0015
Fe,[110],TWGB,BCC,SevenNet,17,(1 1 0),86.63,0.44,0.0026
Fe,[110],TWGB,BCC,UMA,73,(1 1 0),13.44,1.34,0.0377
Fe,[110],TWGB,BCC,UMA,51,(1 1 0),16.1,1.38,0.0385
Fe,[110],TWGB,BCC,UMA,83,(1 1 0),17.86,1.41,0.0390
Fe,[110],TWGB,BCC,UMA,33,(1 1 0),20.05,1.44,0.0396
Fe,[110],TWGB,BCC,UMA,19,(1 1 0),26.53,1.47,0.0401
Fe,[110],TWGB,BCC,UMA,27,(1 1 0),31.59,1.49,0.0405
Fe,[110],TWGB,BCC,UMA,9,(1 1 0),38.94,1.49,0.0400
Fe,[110],TWGB,BCC,UMA,57,(1 1 0),44,1.47,0.0399
Fe,[110],TWGB,BCC,UMA,59,(1 1 0),45.98,1.46,0.0396
Fe,[110],TWGB,BCC,UMA,11,(1 1 0),50.48,1.39,0.0374
Fe,[110],TWGB,BCC,UMA,41,(1 1 0),55.88,1.40,0.0384
Fe,[110],TWGB,BCC,UMA,67,(1 1 0),62.44,1.34,0.0372
Fe,[110],TWGB,BCC,UMA,3,(1 1 0),70.53,1.03,0.0320
Fe,[110],TWGB,BCC,UMA,81,(1 1 0),77.88,1.33,0.0376
Fe,[110],TWGB,BCC,UMA,43,(1 1 0),80.63,1.36,0.0379
Fe,[110],TWGB,BCC,UMA,17,(1 1 0),86.63,1.42,0.0390
Fe,[111],STGB,BCC,ADP,273,(1 -17 16),6.01,1.34,0.0113
Fe,[111],STGB,BCC,ADP,241,(31 -14 -17),6.4,1.37,0.0173
Fe,[111],STGB,BCC,ADP,211,(29 -13 -16),6.84,1.41,0.0168
Fe,[111],STGB,BCC,ADP,183,(1 -14 13),7.34,1.38,0.0140
Fe,[111],STGB,BCC,ADP,157,(25 -11 -14),7.93,1.60,0.0216
Fe,[111],STGB,BCC,ADP,133,(23 -10 -13),8.61,1.39,0.0134
Fe,[111],STGB,BCC,ADP,111,(1 -11 10),9.43,1.48,0.0141
Fe,[111],STGB,BCC,ADP,91,(19 -8 -11),10.42,1.53,0.0136
Fe,[111],STGB,BCC,ADP,73,(17 -7 -10),11.64,1.59,0.0150
Fe,[111],STGB,BCC,ADP,57,(1 -8 7),13.17,1.56,0.0149
Fe,[111],STGB,BCC,ADP,43,(13 -5 -8),15.18,1.57,0.0146
Fe,[111],STGB,BCC,ADP,31,(11 -4 -7),17.9,1.65,0.0165
Fe,[111],STGB,BCC,ADP,21,(1 -5 4),21.79,1.66,0.0132
Fe,[111],STGB,BCC,ADP,67,(16 -5 -11),24.43,1.99,0.0213
Fe,[111],STGB,BCC,ADP,13,(7 -2 -5),27.8,1.83,0.0156
Fe,[111],STGB,BCC,ADP,97,(19 -5 -14),30.59,2.06,0.0229
Fe,[111],STGB,BCC,ADP,39,(2 -7 5),32.2,1.73,0.0152
Fe,[111],STGB,BCC,ADP,79,(17 -4 -13),33.99,2.14,0.0258
Fe,[111],STGB,BCC,ADP,7,(5 -1 -4),38.21,1.60,0.0122
Fe,[111],STGB,BCC,ADP,93,(4 -11 7),42.1,1.74,0.0120
Fe,[111],STGB,BCC,ADP,49,(13 -2 -11),43.57,1.78,0.0181
Fe,[111],STGB,BCC,ADP,19,(8 -1 -7),46.83,1.62,0.0129
Fe,[111],STGB,BCC,ADP,37,(11 -1 -10),50.57,1.52,0.0093
Fe,[111],STGB,BCC,ADP,61,(14 -1 -13),52.66,1.52,0.0109
Fe,[111],STGB,BCC,ADP,3,(1 -2 1),60,0.42,0.0015
Fe,[111],STGB,BCC,EAM,273,(1 -17 16),6.01,1.13,0.0006
Fe,[111],STGB,BCC,EAM,241,(31 -14 -17),6.4,1.01,0.0016
Fe,[111],STGB,BCC,EAM,211,(29 -13 -16),6.84,1.14,0.0041
Fe,[111],STGB,BCC,EAM,183,(1 -14 13),7.34,1.14,0.0062
Fe,[111],STGB,BCC,EAM,157,(25 -11 -14),7.93,1.31,0.0050
Fe,[111],STGB,BCC,EAM,133,(23 -10 -13),8.61,1.17,0.0021
Fe,[111],STGB,BCC,EAM,111,(1 -11 10),9.43,1.24,0.0071
Fe,[111],STGB,BCC,EAM,91,(19 -8 -11),10.42,1.28,0.0027
Fe,[111],STGB,BCC,EAM,73,(17 -7 -10),11.64,1.27,0.0038
Fe,[111],STGB,BCC,EAM,57,(1 -8 7),13.17,1.31,0.0116
Fe,[111],STGB,BCC,EAM,43,(13 -5 -8),15.18,1.27,0.0057
Fe,[111],STGB,BCC,EAM,31,(11 -4 -7),17.9,1.33,0.0064
Fe,[111],STGB,BCC,EAM,21,(1 -5 4),21.79,1.34,0.0130
Fe,[111],STGB,BCC,EAM,67,(16 -5 -11),24.43,1.60,0.0068
Fe,[111],STGB,BCC,EAM,13,(7 -2 -5),27.8,1.46,0.0083
Fe,[111],STGB,BCC,EAM,97,(19 -5 -14),30.59,1.71,0.0091
Fe,[111],STGB,BCC,EAM,39,(2 -7 5),32.2,1.40,0.0140
Fe,[111],STGB,BCC,EAM,79,(17 -4 -13),33.99,1.76,0.0098
Fe,[111],STGB,BCC,EAM,7,(5 -1 -4),38.21,1.33,0.0124
Fe,[111],STGB,BCC,EAM,93,(4 -11 7),42.1,1.49,0.0118
Fe,[111],STGB,BCC,EAM,49,(13 -2 -11),43.57,1.50,0.0085
Fe,[111],STGB,BCC,EAM,19,(8 -1 -7),46.83,1.36,0.0056
Fe,[111],STGB,BCC,EAM,37,(11 -1 -10),50.57,1.29,0.0033
Fe,[111],STGB,BCC,EAM,61,(14 -1 -13),52.66,1.30,0.0019
Fe,[111],STGB,BCC,EAM,3,(1 -2 1),60,0.35,0.0013
Fe,[111],STGB,BCC,GRACE,273,(1 -17 16),6.01,0.77,0.0079
Fe,[111],STGB,BCC,GRACE,241,(31 -14 -17),6.4,0.74,0.0071
Fe,[111],STGB,BCC,GRACE,211,(29 -13 -16),6.84,0.78,0.0070
Fe,[111],STGB,BCC,GRACE,183,(1 -14 13),7.34,0.87,0.0088
Fe,[111],STGB,BCC,GRACE,157,(25 -11 -14),7.93,0.84,0.0079
Fe,[111],STGB,BCC,GRACE,133,(23 -10 -13),8.61,0.88,0.0084
Fe,[111],STGB,BCC,GRACE,111,(1 -11 10),9.43,0.99,0.0102
Fe,[111],STGB,BCC,GRACE,91,(19 -8 -11),10.42,0.98,0.0090
Fe,[111],STGB,BCC,GRACE,73,(17 -7 -10),11.64,1.04,0.0093
Fe,[111],STGB,BCC,GRACE,57,(1 -8 7),13.17,1.18,0.0114
Fe,[111],STGB,BCC,GRACE,43,(13 -5 -8),15.18,1.19,0.0106
Fe,[111],STGB,BCC,GRACE,31,(11 -4 -7),17.9,1.32,0.0126
Fe,[111],STGB,BCC,GRACE,21,(1 -5 4),21.79,1.42,0.0116
Fe,[111],STGB,BCC,GRACE,67,(16 -5 -11),24.43,1.50,0.0129
Fe,[111],STGB,BCC,GRACE,13,(7 -2 -5),27.8,1.54,0.0143
Fe,[111],STGB,BCC,GRACE,97,(19 -5 -14),30.59,1.55,0.0114
Fe,[111],STGB,BCC,GRACE,39,(2 -7 5),32.2,1.52,0.0101
Fe,[111],STGB,BCC,GRACE,79,(17 -4 -13),33.99,1.63,0.0126
Fe,[111],STGB,BCC,GRACE,7,(5 -1 -4),38.21,1.44,0.0086
Fe,[111],STGB,BCC,GRACE,93,(4 -11 7),42.1,1.40,0.0109
Fe,[111],STGB,BCC,GRACE,49,(13 -2 -11),43.57,1.46,0.0122
Fe,[111],STGB,BCC,GRACE,19,(8 -1 -7),46.83,1.37,0.0122
Fe,[111],STGB,BCC,GRACE,37,(11 -1 -10),50.57,1.24,0.0123
Fe,[111],STGB,BCC,GRACE,61,(14 -1 -13),52.66,1.17,0.0117
Fe,[111],STGB,BCC,GRACE,3,(1 -2 1),60,0.46,0.0098
Fe,[111],STGB,BCC,MEAM,273,(1 -17 16),6.01,1.16,0.0162
Fe,[111],STGB,BCC,MEAM,241,(31 -14 -17),6.4,1.06,0.0139
Fe,[111],STGB,BCC,MEAM,211,(29 -13 -16),6.84,1.06,0.0137
Fe,[111],STGB,BCC,MEAM,183,(1 -14 13),7.34,1.08,0.0139
Fe,[111],STGB,BCC,MEAM,157,(25 -11 -14),7.93,1.21,0.0163
Fe,[111],STGB,BCC,MEAM,133,(23 -10 -13),8.61,1.21,0.0161
Fe,[111],STGB,BCC,MEAM,111,(1 -11 10),9.43,1.26,0.0191
Fe,[111],STGB,BCC,MEAM,91,(19 -8 -11),10.42,1.33,0.0177
Fe,[111],STGB,BCC,MEAM,73,(17 -7 -10),11.64,1.36,0.0193
Fe,[111],STGB,BCC,MEAM,57,(1 -8 7),13.17,1.28,0.0195
Fe,[111],STGB,BCC,MEAM,43,(13 -5 -8),15.18,1.31,0.0190
Fe,[111],STGB,BCC,MEAM,31,(11 -4 -7),17.9,1.37,0.0194
Fe,[111],STGB,BCC,MEAM,21,(1 -5 4),21.79,1.40,0.0220
Fe,[111],STGB,BCC,MEAM,67,(16 -5 -11),24.43,1.63,0.0246
Fe,[111],STGB,BCC,MEAM,13,(7 -2 -5),27.8,1.46,0.0227
Fe,[111],STGB,BCC,MEAM,97,(19 -5 -14),30.59,1.70,0.0269
Fe,[111],STGB,BCC,MEAM,39,(2 -7 5),32.2,1.36,0.0203
Fe,[111],STGB,BCC,MEAM,79,(17 -4 -13),33.99,1.75,0.0283
Fe,[111],STGB,BCC,MEAM,7,(5 -1 -4),38.21,1.25,0.0217
Fe,[111],STGB,BCC,MEAM,93,(4 -11 7),42.1,1.40,0.0208
Fe,[111],STGB,BCC,MEAM,49,(13 -2 -11),43.57,1.54,0.0240
Fe,[111],STGB,BCC,MEAM,19,(8 -1 -7),46.83,1.31,0.0196
Fe,[111],STGB,BCC,MEAM,37,(11 -1 -10),50.57,1.27,0.0184
Fe,[111],STGB,BCC,MEAM,61,(14 -1 -13),52.66,1.31,0.0192
Fe,[111],STGB,BCC,MEAM,3,(1 -2 1),60,0.31,0.0045
Fe,[111],STGB,BCC,ORB,111,(1 -11 10),9.43,1.03,0.0293
Fe,[111],STGB,BCC,ORB,57,(1 -8 7),13.17,1.24,0.0354
Fe,[111],STGB,BCC,ORB,31,(11 -4 -7),17.9,1.40,0.0291
Fe,[111],STGB,BCC,ORB,21,(1 -5 4),21.79,1.50,0.0247
Fe,[111],STGB,BCC,ORB,13,(7 -2 -5),27.8,1.68,0.0358
Fe,[111],STGB,BCC,ORB,39,(2 -7 5),32.2,1.65,0.0255
Fe,[111],STGB,BCC,ORB,7,(5 -1 -4),38.21,1.60,0.0465
Fe,[111],STGB,BCC,ORB,93,(4 -11 7),42.1,1.52,0.0601
Fe,[111],STGB,BCC,ORB,19,(8 -1 -7),46.83,1.46,0.0548
Fe,[111],STGB,BCC,ORB,37,(11 -1 -10),50.57,1.30,0.0476
Fe,[111],STGB,BCC,ORB,3,(1 -2 1),60,0.39,0.0095
Fe,[111],STGB,BCC,SevenNet,3,(1 -2 1),60,0.17,0.0059
Fe,[111],STGB,BCC,UMA,183,(1 -14 13),7.34,2.50,0.0916
Fe,[111],STGB,BCC,UMA,111,(1 -11 10),9.43,2.71,0.0981
Fe,[111],STGB,BCC,UMA,57,(1 -8 7),13.17,2.42,0.0753
Fe,[111],STGB,BCC,UMA,43,(13 -5 -8),15.18,3.04,0.1013
Fe,[111],STGB,BCC,UMA,31,(11 -4 -7),17.9,2.88,0.0941
Fe,[111],STGB,BCC,UMA,21,(1 -5 4),21.79,2.36,0.0622
Fe,[111],STGB,BCC,UMA,13,(7 -2 -5),27.8,2.89,0.0864
Fe,[111],STGB,BCC,UMA,39,(2 -7 5),32.2,2.56,0.0702
Fe,[111],STGB,BCC,UMA,7,(5 -1 -4),38.21,2.63,0.0726
Fe,[111],STGB,BCC,UMA,93,(4 -11 7),42.1,2.99,0.0964
Fe,[111],STGB,BCC,UMA,49,(13 -2 -11),43.57,3.47,0.1147
Fe,[111],STGB,BCC,UMA,19,(8 -1 -7),46.83,2.93,0.0947
Fe,[111],STGB,BCC,UMA,37,(11 -1 -10),50.57,2.96,0.0993
Fe,[111],STGB,BCC,UMA,61,(14 -1 -13),52.66,3.36,0.1276
Fe,[111],STGB,BCC,UMA,3,(1 -2 1),60,0.88,0.0294
Fe,[111],TWGB,BCC,ADP,109,(1 1 1),6.01,1.93,0.0164
Fe,[111],TWGB,BCC,ADP,241,(1 1 1),6.4,1.09,0.0027
Fe,[111],TWGB,BCC,ADP,211,(1 1 1),6.84,1.16,0.0033
Fe,[111],TWGB,BCC,ADP,183,(1 1 1),7.34,1.24,0.0070
Fe,[111],TWGB,BCC,ADP,157,(1 1 1),7.93,1.20,0.0047
Fe,[111],TWGB,BCC,ADP,133,(1 1 1),8.61,1.25,0.0059
Fe,[111],TWGB,BCC,ADP,103,(1 1 1),9.43,1.61,0.0097
Fe,[111],TWGB,BCC,ADP,91,(1 1 1),10.42,1.22,0.0029
Fe,[111],TWGB,BCC,ADP,73,(1 1 1),11.64,1.45,0.0070
Fe,[111],TWGB,BCC,ADP,57,(1 1 1),13.17,1.31,0.0044
Fe,[111],TWGB,BCC,ADP,43,(1 1 1),15.18,1.45,0.0061
Fe,[111],TWGB,BCC,ADP,31,(1 1 1),17.9,1.59,0.0095
Fe,[111],TWGB,BCC,ADP,21,(1 1 1),21.79,1.59,0.0090
Fe,[111],TWGB,BCC,ADP,67,(1 1 1),24.43,1.70,0.0109
Fe,[111],TWGB,BCC,ADP,13,(1 1 1),27.8,2.04,0.0179
Fe,[111],TWGB,BCC,ADP,97,(1 1 1),30.59,1.90,0.0143
Fe,[111],TWGB,BCC,ADP,39,(1 1 1),32.2,1.91,0.0164
Fe,[111],TWGB,BCC,ADP,79,(1 1 1),33.99,1.86,0.0126
Fe,[111],TWGB,BCC,ADP,7,(1 1 1),38.21,1.70,0.0098
Fe,[111],TWGB,BCC,ADP,93,(1 1 1),42.1,1.81,0.0122
Fe,[111],TWGB,BCC,ADP,49,(1 1 1),43.57,2.13,0.0173
Fe,[111],TWGB,BCC,ADP,19,(1 1 1),46.83,1.85,0.0179
Fe,[111],TWGB,BCC,ADP,37,(1 1 1),50.57,1.87,0.0181
Fe,[111],TWGB,BCC,ADP,61,(1 1 1),52.66,1.80,0.0145
Fe,[111],TWGB,BCC,ADP,3,(1 1 1),60,1.62,0.0306
Fe,[111],TWGB,BCC,EAM,109,(1 1 1),6.01,1.66,0.0188
Fe,[111],TWGB,BCC,EAM,241,(1 1 1),6.4,0.97,0.0047
Fe,[111],TWGB,BCC,EAM,211,(1 1 1),6.84,1.02,0.0061
Fe,[111],TWGB,BCC,EAM,183,(1 1 1),7.34,1.32,0.0111
Fe,[111],TWGB,BCC,EAM,157,(1 1 1),7.93,1.12,0.0070
Fe,[111],TWGB,BCC,EAM,133,(1 1 1),8.61,1.15,0.0081
Fe,[111],TWGB,BCC,EAM,103,(1 1 1),9.43,1.40,0.0134
Fe,[111],TWGB,BCC,EAM,91,(1 1 1),10.42,1.13,0.0052
Fe,[111],TWGB,BCC,EAM,73,(1 1 1),11.64,1.14,0.0055
Fe,[111],TWGB,BCC,EAM,57,(1 1 1),13.17,1.05,0.0036
Fe,[111],TWGB,BCC,EAM,43,(1 1 1),15.18,1.24,0.0088
Fe,[111],TWGB,BCC,EAM,31,(1 1 1),17.9,1.40,0.0155
Fe,[111],TWGB,BCC,EAM,21,(1 1 1),21.79,1.36,0.0126
Fe,[111],TWGB,BCC,EAM,67,(1 1 1),24.43,1.44,0.0120
Fe,[111],TWGB,BCC,EAM,13,(1 1 1),27.8,1.33,0.0118
Fe,[111],TWGB,BCC,EAM,97,(1 1 1),30.59,1.45,0.0134
Fe,[111],TWGB,BCC,EAM,39,(1 1 1),32.2,1.59,0.0153
Fe,[111],TWGB,BCC,EAM,79,(1 1 1),33.99,1.57,0.0146
Fe,[111],TWGB,BCC,EAM,7,(1 1 1),38.21,1.41,0.0115
Fe,[111],TWGB,BCC,EAM,93,(1 1 1),42.1,1.60,0.0145
Fe,[111],TWGB,BCC,EAM,49,(1 1 1),43.57,1.62,0.0167
Fe,[111],TWGB,BCC,EAM,19,(1 1 1),46.83,1.57,0.0161
Fe,[111],TWGB,BCC,EAM,37,(1 1 1),50.57,1.61,0.0137
Fe,[111],TWGB,BCC,EAM,61,(1 1 1),52.66,1.61,0.0158
Fe,[111],TWGB,BCC,EAM,3,(1 1 1),60,1.43,0.0302
Fe,[111],TWGB,BCC,GRACE,13,(1 1 1),27.8,1.65,0.0179
Fe,[111],TWGB,BCC,GRACE,39,(1 1 1),32.2,1.77,0.0202
Fe,[111],TWGB,BCC,GRACE,3,(1 1 1),60,1.55,0.0205
Fe,[111],TWGB,BCC,MACE,7,(1 1 1),38.21,1.39,0.0066
Fe,[111],TWGB,BCC,MEAM,109,(1 1 1),6.01,1.44,0.0259
Fe,[111],TWGB,BCC,MEAM,241,(1 1 1),6.4,0.92,0.0152
Fe,[111],TWGB,BCC,MEAM,211,(1 1 1),6.84,0.99,0.0165
Fe,[111],TWGB,BCC,MEAM,183,(1 1 1),7.34,1.08,0.0191
Fe,[111],TWGB,BCC,MEAM,157,(1 1 1),7.93,1.05,0.0179
Fe,[111],TWGB,BCC,MEAM,133,(1 1 1),8.61,1.05,0.0176
Fe,[111],TWGB,BCC,MEAM,103,(1 1 1),9.43,1.30,0.0225
Fe,[111],TWGB,BCC,MEAM,91,(1 1 1),10.42,1.06,0.0171
Fe,[111],TWGB,BCC,MEAM,73,(1 1 1),11.64,1.14,0.0192
Fe,[111],TWGB,BCC,MEAM,57,(1 1 1),13.17,1.04,0.0142
Fe,[111],TWGB,BCC,MEAM,43,(1 1 1),15.18,1.16,0.0189
Fe,[111],TWGB,BCC,MEAM,31,(1 1 1),17.9,1.19,0.0199
Fe,[111],TWGB,BCC,MEAM,21,(1 1 1),21.79,1.15,0.0178
Fe,[111],TWGB,BCC,MEAM,67,(1 1 1),24.43,1.27,0.0211
Fe,[111],TWGB,BCC,MEAM,13,(1 1 1),27.8,1.70,0.0340
Fe,[111],TWGB,BCC,MEAM,97,(1 1 1),30.59,1.40,0.0246
Fe,[111],TWGB,BCC,MEAM,39,(1 1 1),32.2,1.34,0.0215
Fe,[111],TWGB,BCC,MEAM,79,(1 1 1),33.99,1.53,0.0279
Fe,[111],TWGB,BCC,MEAM,7,(1 1 1),38.21,1.49,0.0213
Fe,[111],TWGB,BCC,MEAM,93,(1 1 1),42.1,1.43,0.0238
Fe,[111],TWGB,BCC,MEAM,49,(1 1 1),43.57,1.61,0.0288
Fe,[111],TWGB,BCC,MEAM,19,(1 1 1),46.83,1.62,0.0298
Fe,[111],TWGB,BCC,MEAM,37,(1 1 1),50.57,1.45,0.0255
Fe,[111],TWGB,BCC,MEAM,61,(1 1 1),52.66,1.36,0.0235
Fe,[111],TWGB,BCC,MEAM,3,(1 1 1),60,1.26,0.0268
Fe,[111],TWGB,BCC,ORB,57,(1 1 1),13.17,1.22,0.0157
Fe,[111],TWGB,BCC,ORB,31,(1 1 1),17.9,1.43,0.0174
Fe,[111],TWGB,BCC,ORB,21,(1 1 1),21.79,1.49,0.0216
Fe,[111],TWGB,BCC,ORB,13,(1 1 1),27.8,1.78,0.0246
Fe,[111],TWGB,BCC,ORB,39,(1 1 1),32.2,1.90,0.0281
Fe,[111],TWGB,BCC,ORB,7,(1 1 1),38.21,2.12,0.0246
Fe,[111],TWGB,BCC,ORB,19,(1 1 1),46.83,1.97,0.0247
Fe,[111],TWGB,BCC,ORB,3,(1 1 1),60,1.58,0.0298
Fe,[111],TWGB,BCC,SevenNet,21,(1 1 1),21.79,0.78,0.0005
Fe,[111],TWGB,BCC,SevenNet,39,(1 1 1),32.2,0.98,0.0009
Fe,[111],TWGB,BCC,SevenNet,7,(1 1 1),38.21,1.18,0.0100
Fe,[111],TWGB,BCC,UMA,57,(1 1 1),13.17,1.79,0.0431
Fe,[111],TWGB,BCC,UMA,31,(1 1 1),17.9,1.90,0.0417
Fe,[111],TWGB,BCC,UMA,21,(1 1 1),21.79,2.07,0.0482
Fe,[111],TWGB,BCC,UMA,13,(1 1 1),27.8,2.26,0.0465
Fe,[111],TWGB,BCC,UMA,39,(1 1 1),32.2,2.43,0.0514
Fe,[111],TWGB,BCC,UMA,7,(1 1 1),38.21,2.64,0.0497
Fe,[111],TWGB,BCC,UMA,19,(1 1 1),46.83,2.40,0.0474
Fe,[111],TWGB,BCC,UMA,3,(1 1 1),60,2.36,0.0558
Mo,[100],STGB,BCC,ADP,265,(0 -23 1),4.98,1.21,0.0295
Mo,[100],STGB,BCC,ADP,221,(0 -21 1),5.45,1.32,0.0326
Mo,[100],STGB,BCC,ADP,181,(0 -19 1),6.03,1.27,0.0281
Mo,[100],STGB,BCC,ADP,257,(0 -16 -1),7.15,1.40,0.0297
Mo,[100],STGB,BCC,ADP,113,(0 -15 1),7.63,1.47,0.0320
Mo,[100],STGB,BCC,ADP,197,(0 -14 -1),8.17,1.45,0.0296
Mo,[100],STGB,BCC,ADP,85,(0 -13 1),8.8,1.82,0.0374
Mo,[100],STGB,BCC,ADP,61,(0 -11 1),10.39,1.60,0.0324
Mo,[100],STGB,BCC,ADP,41,(0 -9 1),12.68,1.67,0.0317
Mo,[100],STGB,BCC,ADP,25,(0 -7 1),16.26,1.74,0.0313
Mo,[100],STGB,BCC,ADP,37,(0 -6 -1),18.92,1.83,0.0302
Mo,[100],STGB,BCC,ADP,13,(0 -5 1),22.62,1.86,0.0307
Mo,[100],STGB,BCC,ADP,17,(0 -4 -1),28.07,1.96,0.0362
Mo,[100],STGB,BCC,ADP,5,(0 1 3),36.87,1.75,0.0279
Mo,[100],STGB,BCC,ADP,29,(0 -2 5),43.6,2.34,0.0397
Mo,[100],STGB,BCC,ADP,29,(0 -3 7),46.4,2.46,0.0421
Mo,[100],STGB,BCC,ADP,5,(0 1 2),53.13,1.92,0.0313
Mo,[100],STGB,BCC,ADP,17,(0 -5 -3),61.93,2.20,0.0340
Mo,[100],STGB,BCC,ADP,13,(0 -3 2),67.38,2.27,0.0349
Mo,[100],STGB,BCC,ADP,37,(0 -7 -5),71.08,2.16,0.0335
Mo,[100],STGB,BCC,ADP,25,(0 -4 3),73.74,2.14,0.0314
Mo,[100],STGB,BCC,ADP,41,(0 -5 4),77.32,2.05,0.0319
Mo,[100],STGB,BCC,ADP,61,(0 -6 5),79.61,1.97,0.0309
Mo,[100],STGB,BCC,EAM,265,(0 -23 1),4.98,1.15,0.0054
Mo,[100],STGB,BCC,EAM,221,(0 -21 1),5.45,1.24,0.0061
Mo,[100],STGB,BCC,EAM,181,(0 -19 1),6.03,1.19,0.0065
Mo,[100],STGB,BCC,EAM,257,(0 -16 -1),7.15,1.51,0.0096
Mo,[100],STGB,BCC,EAM,113,(0 -15 1),7.63,1.36,0.0099
Mo,[100],STGB,BCC,EAM,197,(0 -14 -1),8.17,1.38,0.0089
Mo,[100],STGB,BCC,EAM,85,(0 -13 1),8.8,1.47,0.0099
Mo,[100],STGB,BCC,EAM,61,(0 -11 1),10.39,1.56,0.0123
Mo,[100],STGB,BCC,EAM,41,(0 -9 1),12.68,1.59,0.0153
Mo,[100],STGB,BCC,EAM,25,(0 -7 1),16.26,1.53,0.0222
Mo,[100],STGB,BCC,EAM,37,(0 -6 -1),18.92,1.61,0.0229
Mo,[100],STGB,BCC,EAM,13,(0 -5 1),22.62,1.58,0.0285
Mo,[100],STGB,BCC,EAM,17,(0 -4 -1),28.07,1.73,0.0310
Mo,[100],STGB,BCC,EAM,5,(0 1 3),36.87,1.42,0.0246
Mo,[100],STGB,BCC,EAM,29,(0 -2 5),43.6,2.08,0.0351
Mo,[100],STGB,BCC,EAM,29,(0 -3 7),46.4,2.18,0.0359
Mo,[100],STGB,BCC,EAM,5,(0 1 2),53.13,1.69,0.0381
Mo,[100],STGB,BCC,EAM,17,(0 -5 -3),61.93,1.89,0.0239
Mo,[100],STGB,BCC,EAM,13,(0 -3 2),67.38,1.96,0.0263
Mo,[100],STGB,BCC,EAM,37,(0 -7 -5),71.08,1.89,0.0256
Mo,[100],STGB,BCC,EAM,25,(0 -4 3),73.74,1.86,0.0221
Mo,[100],STGB,BCC,EAM,41,(0 -5 4),77.32,1.77,0.0178
Mo,[100],STGB,BCC,EAM,61,(0 -6 5),79.61,1.73,0.0193
Mo,[100],STGB,BCC,GRACE,265,(0 -23 1),4.98,0.93,0.0099
Mo,[100],STGB,BCC,GRACE,221,(0 -21 1),5.45,0.96,0.0106
Mo,[100],STGB,BCC,GRACE,181,(0 -19 1),6.03,1.03,0.0114
Mo,[100],STGB,BCC,GRACE,257,(0 -16 -1),7.15,1.14,0.0128
Mo,[100],STGB,BCC,GRACE,113,(0 -15 1),7.63,1.15,0.0134
Mo,[100],STGB,BCC,GRACE,197,(0 -14 -1),8.17,1.22,0.0140
Mo,[100],STGB,BCC,GRACE,85,(0 -13 1),8.8,1.25,0.0146
Mo,[100],STGB,BCC,GRACE,61,(0 -11 1),10.39,1.33,0.0163
Mo,[100],STGB,BCC,GRACE,41,(0 -9 1),12.68,1.47,0.0183
Mo,[100],STGB,BCC,GRACE,25,(0 -7 1),16.26,1.59,0.0209
Mo,[100],STGB,BCC,GRACE,37,(0 -6 -1),18.92,1.74,0.0228
Mo,[100],STGB,BCC,GRACE,13,(0 -5 1),22.62,1.76,0.0240
Mo,[100],STGB,BCC,GRACE,17,(0 -4 -1),28.07,1.98,0.0264
Mo,[100],STGB,BCC,GRACE,5,(0 1 3),36.87,1.74,0.0253
Mo,[100],STGB,BCC,GRACE,29,(0 -2 5),43.6,2.13,0.0279
Mo,[100],STGB,BCC,GRACE,29,(0 -3 7),46.4,2.15,0.0282
Mo,[100],STGB,BCC,GRACE,5,(0 1 2),53.13,2.04,0.0237
Mo,[100],STGB,BCC,GRACE,17,(0 -5 -3),61.93,1.85,0.0230
Mo,[100],STGB,BCC,GRACE,13,(0 -3 2),67.38,2.27,0.0292
Mo,[100],STGB,BCC,GRACE,37,(0 -7 -5),71.08,1.66,0.0200
Mo,[100],STGB,BCC,GRACE,25,(0 -4 3),73.74,2.11,0.0155
Mo,[100],STGB,BCC,GRACE,41,(0 -5 4),77.32,1.96,0.0255
Mo,[100],STGB,BCC,GRACE,61,(0 -6 5),79.61,1.84,0.0237
Mo,[100],STGB,BCC,MACE,197,(0 -14 -1),8.17,0.73,0.0150
Mo,[100],STGB,BCC,MACE,61,(0 -11 1),10.39,0.83,0.0179
Mo,[100],STGB,BCC,MACE,41,(0 -9 1),12.68,0.94,0.0203
Mo,[100],STGB,BCC,MACE,25,(0 -7 1),16.26,1.07,0.0236
Mo,[100],STGB,BCC,MACE,37,(0 -6 -1),18.92,1.19,0.0269
Mo,[100],STGB,BCC,MACE,13,(0 -5 1),22.62,1.30,0.0342
Mo,[100],STGB,BCC,MACE,17,(0 -4 -1),28.07,1.46,0.0392
Mo,[100],STGB,BCC,MACE,5,(0 1 3),36.87,1.49,0.0426
Mo,[100],STGB,BCC,MACE,29,(0 -2 5),43.6,1.73,0.0284
Mo,[100],STGB,BCC,MACE,29,(0 -3 7),46.4,1.78,0.0327
Mo,[100],STGB,BCC,MACE,5,(0 1 2),53.13,1.40,0.0341
Mo,[100],STGB,BCC,MACE,17,(0 -5 -3),61.93,1.54,0.0658
Mo,[100],STGB,BCC,MACE,13,(0 -3 2),67.38,1.56,0.0378
Mo,[100],STGB,BCC,MACE,37,(0 -7 -5),71.08,1.39,0.0321
Mo,[100],STGB,BCC,MACE,25,(0 -4 3),73.74,1.37,0.0309
Mo,[100],STGB,BCC,MACE,41,(0 -5 4),77.32,1.24,0.0265
Mo,[100],STGB,BCC,MACE,61,(0 -6 5),79.61,1.13,0.0237
Mo,[100],STGB,BCC,MEAM,265,(0 -23 1),4.98,2.09,-0.1229
Mo,[100],STGB,BCC,MEAM,221,(0 -21 1),5.45,2.05,-0.1565
Mo,[100],STGB,BCC,MEAM,181,(0 -19 1),6.03,2.08,-0.0974
Mo,[100],STGB,BCC,MEAM,257,(0 -16 -1),7.15,2.18,-0.1107
Mo,[100],STGB,BCC,MEAM,113,(0 -15 1),7.63,1.47,-0.1493
Mo,[100],STGB,BCC,MEAM,197,(0 -14 -1),8.17,2.16,-0.0936
Mo,[100],STGB,BCC,MEAM,85,(0 -13 1),8.8,2.03,-0.1177
Mo,[100],STGB,BCC,MEAM,61,(0 -11 1),10.39,2.23,-0.1177
Mo,[100],STGB,BCC,MEAM,41,(0 -9 1),12.68,2.07,-0.0927
Mo,[100],STGB,BCC,MEAM,25,(0 -7 1),16.26,2.30,-0.0621
Mo,[100],STGB,BCC,MEAM,37,(0 -6 -1),18.92,2.11,-0.0537
Mo,[100],STGB,BCC,MEAM,13,(0 -5 1),22.62,1.70,-0.0484
Mo,[100],STGB,BCC,MEAM,17,(0 -4 -1),28.07,1.81,-0.0330
Mo,[100],STGB,BCC,MEAM,5,(0 1 3),36.87,1.54,-0.0209
Mo,[100],STGB,BCC,MEAM,29,(0 -2 5),43.6,2.15,-0.0450
Mo,[100],STGB,BCC,MEAM,29,(0 -3 7),46.4,2.28,-0.0731
Mo,[100],STGB,BCC,MEAM,5,(0 1 2),53.13,1.82,-0.0138
Mo,[100],STGB,BCC,MEAM,17,(0 -5 -3),61.93,2.03,-0.0546
Mo,[100],STGB,BCC,MEAM,13,(0 -3 2),67.38,2.08,-0.0260
Mo,[100],STGB,BCC,MEAM,37,(0 -7 -5),71.08,1.97,-0.0923
Mo,[100],STGB,BCC,MEAM,25,(0 -4 3),73.74,1.91,-0.0460
Mo,[100],STGB,BCC,MEAM,41,(0 -5 4),77.32,1.81,-0.0654
Mo,[100],STGB,BCC,MEAM,61,(0 -6 5),79.61,1.74,-0.0851
Mo,[100],STGB,BCC,ORB,25,(0 -7 1),16.26,2.34,0.0378
Mo,[100],STGB,BCC,ORB,37,(0 -6 -1),18.92,2.22,0.0348
Mo,[100],STGB,BCC,ORB,13,(0 -5 1),22.62,1.91,0.0460
Mo,[100],STGB,BCC,ORB,17,(0 -4 -1),28.07,2.13,0.0224
Mo,[100],STGB,BCC,ORB,5,(0 1 3),36.87,1.86,0.0246
Mo,[100],STGB,BCC,ORB,29,(0 -2 5),43.6,2.31,0.0417
Mo,[100],STGB,BCC,ORB,5,(0 1 2),53.13,2.05,0.0231
Mo,[100],STGB,BCC,ORB,17,(0 -5 -3),61.93,2.22,0.0211
Mo,[100],STGB,BCC,ORB,13,(0 -3 2),67.38,2.36,0.0247
Mo,[100],STGB,BCC,ORB,25,(0 -4 3),73.74,2.17,0.0236
Mo,[100],STGB,BCC,ORB,41,(0 -5 4),77.32,2.03,0.0205
Mo,[100],STGB,BCC,SNAP,265,(0 -23 1),4.98,1.35,0.0090
Mo,[100],STGB,BCC,SNAP,221,(0 -21 1),5.45,1.46,0.0099
Mo,[100],STGB,BCC,SNAP,181,(0 -19 1),6.03,1.43,0.0093
Mo,[100],STGB,BCC,SNAP,257,(0 -16 -1),7.15,1.58,0.0109
Mo,[100],STGB,BCC,SNAP,113,(0 -15 1),7.63,1.65,0.0114
Mo,[100],STGB,BCC,SNAP,197,(0 -14 -1),8.17,1.64,0.0112
Mo,[100],STGB,BCC,SNAP,85,(0 -13 1),8.8,1.71,0.0123
Mo,[100],STGB,BCC,SNAP,61,(0 -11 1),10.39,1.83,0.0128
Mo,[100],STGB,BCC,SNAP,41,(0 -9 1),12.68,2.01,0.0183
Mo,[100],STGB,BCC,SNAP,25,(0 -7 1),16.26,2.00,0.0159
Mo,[100],STGB,BCC,SNAP,37,(0 -6 -1),18.92,2.07,0.0162
Mo,[100],STGB,BCC,SNAP,13,(0 -5 1),22.62,1.92,0.0197
Mo,[100],STGB,BCC,SNAP,17,(0 -4 -1),28.07,2.09,0.0206
Mo,[100],STGB,BCC,SNAP,5,(0 1 3),36.87,1.79,0.0198
Mo,[100],STGB,BCC,SNAP,29,(0 -2 5),43.6,1.99,0.0194
Mo,[100],STGB,BCC,SNAP,29,(0 -3 7),46.4,2.04,0.0208
Mo,[100],STGB,BCC,SNAP,5,(0 1 2),53.13,1.98,0.0185
Mo,[100],STGB,BCC,SNAP,17,(0 -5 -3),61.93,2.18,0.0256
Mo,[100],STGB,BCC,SNAP,13,(0 -3 2),67.38,1.88,0.0144
Mo,[100],STGB,BCC,SNAP,37,(0 -7 -5),71.08,1.86,0.0129
Mo,[100],STGB,BCC,SNAP,25,(0 -4 3),73.74,1.74,0.0107
Mo,[100],STGB,BCC,SNAP,41,(0 -5 4),77.32,1.56,0.0105
Mo,[100],STGB,BCC,SNAP,61,(0 -6 5),79.61,1.47,0.0099
Mo,[100],STGB,BCC,SevenNet,197,(0 -14 -1),8.17,0.39,0.0983
Mo,[100],STGB,BCC,SevenNet,85,(0 -13 1),8.8,0.32,0.1224
Mo,[100],STGB,BCC,SevenNet,61,(0 -11 1),10.39,0.44,0.1270
Mo,[100],STGB,BCC,SevenNet,41,(0 -9 1),12.68,0.55,0.1097
Mo,[100],STGB,BCC,SevenNet,25,(0 -7 1),16.26,0.74,0.0937
Mo,[100],STGB,BCC,SevenNet,37,(0 -6 -1),18.92,1.01,0.0511
Mo,[100],STGB,BCC,SevenNet,13,(0 -5 1),22.62,0.07,0.1615
Mo,[100],STGB,BCC,SevenNet,17,(0 -4 -1),28.07,0.73,0.0988
Mo,[100],STGB,BCC,SevenNet,5,(0 1 3),36.87,0.60,0.1070
Mo,[100],STGB,BCC,SevenNet,29,(0 -2 5),43.6,0.44,0.1372
Mo,[100],STGB,BCC,SevenNet,29,(0 -3 7),46.4,1.00,0.1025
Mo,[100],STGB,BCC,SevenNet,5,(0 1 2),53.13,1.17,0.0331
Mo,[100],STGB,BCC,SevenNet,17,(0 -5 -3),61.93,0.85,0.0812
Mo,[100],STGB,BCC,SevenNet,13,(0 -3 2),67.38,0.74,0.0743
Mo,[100],STGB,BCC,SevenNet,37,(0 -7 -5),71.08,0.58,0.1061
Mo,[100],STGB,BCC,SevenNet,25,(0 -4 3),73.74,0.19,0.1190
Mo,[100],STGB,BCC,SevenNet,41,(0 -5 4),77.32,0.63,0.0459
Mo,[100],STGB,BCC,SevenNet,61,(0 -6 5),79.61,0.49,0.0650
Mo,[100],STGB,BCC,UMA,25,(0 -7 1),16.26,0.32,0.0108
Mo,[100],STGB,BCC,UMA,37,(0 -6 -1),18.92,0.70,0.0136
Mo,[100],STGB,BCC,UMA,13,(0 -5 1),22.62,0.90,0.0165
Mo,[100],STGB,BCC,UMA,17,(0 -4 -1),28.07,1.29,0.0203
Mo,[100],STGB,BCC,UMA,5,(0 1 3),36.87,1.09,0.0215
Mo,[100],STGB,BCC,UMA,29,(0 -2 5),43.6,1.10,0.0216
Mo,[100],STGB,BCC,UMA,29,(0 -3 7),46.4,0.65,0.0185
Mo,[100],STGB,BCC,UMA,5,(0 1 2),53.13,1.62,0.0204
Mo,[100],STGB,BCC,UMA,17,(0 -5 -3),61.93,0.81,0.0134
Mo,[100],STGB,BCC,UMA,13,(0 -3 2),67.38,1.15,0.0150
Mo,[100],STGB,BCC,UMA,37,(0 -7 -5),71.08,0.03,0.0051
Mo,[100],STGB,BCC,UMA,25,(0 -4 3),73.74,0.66,0.0092
Mo,[100],STGB,BCC,UMA,41,(0 -5 4),77.32,0.23,0.0051
Mo,[100],STGB,BCC,UNEP,37,(0 -6 -1),18.92,1.93,0.0019
Mo,[100],STGB,BCC,UNEP,13,(0 -5 1),22.62,1.87,0.0124
Mo,[100],STGB,BCC,UNEP,17,(0 -4 -1),28.07,2.15,0.0128
Mo,[100],STGB,BCC,UNEP,5,(0 1 3),36.87,1.82,0.0156
Mo,[100],STGB,BCC,UNEP,29,(0 -2 5),43.6,2.22,0.0078
Mo,[100],STGB,BCC,UNEP,5,(0 1 2),53.13,2.11,0.0175
Mo,[100],STGB,BCC,UNEP,17,(0 -5 -3),61.93,1.93,0.0016
Mo,[100],STGB,BCC,UNEP,13,(0 -3 2),67.38,1.88,0.0078
Mo,[100],STGB,BCC,eSEN,181,(0 -19 1),6.03,1.51,0.0409
Mo,[100],STGB,BCC,eSEN,257,(0 -16 -1),7.15,1.22,0.0302
Mo,[100],STGB,BCC,eSEN,113,(0 -15 1),7.63,1.59,0.0425
Mo,[100],STGB,BCC,eSEN,197,(0 -14 -1),8.17,1.30,0.0340
Mo,[100],STGB,BCC,eSEN,85,(0 -13 1),8.8,1.32,0.0381
Mo,[100],STGB,BCC,eSEN,61,(0 -11 1),10.39,1.42,0.0448
Mo,[100],STGB,BCC,eSEN,41,(0 -9 1),12.68,1.43,0.0466
Mo,[100],STGB,BCC,eSEN,25,(0 -7 1),16.26,1.59,0.0574
Mo,[100],STGB,BCC,eSEN,37,(0 -6 -1),18.92,1.56,0.0643
Mo,[100],STGB,BCC,eSEN,13,(0 -5 1),22.62,1.29,0.0379
Mo,[100],STGB,BCC,eSEN,17,(0 -4 -1),28.07,1.48,0.0640
Mo,[100],STGB,BCC,eSEN,5,(0 1 3),36.87,1.18,0.0453
Mo,[100],STGB,BCC,eSEN,29,(0 -2 5),43.6,1.61,0.0652
Mo,[100],STGB,BCC,eSEN,29,(0 -3 7),46.4,1.71,0.0702
Mo,[100],STGB,BCC,eSEN,5,(0 1 2),53.13,1.61,0.0798
Mo,[100],STGB,BCC,eSEN,17,(0 -5 -3),61.93,1.72,0.0532
Mo,[100],STGB,BCC,eSEN,13,(0 -3 2),67.38,1.57,0.0516
Mo,[100],STGB,BCC,eSEN,37,(0 -7 -5),71.08,1.55,0.0636
Mo,[100],STGB,BCC,eSEN,25,(0 -4 3),73.74,1.60,0.0583
Mo,[100],STGB,BCC,eSEN,41,(0 -5 4),77.32,1.49,0.0476
Mo,[100],STGB,BCC,eSEN,61,(0 -6 5),79.61,1.41,0.0411
Mo,[100],TWGB,BCC,ADP,265,(1 0 0),4.98,1.25,0.0171
Mo,[100],TWGB,BCC,ADP,221,(1 0 0),5.45,1.31,0.0177
Mo,[100],TWGB,BCC,ADP,181,(1 0 0),6.03,1.39,0.0183
Mo,[100],TWGB,BCC,ADP,145,(1 0 0),6.73,1.47,0.0191
Mo,[100],TWGB,BCC,ADP,257,(1 0 0),7.15,1.52,0.0196
Mo,[100],TWGB,BCC,ADP,113,(1 0 0),7.63,1.57,0.0201
Mo,[100],TWGB,BCC,ADP,197,(1 0 0),8.17,1.62,0.0205
Mo,[100],TWGB,BCC,ADP,85,(1 0 0),8.8,1.68,0.0209
Mo,[100],TWGB,BCC,ADP,61,(1 0 0),10.39,1.81,0.0224
Mo,[100],TWGB,BCC,ADP,101,(1 0 0),11.42,1.87,0.0229
Mo,[100],TWGB,BCC,ADP,41,(1 0 0),12.68,1.95,0.0232
Mo,[100],TWGB,BCC,ADP,25,(1 0 0),16.26,2.11,0.0254
Mo,[100],TWGB,BCC,ADP,37,(1 0 0),18.92,2.19,0.0274
Mo,[100],TWGB,BCC,ADP,13,(1 0 0),22.62,2.29,0.0283
Mo,[100],TWGB,BCC,ADP,89,(1 0 0),25.99,2.36,0.0277
Mo,[100],TWGB,BCC,ADP,17,(1 0 0),28.07,2.35,0.0256
Mo,[100],TWGB,BCC,ADP,53,(1 0 0),31.89,2.42,0.0286
Mo,[100],TWGB,BCC,ADP,109,(1 0 0),33.4,2.44,0.0280
Mo,[100],TWGB,BCC,ADP,5,(1 0 0),36.87,2.43,0.0284
Mo,[100],TWGB,BCC,ADP,73,(1 0 0),41.11,2.50,0.0305
Mo,[100],TWGB,BCC,ADP,97,(1 0 0),42.08,2.50,0.0309
Mo,[100],TWGB,BCC,ADP,29,(1 0 0),43.6,2.50,0.0317
Mo,[100],TWGB,BCC,ADP,29,(1 0 0),46.4,2.50,0.0317
Mo,[100],TWGB,BCC,ADP,97,(1 0 0),47.92,2.50,0.0309
Mo,[100],TWGB,BCC,ADP,73,(1 0 0),48.89,2.50,0.0305
Mo,[100],TWGB,BCC,ADP,5,(1 0 0),53.13,2.43,0.0284
Mo,[100],TWGB,BCC,ADP,109,(1 0 0),56.6,2.44,0.0280
Mo,[100],TWGB,BCC,ADP,53,(1 0 0),58.11,2.42,0.0286
Mo,[100],TWGB,BCC,ADP,17,(1 0 0),61.93,2.35,0.0256
Mo,[100],TWGB,BCC,ADP,89,(1 0 0),64.01,2.36,0.0277
Mo,[100],TWGB,BCC,ADP,13,(1 0 0),67.38,2.29,0.0283
Mo,[100],TWGB,BCC,ADP,37,(1 0 0),71.08,2.19,0.0274
Mo,[100],TWGB,BCC,ADP,25,(1 0 0),73.74,2.11,0.0254
Mo,[100],TWGB,BCC,ADP,41,(1 0 0),77.32,1.95,0.0232
Mo,[100],TWGB,BCC,ADP,101,(1 0 0),78.58,1.87,0.0229
Mo,[100],TWGB,BCC,ADP,61,(1 0 0),79.61,1.81,0.0224
Mo,[100],TWGB,BCC,ADP,85,(1 0 0),81.2,1.68,0.0209
Mo,[100],TWGB,BCC,ADP,197,(1 0 0),81.83,1.62,0.0205
Mo,[100],TWGB,BCC,ADP,113,(1 0 0),82.37,1.57,0.0201
Mo,[100],TWGB,BCC,ADP,257,(1 0 0),82.85,1.52,0.0196
Mo,[100],TWGB,BCC,ADP,145,(1 0 0),83.27,1.47,0.0191
Mo,[100],TWGB,BCC,ADP,181,(1 0 0),83.97,1.39,0.0183
Mo,[100],TWGB,BCC,ADP,221,(1 0 0),84.55,1.31,0.0177
Mo,[100],TWGB,BCC,ADP,265,(1 0 0),85.02,1.25,0.0171
Mo,[100],TWGB,BCC,EAM,265,(1 0 0),4.98,1.09,0.0155
Mo,[100],TWGB,BCC,EAM,221,(1 0 0),5.45,1.15,0.0163
Mo,[100],TWGB,BCC,EAM,181,(1 0 0),6.03,1.22,0.0169
Mo,[100],TWGB,BCC,EAM,145,(1 0 0),6.73,1.29,0.0175
Mo,[100],TWGB,BCC,EAM,257,(1 0 0),7.15,1.33,0.0174
Mo,[100],TWGB,BCC,EAM,113,(1 0 0),7.63,1.38,0.0184
Mo,[100],TWGB,BCC,EAM,197,(1 0 0),8.17,1.43,0.0181
Mo,[100],TWGB,BCC,EAM,85,(1 0 0),8.8,1.48,0.0182
Mo,[100],TWGB,BCC,EAM,61,(1 0 0),10.39,1.59,0.0176
Mo,[100],TWGB,BCC,EAM,101,(1 0 0),11.42,1.65,0.0159
Mo,[100],TWGB,BCC,EAM,41,(1 0 0),12.68,1.73,0.0179
Mo,[100],TWGB,BCC,EAM,25,(1 0 0),16.26,1.87,0.0173
Mo,[100],TWGB,BCC,EAM,37,(1 0 0),18.92,1.99,0.0201
Mo,[100],TWGB,BCC,EAM,13,(1 0 0),22.62,2.02,0.0213
Mo,[100],TWGB,BCC,EAM,89,(1 0 0),25.99,2.16,0.0219
Mo,[100],TWGB,BCC,EAM,17,(1 0 0),28.07,2.20,0.0238
Mo,[100],TWGB,BCC,EAM,53,(1 0 0),31.89,2.24,0.0254
Mo,[100],TWGB,BCC,EAM,109,(1 0 0),33.4,2.24,0.0244
Mo,[100],TWGB,BCC,EAM,5,(1 0 0),36.87,2.08,0.0185
Mo,[100],TWGB,BCC,EAM,73,(1 0 0),41.11,2.25,0.0229
Mo,[100],TWGB,BCC,EAM,97,(1 0 0),42.08,2.25,0.0229
Mo,[100],TWGB,BCC,EAM,29,(1 0 0),43.6,2.22,0.0206
Mo,[100],TWGB,BCC,EAM,29,(1 0 0),46.4,2.22,0.0206
Mo,[100],TWGB,BCC,EAM,97,(1 0 0),47.92,2.25,0.0229
Mo,[100],TWGB,BCC,EAM,73,(1 0 0),48.89,2.25,0.0229
Mo,[100],TWGB,BCC,EAM,5,(1 0 0),53.13,2.08,0.0185
Mo,[100],TWGB,BCC,EAM,109,(1 0 0),56.6,2.24,0.0244
Mo,[100],TWGB,BCC,EAM,53,(1 0 0),58.11,2.24,0.0254
Mo,[100],TWGB,BCC,EAM,17,(1 0 0),61.93,2.20,0.0238
Mo,[100],TWGB,BCC,EAM,89,(1 0 0),64.01,2.16,0.0219
Mo,[100],TWGB,BCC,EAM,13,(1 0 0),67.38,2.02,0.0213
Mo,[100],TWGB,BCC,EAM,37,(1 0 0),71.08,1.99,0.0201
Mo,[100],TWGB,BCC,EAM,25,(1 0 0),73.74,1.87,0.0173
Mo,[100],TWGB,BCC,EAM,41,(1 0 0),77.32,1.73,0.0179
Mo,[100],TWGB,BCC,EAM,101,(1 0 0),78.58,1.65,0.0159
Mo,[100],TWGB,BCC,EAM,61,(1 0 0),79.61,1.59,0.0176
Mo,[100],TWGB,BCC,EAM,85,(1 0 0),81.2,1.48,0.0182
Mo,[100],TWGB,BCC,EAM,197,(1 0 0),81.83,1.43,0.0181
Mo,[100],TWGB,BCC,EAM,113,(1 0 0),82.37,1.38,0.0184
Mo,[100],TWGB,BCC,EAM,257,(1 0 0),82.85,1.33,0.0174
Mo,[100],TWGB,BCC,EAM,145,(1 0 0),83.27,1.29,0.0175
Mo,[100],TWGB,BCC,EAM,181,(1 0 0),83.97,1.22,0.0169
Mo,[100],TWGB,BCC,EAM,221,(1 0 0),84.55,1.15,0.0163
Mo,[100],TWGB,BCC,EAM,265,(1 0 0),85.02,1.09,0.0155
Mo,[100],TWGB,BCC,GRACE,265,(1 0 0),4.98,1.00,0.0095
Mo,[100],TWGB,BCC,GRACE,221,(1 0 0),5.45,1.07,0.0102
Mo,[100],TWGB,BCC,GRACE,181,(1 0 0),6.03,1.13,0.0123
Mo,[100],TWGB,BCC,GRACE,145,(1 0 0),6.73,1.23,0.0135
Mo,[100],TWGB,BCC,GRACE,257,(1 0 0),7.15,1.25,0.0136
Mo,[100],TWGB,BCC,GRACE,113,(1 0 0),7.63,1.34,0.0149
Mo,[100],TWGB,BCC,GRACE,197,(1 0 0),8.17,1.37,0.0123
Mo,[100],TWGB,BCC,GRACE,85,(1 0 0),8.8,1.38,0.0152
Mo,[100],TWGB,BCC,GRACE,61,(1 0 0),10.39,1.53,0.0169
Mo,[100],TWGB,BCC,GRACE,101,(1 0 0),11.42,1.58,0.0179
Mo,[100],TWGB,BCC,GRACE,41,(1 0 0),12.68,1.71,0.0190
Mo,[100],TWGB,BCC,GRACE,37,(1 0 0),18.92,2.04,0.0238
Mo,[100],TWGB,BCC,GRACE,13,(1 0 0),22.62,2.09,0.0253
Mo,[100],TWGB,BCC,GRACE,89,(1 0 0),25.99,2.17,0.0264
Mo,[100],TWGB,BCC,GRACE,17,(1 0 0),28.07,2.20,0.0263
Mo,[100],TWGB,BCC,GRACE,53,(1 0 0),31.89,2.28,0.0286
Mo,[100],TWGB,BCC,GRACE,109,(1 0 0),33.4,2.31,0.0293
Mo,[100],TWGB,BCC,GRACE,5,(1 0 0),36.87,2.36,0.0279
Mo,[100],TWGB,BCC,GRACE,73,(1 0 0),41.11,2.38,0.0297
Mo,[100],TWGB,BCC,GRACE,97,(1 0 0),42.08,2.39,0.0297
Mo,[100],TWGB,BCC,GRACE,29,(1 0 0),43.6,2.36,0.0306
Mo,[100],TWGB,BCC,GRACE,29,(1 0 0),46.4,2.36,0.0306
Mo,[100],TWGB,BCC,GRACE,97,(1 0 0),47.92,2.39,0.0297
Mo,[100],TWGB,BCC,GRACE,73,(1 0 0),48.89,2.38,0.0297
Mo,[100],TWGB,BCC,GRACE,5,(1 0 0),53.13,2.36,0.0279
Mo,[100],TWGB,BCC,GRACE,109,(1 0 0),56.6,2.31,0.0293
Mo,[100],TWGB,BCC,GRACE,53,(1 0 0),58.11,2.28,0.0286
Mo,[100],TWGB,BCC,GRACE,17,(1 0 0),61.93,2.20,0.0263
Mo,[100],TWGB,BCC,GRACE,89,(1 0 0),64.01,2.17,0.0264
Mo,[100],TWGB,BCC,GRACE,13,(1 0 0),67.38,2.09,0.0253
Mo,[100],TWGB,BCC,GRACE,37,(1 0 0),71.08,2.04,0.0238
Mo,[100],TWGB,BCC,GRACE,41,(1 0 0),77.32,1.71,0.0190
Mo,[100],TWGB,BCC,GRACE,101,(1 0 0),78.58,1.58,0.0179
Mo,[100],TWGB,BCC,GRACE,61,(1 0 0),79.61,1.53,0.0169
Mo,[100],TWGB,BCC,GRACE,85,(1 0 0),81.2,1.38,0.0152
Mo,[100],TWGB,BCC,GRACE,197,(1 0 0),81.83,1.37,0.0123
Mo,[100],TWGB,BCC,GRACE,113,(1 0 0),82.37,1.34,0.0149
Mo,[100],TWGB,BCC,GRACE,257,(1 0 0),82.85,1.25,0.0136
Mo,[100],TWGB,BCC,GRACE,145,(1 0 0),83.27,1.23,0.0135
Mo,[100],TWGB,BCC,GRACE,181,(1 0 0),83.97,1.13,0.0123
Mo,[100],TWGB,BCC,GRACE,221,(1 0 0),84.55,1.07,0.0102
Mo,[100],TWGB,BCC,GRACE,265,(1 0 0),85.02,1.00,0.0095
Mo,[100],TWGB,BCC,MACE,85,(1 0 0),8.8,0.88,0.0072
Mo,[100],TWGB,BCC,MACE,61,(1 0 0),10.39,0.97,0.0085
Mo,[100],TWGB,BCC,MACE,41,(1 0 0),12.68,1.10,0.0107
Mo,[100],TWGB,BCC,MACE,25,(1 0 0),16.26,1.29,0.0147
Mo,[100],TWGB,BCC,MACE,37,(1 0 0),18.92,1.41,0.0164
Mo,[100],TWGB,BCC,MACE,13,(1 0 0),22.62,1.57,0.0216
Mo,[100],TWGB,BCC,MACE,17,(1 0 0),28.07,1.57,0.0206
Mo,[100],TWGB,BCC,MACE,53,(1 0 0),31.89,1.64,0.0279
Mo,[100],TWGB,BCC,MACE,5,(1 0 0),36.87,1.87,0.0244
Mo,[100],TWGB,BCC,MACE,73,(1 0 0),41.11,1.69,0.0265
Mo,[100],TWGB,BCC,MACE,29,(1 0 0),43.6,1.76,0.0284
Mo,[100],TWGB,BCC,MACE,29,(1 0 0),46.4,1.76,0.0284
Mo,[100],TWGB,BCC,MACE,73,(1 0 0),48.89,1.69,0.0265
Mo,[100],TWGB,BCC,MACE,5,(1 0 0),53.13,1.87,0.0244
Mo,[100],TWGB,BCC,MACE,53,(1 0 0),58.11,1.64,0.0279
Mo,[100],TWGB,BCC,MACE,17,(1 0 0),61.93,1.57,0.0206
Mo,[100],TWGB,BCC,MACE,13,(1 0 0),67.38,1.57,0.0216
Mo,[100],TWGB,BCC,MACE,37,(1 0 0),71.08,1.41,0.0164
Mo,[100],TWGB,BCC,MACE,25,(1 0 0),73.74,1.29,0.0147
Mo,[100],TWGB,BCC,MACE,41,(1 0 0),77.32,1.10,0.0107
Mo,[100],TWGB,BCC,MACE,61,(1 0 0),79.61,0.97,0.0085
Mo,[100],TWGB,BCC,MACE,85,(1 0 0),81.2,0.88,0.0072
Mo,[100],TWGB,BCC,MEAM,265,(1 0 0),4.98,1.20,0.0101
Mo,[100],TWGB,BCC,MEAM,221,(1 0 0),5.45,1.26,0.0108
Mo,[100],TWGB,BCC,MEAM,181,(1 0 0),6.03,1.33,0.0115
Mo,[100],TWGB,BCC,MEAM,145,(1 0 0),6.73,1.41,0.0124
Mo,[100],TWGB,BCC,MEAM,257,(1 0 0),7.15,1.45,0.0119
Mo,[100],TWGB,BCC,MEAM,113,(1 0 0),7.63,1.50,0.0136
Mo,[100],TWGB,BCC,MEAM,197,(1 0 0),8.17,1.55,0.0130
Mo,[100],TWGB,BCC,MEAM,85,(1 0 0),8.8,1.61,0.0150
Mo,[100],TWGB,BCC,MEAM,61,(1 0 0),10.39,1.73,0.0166
Mo,[100],TWGB,BCC,MEAM,101,(1 0 0),11.42,1.80,0.0167
Mo,[100],TWGB,BCC,MEAM,41,(1 0 0),12.68,1.88,0.0188
Mo,[100],TWGB,BCC,MEAM,25,(1 0 0),16.26,2.05,0.0207
Mo,[100],TWGB,BCC,MEAM,37,(1 0 0),18.92,2.15,0.0228
Mo,[100],TWGB,BCC,MEAM,13,(1 0 0),22.62,2.27,0.0252
Mo,[100],TWGB,BCC,MEAM,89,(1 0 0),25.99,2.36,0.0275
Mo,[100],TWGB,BCC,MEAM,17,(1 0 0),28.07,2.39,0.0287
Mo,[100],TWGB,BCC,MEAM,53,(1 0 0),31.89,2.47,0.0279
Mo,[100],TWGB,BCC,MEAM,109,(1 0 0),33.4,2.51,0.0307
Mo,[100],TWGB,BCC,MEAM,5,(1 0 0),36.87,2.52,0.0325
Mo,[100],TWGB,BCC,MEAM,73,(1 0 0),41.11,2.54,0.0299
Mo,[100],TWGB,BCC,MEAM,97,(1 0 0),42.08,2.58,0.0320
Mo,[100],TWGB,BCC,MEAM,29,(1 0 0),43.6,2.62,0.0349
Mo,[100],TWGB,BCC,MEAM,29,(1 0 0),46.4,2.62,0.0349
Mo,[100],TWGB,BCC,MEAM,97,(1 0 0),47.92,2.58,0.0320
Mo,[100],TWGB,BCC,MEAM,73,(1 0 0),48.89,2.54,0.0299
Mo,[100],TWGB,BCC,MEAM,5,(1 0 0),53.13,2.52,0.0325
Mo,[100],TWGB,BCC,MEAM,109,(1 0 0),56.6,2.51,0.0307
Mo,[100],TWGB,BCC,MEAM,53,(1 0 0),58.11,2.47,0.0279
Mo,[100],TWGB,BCC,MEAM,17,(1 0 0),61.93,2.39,0.0287
Mo,[100],TWGB,BCC,MEAM,89,(1 0 0),64.01,2.36,0.0275
Mo,[100],TWGB,BCC,MEAM,13,(1 0 0),67.38,2.27,0.0252
Mo,[100],TWGB,BCC,MEAM,37,(1 0 0),71.08,2.15,0.0228
Mo,[100],TWGB,BCC,MEAM,25,(1 0 0),73.74,2.05,0.0207
Mo,[100],TWGB,BCC,MEAM,41,(1 0 0),77.32,1.88,0.0188
Mo,[100],TWGB,BCC,MEAM,101,(1 0 0),78.58,1.80,0.0167
Mo,[100],TWGB,BCC,MEAM,61,(1 0 0),79.61,1.73,0.0166
Mo,[100],TWGB,BCC,MEAM,85,(1 0 0),81.2,1.61,0.0150
Mo,[100],TWGB,BCC,MEAM,197,(1 0 0),81.83,1.55,0.0130
Mo,[100],TWGB,BCC,MEAM,113,(1 0 0),82.37,1.50,0.0136
Mo,[100],TWGB,BCC,MEAM,257,(1 0 0),82.85,1.45,0.0119
Mo,[100],TWGB,BCC,MEAM,145,(1 0 0),83.27,1.41,0.0124
Mo,[100],TWGB,BCC,MEAM,181,(1 0 0),83.97,1.33,0.0115
Mo,[100],TWGB,BCC,MEAM,221,(1 0 0),84.55,1.26,0.0108
Mo,[100],TWGB,BCC,MEAM,265,(1 0 0),85.02,1.20,0.0101
Mo,[100],TWGB,BCC,ORB,61,(1 0 0),10.39,1.69,0.0172
Mo,[100],TWGB,BCC,ORB,41,(1 0 0),12.68,1.87,0.0203
Mo,[100],TWGB,BCC,ORB,25,(1 0 0),16.26,2.13,0.0238
Mo,[100],TWGB,BCC,ORB,37,(1 0 0),18.92,2.20,0.0281
Mo,[100],TWGB,BCC,ORB,13,(1 0 0),22.62,2.22,0.0238
Mo,[100],TWGB,BCC,ORB,17,(1 0 0),28.07,2.37,0.0272
Mo,[100],TWGB,BCC,ORB,53,(1 0 0),31.89,2.43,0.0297
Mo,[100],TWGB,BCC,ORB,5,(1 0 0),36.87,2.54,0.0304
Mo,[100],TWGB,BCC,ORB,73,(1 0 0),41.11,2.57,0.0327
Mo,[100],TWGB,BCC,ORB,29,(1 0 0),43.6,2.55,0.0308
Mo,[100],TWGB,BCC,ORB,29,(1 0 0),46.4,2.55,0.0308
Mo,[100],TWGB,BCC,ORB,73,(1 0 0),48.89,2.57,0.0327
Mo,[100],TWGB,BCC,ORB,5,(1 0 0),53.13,2.54,0.0304
Mo,[100],TWGB,BCC,ORB,53,(1 0 0),58.11,2.43,0.0297
Mo,[100],TWGB,BCC,ORB,17,(1 0 0),61.93,2.37,0.0272
Mo,[100],TWGB,BCC,ORB,13,(1 0 0),67.38,2.22,0.0238
Mo,[100],TWGB,BCC,ORB,37,(1 0 0),71.08,2.20,0.0281
Mo,[100],TWGB,BCC,ORB,25,(1 0 0),73.74,2.13,0.0238
Mo,[100],TWGB,BCC,ORB,41,(1 0 0),77.32,1.87,0.0203
Mo,[100],TWGB,BCC,ORB,61,(1 0 0),79.61,1.69,0.0172
Mo,[100],TWGB,BCC,SNAP,265,(1 0 0),4.98,1.09,0.0045
Mo,[100],TWGB,BCC,SNAP,221,(1 0 0),5.45,1.15,0.0049
Mo,[100],TWGB,BCC,SNAP,181,(1 0 0),6.03,1.21,0.0055
Mo,[100],TWGB,BCC,SNAP,145,(1 0 0),6.73,1.29,0.0060
Mo,[100],TWGB,BCC,SNAP,257,(1 0 0),7.15,1.34,0.0067
Mo,[100],TWGB,BCC,SNAP,113,(1 0 0),7.63,1.39,0.0069
Mo,[100],TWGB,BCC,SNAP,197,(1 0 0),8.17,1.44,0.0077
Mo,[100],TWGB,BCC,SNAP,85,(1 0 0),8.8,1.50,0.0079
Mo,[100],TWGB,BCC,SNAP,61,(1 0 0),10.39,1.63,0.0093
Mo,[100],TWGB,BCC,SNAP,101,(1 0 0),11.42,1.71,0.0090
Mo,[100],TWGB,BCC,SNAP,41,(1 0 0),12.68,1.80,0.0115
Mo,[100],TWGB,BCC,SNAP,25,(1 0 0),16.26,2.00,0.0152
Mo,[100],TWGB,BCC,SNAP,37,(1 0 0),18.92,2.10,0.0176
Mo,[100],TWGB,BCC,SNAP,13,(1 0 0),22.62,2.18,0.0196
Mo,[100],TWGB,BCC,SNAP,89,(1 0 0),25.99,2.24,0.0205
Mo,[100],TWGB,BCC,SNAP,17,(1 0 0),28.07,2.26,0.0199
Mo,[100],TWGB,BCC,SNAP,53,(1 0 0),31.89,2.29,0.0211
Mo,[100],TWGB,BCC,SNAP,109,(1 0 0),33.4,2.29,0.0211
Mo,[100],TWGB,BCC,SNAP,5,(1 0 0),36.87,2.26,0.0203
Mo,[100],TWGB,BCC,SNAP,73,(1 0 0),41.11,2.31,0.0210
Mo,[100],TWGB,BCC,SNAP,97,(1 0 0),42.08,2.32,0.0210
Mo,[100],TWGB,BCC,SNAP,29,(1 0 0),43.6,2.32,0.0208
Mo,[100],TWGB,BCC,SNAP,29,(1 0 0),46.4,2.32,0.0208
Mo,[100],TWGB,BCC,SNAP,97,(1 0 0),47.92,2.32,0.0210
Mo,[100],TWGB,BCC,SNAP,73,(1 0 0),48.89,2.31,0.0210
Mo,[100],TWGB,BCC,SNAP,5,(1 0 0),53.13,2.26,0.0203
Mo,[100],TWGB,BCC,SNAP,109,(1 0 0),56.6,2.29,0.0211
Mo,[100],TWGB,BCC,SNAP,53,(1 0 0),58.11,2.29,0.0211
Mo,[100],TWGB,BCC,SNAP,17,(1 0 0),61.93,2.26,0.0199
Mo,[100],TWGB,BCC,SNAP,89,(1 0 0),64.01,2.24,0.0205
Mo,[100],TWGB,BCC,SNAP,13,(1 0 0),67.38,2.18,0.0196
Mo,[100],TWGB,BCC,SNAP,37,(1 0 0),71.08,2.10,0.0176
Mo,[100],TWGB,BCC,SNAP,25,(1 0 0),73.74,2.00,0.0152
Mo,[100],TWGB,BCC,SNAP,41,(1 0 0),77.32,1.80,0.0115
Mo,[100],TWGB,BCC,SNAP,101,(1 0 0),78.58,1.71,0.0090
Mo,[100],TWGB,BCC,SNAP,61,(1 0 0),79.61,1.63,0.0093
Mo,[100],TWGB,BCC,SNAP,85,(1 0 0),81.2,1.50,0.0079
Mo,[100],TWGB,BCC,SNAP,197,(1 0 0),81.83,1.44,0.0077
Mo,[100],TWGB,BCC,SNAP,113,(1 0 0),82.37,1.39,0.0069
Mo,[100],TWGB,BCC,SNAP,257,(1 0 0),82.85,1.34,0.0067
Mo,[100],TWGB,BCC,SNAP,145,(1 0 0),83.27,1.29,0.0060
Mo,[100],TWGB,BCC,SNAP,181,(1 0 0),83.97,1.21,0.0055
Mo,[100],TWGB,BCC,SNAP,221,(1 0 0),84.55,1.15,0.0049
Mo,[100],TWGB,BCC,SNAP,265,(1 0 0),85.02,1.09,0.0045
Mo,[100],TWGB,BCC,SevenNet,85,(1 0 0),8.8,0.50,0.0491
Mo,[100],TWGB,BCC,SevenNet,61,(1 0 0),10.39,0.64,0.0477
Mo,[100],TWGB,BCC,SevenNet,41,(1 0 0),12.68,0.74,0.0576
Mo,[100],TWGB,BCC,SevenNet,25,(1 0 0),16.26,1.10,0.0727
Mo,[100],TWGB,BCC,SevenNet,37,(1 0 0),18.92,0.93,0.0746
Mo,[100],TWGB,BCC,SevenNet,13,(1 0 0),22.62,1.36,0.0785
Mo,[100],TWGB,BCC,SevenNet,89,(1 0 0),25.99,1.16,0.0672
Mo,[100],TWGB,BCC,SevenNet,17,(1 0 0),28.07,1.18,0.0819
Mo,[100],TWGB,BCC,SevenNet,53,(1 0 0),31.89,1.26,0.0647
Mo,[100],TWGB,BCC,SevenNet,5,(1 0 0),36.87,1.72,0.0800
Mo,[100],TWGB,BCC,SevenNet,73,(1 0 0),41.11,1.33,0.0664
Mo,[100],TWGB,BCC,SevenNet,97,(1 0 0),42.08,1.32,0.0689
Mo,[100],TWGB,BCC,SevenNet,29,(1 0 0),43.6,1.28,0.0831
Mo,[100],TWGB,BCC,SevenNet,29,(1 0 0),46.4,1.28,0.0831
Mo,[100],TWGB,BCC,SevenNet,97,(1 0 0),47.92,1.32,0.0689
Mo,[100],TWGB,BCC,SevenNet,73,(1 0 0),48.89,1.33,0.0664
Mo,[100],TWGB,BCC,SevenNet,5,(1 0 0),53.13,1.72,0.0800
Mo,[100],TWGB,BCC,SevenNet,53,(1 0 0),58.11,1.26,0.0647
Mo,[100],TWGB,BCC,SevenNet,17,(1 0 0),61.93,1.18,0.0819
Mo,[100],TWGB,BCC,SevenNet,89,(1 0 0),64.01,1.16,0.0672
Mo,[100],TWGB,BCC,SevenNet,13,(1 0 0),67.38,1.36,0.0785
Mo,[100],TWGB,BCC,SevenNet,37,(1 0 0),71.08,0.93,0.0746
Mo,[100],TWGB,BCC,SevenNet,25,(1 0 0),73.74,1.10,0.0727
Mo,[100],TWGB,BCC,SevenNet,41,(1 0 0),77.32,0.74,0.0576
Mo,[100],TWGB,BCC,SevenNet,61,(1 0 0),79.61,0.64,0.0477
Mo,[100],TWGB,BCC,SevenNet,85,(1 0 0),81.2,0.50,0.0491
Mo,[100],TWGB,BCC,UMA,61,(1 0 0),10.39,1.19,0.0136
Mo,[100],TWGB,BCC,UMA,41,(1 0 0),12.68,1.36,0.0155
Mo,[100],TWGB,BCC,UMA,25,(1 0 0),16.26,1.61,0.0189
Mo,[100],TWGB,BCC,UMA,13,(1 0 0),22.62,1.78,0.0241
Mo,[100],TWGB,BCC,UMA,5,(1 0 0),36.87,2.09,0.0283
Mo,[100],TWGB,BCC,UMA,29,(1 0 0),43.6,2.01,0.0276
Mo,[100],TWGB,BCC,UMA,5,(1 0 0),53.13,2.09,0.0283
Mo,[100],TWGB,BCC,UMA,53,(1 0 0),58.11,1.92,0.0255
Mo,[100],TWGB,BCC,UMA,17,(1 0 0),61.93,1.85,0.0234
Mo,[100],TWGB,BCC,UMA,37,(1 0 0),71.08,1.69,0.0197
Mo,[100],TWGB,BCC,UMA,65,(1 0 0),75.75,1.89,0.0254
Mo,[100],TWGB,BCC,UNEP,257,(1 0 0),7.15,1.23,0.0032
Mo,[100],TWGB,BCC,UNEP,197,(1 0 0),8.17,1.32,0.0044
Mo,[100],TWGB,BCC,UNEP,101,(1 0 0),11.42,1.58,0.0075
Mo,[100],TWGB,BCC,UNEP,37,(1 0 0),18.92,1.97,0.0128
Mo,[100],TWGB,BCC,UNEP,17,(1 0 0),28.07,2.27,0.0170
Mo,[100],TWGB,BCC,UNEP,53,(1 0 0),31.89,2.38,0.0182
Mo,[100],TWGB,BCC,UNEP,109,(1 0 0),33.4,2.41,0.0195
Mo,[100],TWGB,BCC,UNEP,73,(1 0 0),41.11,2.52,0.0221
Mo,[100],TWGB,BCC,UNEP,29,(1 0 0),43.6,2.53,0.0226
Mo,[100],TWGB,BCC,UNEP,97,(1 0 0),47.92,2.53,0.0223
Mo,[100],TWGB,BCC,UNEP,5,(1 0 0),53.13,2.49,0.0212
Mo,[100],TWGB,BCC,UNEP,89,(1 0 0),64.01,2.24,0.0165
Mo,[100],TWGB,BCC,UNEP,13,(1 0 0),67.38,2.12,0.0148
Mo,[100],TWGB,BCC,UNEP,25,(1 0 0),73.74,1.90,0.0122
Mo,[100],TWGB,BCC,UNEP,41,(1 0 0),77.32,1.66,0.0086
Mo,[100],TWGB,BCC,UNEP,61,(1 0 0),79.61,1.50,0.0067
Mo,[100],TWGB,BCC,UNEP,85,(1 0 0),81.2,1.41,0.0057
Mo,[100],TWGB,BCC,UNEP,113,(1 0 0),82.37,1.27,0.0038
Mo,[100],TWGB,BCC,UNEP,145,(1 0 0),83.27,1.21,0.0038
Mo,[100],TWGB,BCC,UNEP,181,(1 0 0),83.97,1.11,0.0019
Mo,[100],TWGB,BCC,UNEP,221,(1 0 0),84.55,1.04,0.0011
Mo,[100],TWGB,BCC,UNEP,265,(1 0 0),85.02,1.01,0.0012
Mo,[100],TWGB,BCC,eSEN,61,(1 0 0),10.39,1.51,0.0310
Mo,[100],TWGB,BCC,eSEN,41,(1 0 0),12.68,1.62,0.0371
Mo,[100],TWGB,BCC,eSEN,25,(1 0 0),16.26,1.71,0.0463
Mo,[100],TWGB,BCC,eSEN,37,(1 0 0),18.92,1.76,0.0508
Mo,[100],TWGB,BCC,eSEN,13,(1 0 0),22.62,1.82,0.0466
Mo,[100],TWGB,BCC,eSEN,17,(1 0 0),28.07,1.91,0.0431
Mo,[100],TWGB,BCC,eSEN,53,(1 0 0),31.89,1.94,0.0615
Mo,[100],TWGB,BCC,eSEN,5,(1 0 0),36.87,2.22,0.0860
Mo,[100],TWGB,BCC,eSEN,29,(1 0 0),43.6,2.05,0.0781
Mo,[100],TWGB,BCC,eSEN,29,(1 0 0),46.4,2.05,0.0781
Mo,[100],TWGB,BCC,eSEN,5,(1 0 0),53.13,2.22,0.0860
Mo,[100],TWGB,BCC,eSEN,53,(1 0 0),58.11,1.94,0.0615
Mo,[100],TWGB,BCC,eSEN,17,(1 0 0),61.93,1.91,0.0431
Mo,[100],TWGB,BCC,eSEN,13,(1 0 0),67.38,1.82,0.0466
Mo,[100],TWGB,BCC,eSEN,37,(1 0 0),71.08,1.76,0.0508
Mo,[100],TWGB,BCC,eSEN,25,(1 0 0),73.74,1.71,0.0463
Mo,[100],TWGB,BCC,eSEN,41,(1 0 0),77.32,1.62,0.0371
Mo,[100],TWGB,BCC,eSEN,61,(1 0 0),79.61,1.51,0.0310
Mo,[110],STGB,BCC,ADP,289,(1 -1 24),6.74,1.55,0.0369
Mo,[110],STGB,BCC,ADP,243,(-11 11 1),7.36,1.62,0.0288
Mo,[110],STGB,BCC,ADP,201,(-10 10 1),8.09,1.60,0.0280
Mo,[110],STGB,BCC,ADP,291,(1 -1 17),9.51,1.81,0.0322
Mo,[110],STGB,BCC,ADP,129,(-8 8 1),10.1,1.71,0.0273
Mo,[110],STGB,BCC,ADP,227,(-15 15 2),10.77,1.85,0.0310
Mo,[110],STGB,BCC,ADP,99,(-7 7 1),11.54,1.86,0.0391
Mo,[110],STGB,BCC,ADP,73,(-6 6 1),13.44,1.96,0.0351
Mo,[110],STGB,BCC,ADP,51,(-5 5 1),16.1,2.02,0.0329
Mo,[110],STGB,BCC,ADP,83,(-9 9 2),17.86,2.16,0.0317
Mo,[110],STGB,BCC,ADP,33,(-4 4 1),20.05,2.11,0.0399
Mo,[110],STGB,BCC,ADP,19,(-3 3 1),26.53,2.30,0.0429
Mo,[110],STGB,BCC,ADP,27,(-5 5 2),31.59,2.36,0.0337
Mo,[110],STGB,BCC,ADP,89,(-2 2 -9),34.89,2.54,0.0399
Mo,[110],STGB,BCC,ADP,9,(-1 1 -4),38.94,2.00,0.0253
Mo,[110],STGB,BCC,ADP,57,(-2 2 -7),44,2.60,0.0423
Mo,[110],STGB,BCC,ADP,59,(-5 5 3),45.98,2.26,0.0378
Mo,[110],STGB,BCC,ADP,11,(-3 3 2),50.48,1.93,0.0239
Mo,[110],STGB,BCC,ADP,41,(-3 3 -8),55.88,2.09,0.0335
Mo,[110],STGB,BCC,ADP,97,(-5 5 -12),61.02,2.17,0.0391
Mo,[110],STGB,BCC,ADP,67,(-3 3 -7),62.44,2.29,0.0380
Mo,[110],STGB,BCC,ADP,3,(-1 1 1),70.53,0.60,0.0041
Mo,[110],STGB,BCC,ADP,81,(7 -7 -8),77.88,2.34,0.0400
Mo,[110],STGB,BCC,ADP,43,(5 -5 -6),80.63,2.22,0.0373
Mo,[110],STGB,BCC,ADP,17,(3 -3 -4),86.63,2.01,0.0270
Mo,[110],STGB,BCC,EAM,289,(1 -1 24),6.74,1.47,0.0094
Mo,[110],STGB,BCC,EAM,243,(-11 11 1),7.36,1.37,0.0078
Mo,[110],STGB,BCC,EAM,201,(-10 10 1),8.09,1.46,0.0083
Mo,[110],STGB,BCC,EAM,291,(1 -1 17),9.51,1.65,0.0089
Mo,[110],STGB,BCC,EAM,129,(-8 8 1),10.1,1.54,0.0105
Mo,[110],STGB,BCC,EAM,227,(-15 15 2),10.77,1.68,0.0103
Mo,[110],STGB,BCC,EAM,99,(-7 7 1),11.54,1.72,0.0183
Mo,[110],STGB,BCC,EAM,73,(-6 6 1),13.44,2.18,0.0356
Mo,[110],STGB,BCC,EAM,51,(-5 5 1),16.1,2.35,0.0442
Mo,[110],STGB,BCC,EAM,83,(-9 9 2),17.86,2.00,0.0130
Mo,[110],STGB,BCC,EAM,33,(-4 4 1),20.05,1.92,0.0314
Mo,[110],STGB,BCC,EAM,19,(-3 3 1),26.53,2.06,0.0481
Mo,[110],STGB,BCC,EAM,27,(-5 5 2),31.59,2.21,0.0252
Mo,[110],STGB,BCC,EAM,89,(-2 2 -9),34.89,2.20,0.0167
Mo,[110],STGB,BCC,EAM,9,(-1 1 -4),38.94,1.57,0.0336
Mo,[110],STGB,BCC,EAM,57,(-2 2 -7),44,2.42,0.0302
Mo,[110],STGB,BCC,EAM,59,(-5 5 3),45.98,2.38,0.0431
Mo,[110],STGB,BCC,EAM,11,(-3 3 2),50.48,1.56,0.0154
Mo,[110],STGB,BCC,EAM,41,(-3 3 -8),55.88,1.93,0.0301
Mo,[110],STGB,BCC,EAM,97,(-5 5 -12),61.02,2.00,0.0211
Mo,[110],STGB,BCC,EAM,67,(-3 3 -7),62.44,2.20,0.0265
Mo,[110],STGB,BCC,EAM,3,(-1 1 1),70.53,0.44,0.0007
Mo,[110],STGB,BCC,EAM,81,(7 -7 -8),77.88,2.31,0.0280
Mo,[110],STGB,BCC,EAM,43,(5 -5 -6),80.63,2.15,0.0250
Mo,[110],STGB,BCC,EAM,17,(3 -3 -4),86.63,1.89,0.0179
Mo,[110],STGB,BCC,GRACE,289,(1 -1 24),6.74,1.34,0.0144
Mo,[110],STGB,BCC,GRACE,243,(-11 11 1),7.36,1.15,0.0145
Mo,[110],STGB,BCC,GRACE,201,(-10 10 1),8.09,1.20,0.0153
Mo,[110],STGB,BCC,GRACE,291,(1 -1 17),9.51,1.29,0.0167
Mo,[110],STGB,BCC,GRACE,129,(-8 8 1),10.1,1.36,0.0176
Mo,[110],STGB,BCC,GRACE,227,(-15 15 2),10.77,1.38,0.0180
Mo,[110],STGB,BCC,GRACE,99,(-7 7 1),11.54,1.69,0.0191
Mo,[110],STGB,BCC,GRACE,73,(-6 6 1),13.44,1.84,0.0177
Mo,[110],STGB,BCC,GRACE,51,(-5 5 1),16.1,1.68,0.0238
Mo,[110],STGB,BCC,GRACE,83,(-9 9 2),17.86,1.74,0.0228
Mo,[110],STGB,BCC,GRACE,33,(-4 4 1),20.05,1.97,0.0289
Mo,[110],STGB,BCC,GRACE,19,(-3 3 1),26.53,2.19,0.0344
Mo,[110],STGB,BCC,GRACE,27,(-5 5 2),31.59,2.17,0.0266
Mo,[110],STGB,BCC,GRACE,89,(-2 2 -9),34.89,2.19,0.0263
Mo,[110],STGB,BCC,GRACE,9,(-1 1 -4),38.94,1.97,0.0291
Mo,[110],STGB,BCC,GRACE,57,(-2 2 -7),44,2.33,0.0292
Mo,[110],STGB,BCC,GRACE,59,(-5 5 3),45.98,2.05,0.0314
Mo,[110],STGB,BCC,GRACE,11,(-3 3 2),50.48,1.84,0.0196
Mo,[110],STGB,BCC,GRACE,41,(-3 3 -8),55.88,1.82,0.0275
Mo,[110],STGB,BCC,GRACE,97,(-5 5 -12),61.02,1.89,0.0266
Mo,[110],STGB,BCC,GRACE,67,(-3 3 -7),62.44,2.06,0.0256
Mo,[110],STGB,BCC,GRACE,3,(-1 1 1),70.53,0.67,0.0068
Mo,[110],STGB,BCC,GRACE,81,(7 -7 -8),77.88,2.06,0.0257
Mo,[110],STGB,BCC,GRACE,43,(5 -5 -6),80.63,2.02,0.0246
Mo,[110],STGB,BCC,GRACE,17,(3 -3 -4),86.63,1.89,0.0246
Mo,[110],STGB,BCC,MACE,99,(-7 7 1),11.54,1.08,0.0168
Mo,[110],STGB,BCC,MACE,73,(-6 6 1),13.44,1.14,0.0206
Mo,[110],STGB,BCC,MACE,51,(-5 5 1),16.1,1.26,0.0229
Mo,[110],STGB,BCC,MACE,83,(-9 9 2),17.86,1.14,0.0119
Mo,[110],STGB,BCC,MACE,33,(-4 4 1),20.05,1.44,0.0254
Mo,[110],STGB,BCC,MACE,19,(-3 3 1),26.53,2.01,0.0473
Mo,[110],STGB,BCC,MACE,27,(-5 5 2),31.59,1.43,0.0156
Mo,[110],STGB,BCC,MACE,89,(-2 2 -9),34.89,1.48,0.0115
Mo,[110],STGB,BCC,MACE,9,(-1 1 -4),38.94,1.63,0.0355
Mo,[110],STGB,BCC,MACE,57,(-2 2 -7),44,1.61,0.0090
Mo,[110],STGB,BCC,MACE,59,(-5 5 3),45.98,1.54,0.0339
Mo,[110],STGB,BCC,MACE,11,(-3 3 2),50.48,0.98,0.0102
Mo,[110],STGB,BCC,MACE,41,(-3 3 -8),55.88,1.16,0.0006
Mo,[110],STGB,BCC,MACE,97,(-5 5 -12),61.02,1.31,0.0222
Mo,[110],STGB,BCC,MACE,67,(-3 3 -7),62.44,1.31,0.0043
Mo,[110],STGB,BCC,MACE,3,(-1 1 1),70.53,0.25,0.0074
Mo,[110],STGB,BCC,MACE,81,(7 -7 -8),77.88,1.35,0.0034
Mo,[110],STGB,BCC,MACE,43,(5 -5 -6),80.63,1.32,0.0042
Mo,[110],STGB,BCC,MACE,17,(3 -3 -4),86.63,1.19,0.0057
Mo,[110],STGB,BCC,MEAM,289,(1 -1 24),6.74,1.57,-0.1915
Mo,[110],STGB,BCC,MEAM,243,(-11 11 1),7.36,1.43,-0.1219
Mo,[110],STGB,BCC,MEAM,201,(-10 10 1),8.09,1.51,-0.1398
Mo,[110],STGB,BCC,MEAM,291,(1 -1 17),9.51,1.71,-0.1925
Mo,[110],STGB,BCC,MEAM,129,(-8 8 1),10.1,1.61,-0.1080
Mo,[110],STGB,BCC,MEAM,227,(-15 15 2),10.77,1.75,-0.1677
Mo,[110],STGB,BCC,MEAM,99,(-7 7 1),11.54,2.53,-0.1457
Mo,[110],STGB,BCC,MEAM,73,(-6 6 1),13.44,2.27,-0.1257
Mo,[110],STGB,BCC,MEAM,51,(-5 5 1),16.1,2.44,-0.0963
Mo,[110],STGB,BCC,MEAM,83,(-9 9 2),17.86,2.06,-0.1477
Mo,[110],STGB,BCC,MEAM,33,(-4 4 1),20.05,2.08,-0.0798
Mo,[110],STGB,BCC,MEAM,19,(-3 3 1),26.53,2.23,-0.0487
Mo,[110],STGB,BCC,MEAM,27,(-5 5 2),31.59,2.27,-0.0739
Mo,[110],STGB,BCC,MEAM,89,(-2 2 -9),34.89,2.40,-0.1504
Mo,[110],STGB,BCC,MEAM,9,(-1 1 -4),38.94,2.01,-0.0308
Mo,[110],STGB,BCC,MEAM,57,(-2 2 -7),44,2.45,-0.1130
Mo,[110],STGB,BCC,MEAM,59,(-5 5 3),45.98,2.49,-0.1085
Mo,[110],STGB,BCC,MEAM,11,(-3 3 2),50.48,1.74,-0.0450
Mo,[110],STGB,BCC,MEAM,41,(-3 3 -8),55.88,1.97,-0.0946
Mo,[110],STGB,BCC,MEAM,97,(-5 5 -12),61.02,2.09,-0.1550
Mo,[110],STGB,BCC,MEAM,67,(-3 3 -7),62.44,2.17,-0.1254
Mo,[110],STGB,BCC,MEAM,3,(-1 1 1),70.53,0.43,-0.0230
Mo,[110],STGB,BCC,MEAM,81,(7 -7 -8),77.88,2.28,-0.1374
Mo,[110],STGB,BCC,MEAM,43,(5 -5 -6),80.63,2.17,-0.0964
Mo,[110],STGB,BCC,MEAM,17,(3 -3 -4),86.63,1.94,-0.0539
Mo,[110],STGB,BCC,ORB,73,(-6 6 1),13.44,1.80,0.0615
Mo,[110],STGB,BCC,ORB,33,(-4 4 1),20.05,2.17,0.0497
Mo,[110],STGB,BCC,ORB,27,(-5 5 2),31.59,2.31,0.0277
Mo,[110],STGB,BCC,ORB,9,(-1 1 -4),38.94,1.97,0.0214
Mo,[110],STGB,BCC,ORB,57,(-2 2 -7),44,2.40,0.0339
Mo,[110],STGB,BCC,ORB,59,(-5 5 3),45.98,2.12,0.0567
Mo,[110],STGB,BCC,ORB,11,(-3 3 2),50.48,1.88,0.0220
Mo,[110],STGB,BCC,ORB,41,(-3 3 -8),55.88,1.91,0.0341
Mo,[110],STGB,BCC,ORB,3,(-1 1 1),70.53,0.65,0.0120
Mo,[110],STGB,BCC,ORB,43,(5 -5 -6),80.63,2.18,0.0571
Mo,[110],STGB,BCC,ORB,17,(3 -3 -4),86.63,2.01,0.0434
Mo,[110],STGB,BCC,SNAP,289,(1 -1 24),6.74,1.59,0.0131
Mo,[110],STGB,BCC,SNAP,243,(-11 11 1),7.36,1.46,0.0107
Mo,[110],STGB,BCC,SNAP,201,(-10 10 1),8.09,1.55,0.0120
Mo,[110],STGB,BCC,SNAP,291,(1 -1 17),9.51,1.74,0.0138
Mo,[110],STGB,BCC,SNAP,129,(-8 8 1),10.1,1.65,0.0123
Mo,[110],STGB,BCC,SNAP,227,(-15 15 2),10.77,1.78,0.0139
Mo,[110],STGB,BCC,SNAP,99,(-7 7 1),11.54,1.91,0.0165
Mo,[110],STGB,BCC,SNAP,73,(-6 6 1),13.44,2.19,0.0199
Mo,[110],STGB,BCC,SNAP,51,(-5 5 1),16.1,2.33,0.0223
Mo,[110],STGB,BCC,SNAP,83,(-9 9 2),17.86,2.06,0.0191
Mo,[110],STGB,BCC,SNAP,33,(-4 4 1),20.05,2.15,0.0203
Mo,[110],STGB,BCC,SNAP,19,(-3 3 1),26.53,2.27,0.0228
Mo,[110],STGB,BCC,SNAP,27,(-5 5 2),31.59,2.34,0.0240
Mo,[110],STGB,BCC,SNAP,89,(-2 2 -9),34.89,2.55,0.0240
Mo,[110],STGB,BCC,SNAP,9,(-1 1 -4),38.94,1.98,0.0184
Mo,[110],STGB,BCC,SNAP,57,(-2 2 -7),44,2.46,0.0259
Mo,[110],STGB,BCC,SNAP,59,(-5 5 3),45.98,2.31,0.0203
Mo,[110],STGB,BCC,SNAP,11,(-3 3 2),50.48,1.77,0.0188
Mo,[110],STGB,BCC,SNAP,41,(-3 3 -8),55.88,2.04,0.0178
Mo,[110],STGB,BCC,SNAP,97,(-5 5 -12),61.02,2.18,0.0207
Mo,[110],STGB,BCC,SNAP,67,(-3 3 -7),62.44,2.22,0.0216
Mo,[110],STGB,BCC,SNAP,3,(-1 1 1),70.53,0.66,0.0062
Mo,[110],STGB,BCC,SNAP,81,(7 -7 -8),77.88,2.27,0.0215
Mo,[110],STGB,BCC,SNAP,43,(5 -5 -6),80.63,2.16,0.0215
Mo,[110],STGB,BCC,SNAP,17,(3 -3 -4),86.63,1.93,0.0195
Mo,[110],STGB,BCC,SevenNet,33,(-4 4 1),20.05,0.29,0.1745
Mo,[110],STGB,BCC,SevenNet,19,(-3 3 1),26.53,0.48,0.1011
Mo,[110],STGB,BCC,SevenNet,27,(-5 5 2),31.59,0.36,0.1583
Mo,[110],STGB,BCC,SevenNet,9,(-1 1 -4),38.94,1.17,0.0655
Mo,[110],STGB,BCC,SevenNet,11,(-3 3 2),50.48,0.68,0.0800
Mo,[110],STGB,BCC,SevenNet,17,(3 -3 -4),86.63,0.60,0.1150
Mo,[110],STGB,BCC,UMA,33,(-4 4 1),20.05,0.54,0.0195
Mo,[110],STGB,BCC,UMA,19,(-3 3 1),26.53,1.14,0.0270
Mo,[110],STGB,BCC,UMA,27,(-5 5 2),31.59,0.83,0.0177
Mo,[110],STGB,BCC,UMA,9,(-1 1 -4),38.94,1.21,0.0252
Mo,[110],STGB,BCC,UMA,57,(-2 2 -7),44,0.28,0.0143
Mo,[110],STGB,BCC,UMA,11,(-3 3 2),50.48,1.02,0.0160
Mo,[110],STGB,BCC,UMA,41,(-3 3 -8),55.88,0.10,0.0152
Mo,[110],STGB,BCC,UMA,3,(-1 1 1),70.53,0.23,0.0047
Mo,[110],STGB,BCC,UMA,43,(5 -5 -6),80.63,0.36,0.0119
Mo,[110],STGB,BCC,UMA,17,(3 -3 -4),86.63,0.87,0.0168
Mo,[110],STGB,BCC,UNEP,289,(1 -1 24),6.74,1.28,0.0789
Mo,[110],STGB,BCC,UNEP,243,(-11 11 1),7.36,1.40,0.0811
Mo,[110],STGB,BCC,UNEP,201,(-10 10 1),8.09,1.47,0.0781
Mo,[110],STGB,BCC,UNEP,291,(1 -1 17),9.51,1.69,0.0787
Mo,[110],STGB,BCC,UNEP,129,(-8 8 1),10.1,1.63,0.0696
Mo,[110],STGB,BCC,UNEP,227,(-15 15 2),10.77,1.68,0.0742
Mo,[110],STGB,BCC,UNEP,99,(-7 7 1),11.54,1.70,0.0674
Mo,[110],STGB,BCC,UNEP,73,(-6 6 1),13.44,1.82,0.0785
Mo,[110],STGB,BCC,UNEP,51,(-5 5 1),16.1,1.83,0.0626
Mo,[110],STGB,BCC,UNEP,83,(-9 9 2),17.86,1.98,0.0736
Mo,[110],STGB,BCC,UNEP,33,(-4 4 1),20.05,2.16,0.0779
Mo,[110],STGB,BCC,UNEP,19,(-3 3 1),26.53,2.16,0.0513
Mo,[110],STGB,BCC,UNEP,27,(-5 5 2),31.59,2.25,0.0430
Mo,[110],STGB,BCC,UNEP,89,(-2 2 -9),34.89,2.35,0.0711
Mo,[110],STGB,BCC,UNEP,9,(-1 1 -4),38.94,2.17,0.0745
Mo,[110],STGB,BCC,UNEP,57,(-2 2 -7),44,2.24,0.0592
Mo,[110],STGB,BCC,UNEP,59,(-5 5 3),45.98,2.21,0.0582
Mo,[110],STGB,BCC,UNEP,11,(-3 3 2),50.48,1.96,0.0674
Mo,[110],STGB,BCC,UNEP,41,(-3 3 -8),55.88,2.10,0.0698
Mo,[110],STGB,BCC,UNEP,97,(-5 5 -12),61.02,1.96,0.0681
Mo,[110],STGB,BCC,UNEP,67,(-3 3 -7),62.44,2.22,0.0820
Mo,[110],STGB,BCC,UNEP,3,(-1 1 1),70.53,0.74,0.0000
Mo,[110],STGB,BCC,UNEP,81,(7 -7 -8),77.88,2.23,0.0745
Mo,[110],STGB,BCC,UNEP,43,(5 -5 -6),80.63,2.15,0.0682
Mo,[110],STGB,BCC,UNEP,17,(3 -3 -4),86.63,2.04,0.0542
Mo,[110],STGB,BCC,eSEN,73,(-6 6 1),13.44,1.53,0.0413
Mo,[110],STGB,BCC,eSEN,51,(-5 5 1),16.1,1.75,0.0562
Mo,[110],STGB,BCC,eSEN,83,(-9 9 2),17.86,1.52,0.0529
Mo,[110],STGB,BCC,eSEN,33,(-4 4 1),20.05,1.55,0.0658
Mo,[110],STGB,BCC,eSEN,19,(-3 3 1),26.53,1.66,0.0600
Mo,[110],STGB,BCC,eSEN,27,(-5 5 2),31.59,1.87,0.0555
Mo,[110],STGB,BCC,eSEN,89,(-2 2 -9),34.89,1.88,0.0509
Mo,[110],STGB,BCC,eSEN,9,(-1 1 -4),38.94,1.80,0.0861
Mo,[110],STGB,BCC,eSEN,57,(-2 2 -7),44,1.88,0.0548
Mo,[110],STGB,BCC,eSEN,59,(-5 5 3),45.98,1.80,0.0602
Mo,[110],STGB,BCC,eSEN,11,(-3 3 2),50.48,1.89,0.0662
Mo,[110],STGB,BCC,eSEN,41,(-3 3 -8),55.88,1.54,0.0484
Mo,[110],STGB,BCC,eSEN,97,(-5 5 -12),61.02,1.54,0.0492
Mo,[110],STGB,BCC,eSEN,67,(-3 3 -7),62.44,1.86,0.0616
Mo,[110],STGB,BCC,eSEN,3,(-1 1 1),70.53,0.52,0.0058
Mo,[110],STGB,BCC,eSEN,81,(7 -7 -8),77.88,1.89,0.0520
Mo,[110],STGB,BCC,eSEN,43,(5 -5 -6),80.63,1.84,0.0729
Mo,[110],STGB,BCC,eSEN,17,(3 -3 -4),86.63,1.63,0.0470
Mo,[110],TWGB,BCC,ADP,289,(1 1 0),6.74,0.95,0.0097
Mo,[110],TWGB,BCC,ADP,243,(1 1 0),7.36,0.98,0.0098
Mo,[110],TWGB,BCC,ADP,201,(1 1 0),8.09,1.01,0.0096
Mo,[110],TWGB,BCC,ADP,291,(1 1 0),9.51,1.06,0.0099
Mo,[110],TWGB,BCC,ADP,129,(1 1 0),10.1,1.08,0.0099
Mo,[110],TWGB,BCC,ADP,227,(1 1 0),10.77,1.10,0.0099
Mo,[110],TWGB,BCC,ADP,99,(1 1 0),11.54,1.12,0.0102
Mo,[110],TWGB,BCC,ADP,73,(1 1 0),13.44,1.16,0.0100
Mo,[110],TWGB,BCC,ADP,51,(1 1 0),16.1,1.20,0.0106
Mo,[110],TWGB,BCC,ADP,83,(1 1 0),17.86,1.22,0.0104
Mo,[110],TWGB,BCC,ADP,33,(1 1 0),20.05,1.24,0.0105
Mo,[110],TWGB,BCC,ADP,19,(1 1 0),26.53,1.26,0.0110
Mo,[110],TWGB,BCC,ADP,27,(1 1 0),31.59,1.28,0.0114
Mo,[110],TWGB,BCC,ADP,89,(1 1 0),34.89,1.28,0.0111
Mo,[110],TWGB,BCC,ADP,9,(1 1 0),38.94,1.25,0.0119
Mo,[110],TWGB,BCC,ADP,57,(1 1 0),44,1.27,0.0114
Mo,[110],TWGB,BCC,ADP,59,(1 1 0),45.98,1.26,0.0114
Mo,[110],TWGB,BCC,ADP,11,(1 1 0),50.48,1.17,0.0106
Mo,[110],TWGB,BCC,ADP,41,(1 1 0),55.88,1.22,0.0120
Mo,[110],TWGB,BCC,ADP,97,(1 1 0),61.02,1.17,0.0109
Mo,[110],TWGB,BCC,ADP,67,(1 1 0),62.44,1.14,0.0109
Mo,[110],TWGB,BCC,ADP,3,(1 1 0),70.53,0.71,0.0066
Mo,[110],TWGB,BCC,ADP,81,(1 1 0),77.88,1.10,0.0104
Mo,[110],TWGB,BCC,ADP,43,(1 1 0),80.63,1.13,0.0110
Mo,[110],TWGB,BCC,ADP,17,(1 1 0),86.63,1.19,0.0104
Mo,[110],TWGB,BCC,EAM,289,(1 1 0),6.74,0.84,0.0002
Mo,[110],TWGB,BCC,EAM,243,(1 1 0),7.36,0.86,0.0003
Mo,[110],TWGB,BCC,EAM,201,(1 1 0),8.09,0.88,0.0009
Mo,[110],TWGB,BCC,EAM,291,(1 1 0),9.51,0.91,0.0018
Mo,[110],TWGB,BCC,EAM,129,(1 1 0),10.1,0.93,0.0019
Mo,[110],TWGB,BCC,EAM,227,(1 1 0),10.77,0.94,0.0020
Mo,[110],TWGB,BCC,EAM,99,(1 1 0),11.54,0.95,0.0022
Mo,[110],TWGB,BCC,EAM,73,(1 1 0),13.44,0.98,0.0026
Mo,[110],TWGB,BCC,EAM,51,(1 1 0),16.1,1.00,0.0047
Mo,[110],TWGB,BCC,EAM,83,(1 1 0),17.86,1.01,0.0044
Mo,[110],TWGB,BCC,EAM,33,(1 1 0),20.05,1.03,0.0050
Mo,[110],TWGB,BCC,EAM,19,(1 1 0),26.53,1.01,0.0077
Mo,[110],TWGB,BCC,EAM,27,(1 1 0),31.59,1.03,0.0074
Mo,[110],TWGB,BCC,EAM,89,(1 1 0),34.89,1.04,0.0069
Mo,[110],TWGB,BCC,EAM,9,(1 1 0),38.94,1.00,0.0065
Mo,[110],TWGB,BCC,EAM,57,(1 1 0),44,1.03,0.0061
Mo,[110],TWGB,BCC,EAM,59,(1 1 0),45.98,1.01,0.0065
Mo,[110],TWGB,BCC,EAM,11,(1 1 0),50.48,0.93,0.0069
Mo,[110],TWGB,BCC,EAM,41,(1 1 0),55.88,0.98,0.0053
Mo,[110],TWGB,BCC,EAM,97,(1 1 0),61.02,0.95,0.0037
Mo,[110],TWGB,BCC,EAM,67,(1 1 0),62.44,0.94,0.0032
Mo,[110],TWGB,BCC,EAM,3,(1 1 0),70.53,0.53,0.0014
Mo,[110],TWGB,BCC,EAM,81,(1 1 0),77.88,0.93,0.0027
Mo,[110],TWGB,BCC,EAM,43,(1 1 0),80.63,0.95,0.0047
Mo,[110],TWGB,BCC,EAM,17,(1 1 0),86.63,1.00,0.0042
Mo,[110],TWGB,BCC,GRACE,289,(1 1 0),6.74,0.83,0.0086
Mo,[110],TWGB,BCC,GRACE,243,(1 1 0),7.36,0.86,0.0089
Mo,[110],TWGB,BCC,GRACE,201,(1 1 0),8.09,0.90,0.0093
Mo,[110],TWGB,BCC,GRACE,291,(1 1 0),9.51,0.95,0.0100
Mo,[110],TWGB,BCC,GRACE,129,(1 1 0),10.1,0.97,0.0102
Mo,[110],TWGB,BCC,GRACE,227,(1 1 0),10.77,0.99,0.0105
Mo,[110],TWGB,BCC,GRACE,99,(1 1 0),11.54,1.01,0.0107
Mo,[110],TWGB,BCC,GRACE,73,(1 1 0),13.44,1.05,0.0113
Mo,[110],TWGB,BCC,GRACE,51,(1 1 0),16.1,1.09,0.0119
Mo,[110],TWGB,BCC,GRACE,83,(1 1 0),17.86,1.11,0.0123
Mo,[110],TWGB,BCC,GRACE,33,(1 1 0),20.05,1.12,0.0126
Mo,[110],TWGB,BCC,GRACE,19,(1 1 0),26.53,1.15,0.0134
Mo,[110],TWGB,BCC,GRACE,27,(1 1 0),31.59,1.17,0.0139
Mo,[110],TWGB,BCC,GRACE,89,(1 1 0),34.89,1.17,0.0137
Mo,[110],TWGB,BCC,GRACE,9,(1 1 0),38.94,1.17,0.0135
Mo,[110],TWGB,BCC,GRACE,57,(1 1 0),44,1.16,0.0131
Mo,[110],TWGB,BCC,GRACE,59,(1 1 0),45.98,1.15,0.0128
Mo,[110],TWGB,BCC,GRACE,11,(1 1 0),50.48,1.05,0.0113
Mo,[110],TWGB,BCC,GRACE,41,(1 1 0),55.88,1.11,0.0118
Mo,[110],TWGB,BCC,GRACE,97,(1 1 0),61.02,1.07,0.0113
Mo,[110],TWGB,BCC,GRACE,67,(1 1 0),62.44,1.05,0.0111
Mo,[110],TWGB,BCC,GRACE,3,(1 1 0),70.53,0.72,0.0078
Mo,[110],TWGB,BCC,GRACE,81,(1 1 0),77.88,1.04,0.0121
Mo,[110],TWGB,BCC,GRACE,43,(1 1 0),80.63,1.06,0.0126
Mo,[110],TWGB,BCC,GRACE,17,(1 1 0),86.63,1.11,0.0129
Mo,[110],TWGB,BCC,MACE,99,(1 1 0),11.54,0.55,0.0080
Mo,[110],TWGB,BCC,MACE,73,(1 1 0),13.44,0.59,0.0089
Mo,[110],TWGB,BCC,MACE,51,(1 1 0),16.1,0.63,0.0092
Mo,[110],TWGB,BCC,MACE,83,(1 1 0),17.86,0.65,0.0098
Mo,[110],TWGB,BCC,MACE,33,(1 1 0),20.05,0.66,0.0100
Mo,[110],TWGB,BCC,MACE,19,(1 1 0),26.53,0.69,0.0096
Mo,[110],TWGB,BCC,MACE,27,(1 1 0),31.59,0.71,0.0105
Mo,[110],TWGB,BCC,MACE,89,(1 1 0),34.89,0.69,0.0101
Mo,[110],TWGB,BCC,MACE,9,(1 1 0),38.94,0.67,0.0105
Mo,[110],TWGB,BCC,MACE,57,(1 1 0),44,0.71,0.0112
Mo,[110],TWGB,BCC,MACE,59,(1 1 0),45.98,0.71,0.0111
Mo,[110],TWGB,BCC,MACE,11,(1 1 0),50.48,0.70,0.0113
Mo,[110],TWGB,BCC,MACE,41,(1 1 0),55.88,0.71,0.0117
Mo,[110],TWGB,BCC,MACE,97,(1 1 0),61.02,0.61,0.0102
Mo,[110],TWGB,BCC,MACE,67,(1 1 0),62.44,0.57,0.0097
Mo,[110],TWGB,BCC,MACE,3,(1 1 0),70.53,0.34,0.0071
Mo,[110],TWGB,BCC,MACE,81,(1 1 0),77.88,0.51,0.0083
Mo,[110],TWGB,BCC,MACE,43,(1 1 0),80.63,0.53,0.0087
Mo,[110],TWGB,BCC,MACE,17,(1 1 0),86.63,0.59,0.0096
Mo,[110],TWGB,BCC,MEAM,289,(1 1 0),6.74,0.85,-0.0309
Mo,[110],TWGB,BCC,MEAM,243,(1 1 0),7.36,0.87,-0.0306
Mo,[110],TWGB,BCC,MEAM,201,(1 1 0),8.09,0.89,-0.0305
Mo,[110],TWGB,BCC,MEAM,291,(1 1 0),9.51,0.92,-0.0300
Mo,[110],TWGB,BCC,MEAM,129,(1 1 0),10.1,0.94,-0.0299
Mo,[110],TWGB,BCC,MEAM,227,(1 1 0),10.77,0.95,-0.0298
Mo,[110],TWGB,BCC,MEAM,99,(1 1 0),11.54,0.96,-0.0294
Mo,[110],TWGB,BCC,MEAM,73,(1 1 0),13.44,0.99,-0.0293
Mo,[110],TWGB,BCC,MEAM,51,(1 1 0),16.1,1.01,-0.0288
Mo,[110],TWGB,BCC,MEAM,83,(1 1 0),17.86,1.03,-0.0288
Mo,[110],TWGB,BCC,MEAM,33,(1 1 0),20.05,1.05,-0.0285
Mo,[110],TWGB,BCC,MEAM,19,(1 1 0),26.53,1.07,-0.0283
Mo,[110],TWGB,BCC,MEAM,27,(1 1 0),31.59,1.06,-0.0279
Mo,[110],TWGB,BCC,MEAM,89,(1 1 0),34.89,1.08,-0.0279
Mo,[110],TWGB,BCC,MEAM,9,(1 1 0),38.94,1.03,-0.0279
Mo,[110],TWGB,BCC,MEAM,57,(1 1 0),44,1.06,-0.0282
Mo,[110],TWGB,BCC,MEAM,59,(1 1 0),45.98,1.05,-0.0281
Mo,[110],TWGB,BCC,MEAM,11,(1 1 0),50.48,0.97,-0.0284
Mo,[110],TWGB,BCC,MEAM,41,(1 1 0),55.88,1.03,-0.0284
Mo,[110],TWGB,BCC,MEAM,97,(1 1 0),61.02,0.99,-0.0292
Mo,[110],TWGB,BCC,MEAM,67,(1 1 0),62.44,0.97,-0.0294
Mo,[110],TWGB,BCC,MEAM,3,(1 1 0),70.53,0.53,-0.0312
Mo,[110],TWGB,BCC,MEAM,81,(1 1 0),77.88,0.93,-0.0295
Mo,[110],TWGB,BCC,MEAM,43,(1 1 0),80.63,0.96,-0.0292
Mo,[110],TWGB,BCC,MEAM,17,(1 1 0),86.63,1.01,-0.0292
Mo,[110],TWGB,BCC,ORB,73,(1 1 0),13.44,1.14,0.0136
Mo,[110],TWGB,BCC,ORB,51,(1 1 0),16.1,1.18,0.0105
Mo,[110],TWGB,BCC,ORB,83,(1 1 0),17.86,1.21,0.0103
Mo,[110],TWGB,BCC,ORB,33,(1 1 0),20.05,1.23,0.0166
Mo,[110],TWGB,BCC,ORB,19,(1 1 0),26.53,1.26,0.0160
Mo,[110],TWGB,BCC,ORB,27,(1 1 0),31.59,1.27,0.0158
Mo,[110],TWGB,BCC,ORB,89,(1 1 0),34.89,1.28,0.0169
Mo,[110],TWGB,BCC,ORB,9,(1 1 0),38.94,1.25,0.0146
Mo,[110],TWGB,BCC,ORB,57,(1 1 0),44,1.28,0.0141
Mo,[110],TWGB,BCC,ORB,59,(1 1 0),45.98,1.27,0.0151
Mo,[110],TWGB,BCC,ORB,11,(1 1 0),50.48,1.15,0.0170
Mo,[110],TWGB,BCC,ORB,41,(1 1 0),55.88,1.22,0.0150
Mo,[110],TWGB,BCC,ORB,67,(1 1 0),62.44,1.15,0.0102
Mo,[110],TWGB,BCC,ORB,3,(1 1 0),70.53,0.77,0.0143
Mo,[110],TWGB,BCC,ORB,81,(1 1 0),77.88,1.14,0.0115
Mo,[110],TWGB,BCC,ORB,43,(1 1 0),80.63,1.15,0.0152
Mo,[110],TWGB,BCC,ORB,17,(1 1 0),86.63,1.21,0.0175
Mo,[110],TWGB,BCC,SNAP,289,(1 1 0),6.74,0.94,0.0042
Mo,[110],TWGB,BCC,SNAP,243,(1 1 0),7.36,0.97,0.0046
Mo,[110],TWGB,BCC,SNAP,201,(1 1 0),8.09,1.01,0.0048
Mo,[110],TWGB,BCC,SNAP,291,(1 1 0),9.51,1.07,0.0054
Mo,[110],TWGB,BCC,SNAP,129,(1 1 0),10.1,1.09,0.0056
Mo,[110],TWGB,BCC,SNAP,227,(1 1 0),10.77,1.11,0.0058
Mo,[110],TWGB,BCC,SNAP,99,(1 1 0),11.54,1.13,0.0060
Mo,[110],TWGB,BCC,SNAP,73,(1 1 0),13.44,1.18,0.0066
Mo,[110],TWGB,BCC,SNAP,51,(1 1 0),16.1,1.22,0.0075
Mo,[110],TWGB,BCC,SNAP,83,(1 1 0),17.86,1.25,0.0081
Mo,[110],TWGB,BCC,SNAP,33,(1 1 0),20.05,1.28,0.0082
Mo,[110],TWGB,BCC,SNAP,19,(1 1 0),26.53,1.28,0.0095
Mo,[110],TWGB,BCC,SNAP,27,(1 1 0),31.59,1.31,0.0099
Mo,[110],TWGB,BCC,SNAP,89,(1 1 0),34.89,1.33,0.0097
Mo,[110],TWGB,BCC,SNAP,9,(1 1 0),38.94,1.31,0.0112
Mo,[110],TWGB,BCC,SNAP,57,(1 1 0),44,1.31,0.0098
Mo,[110],TWGB,BCC,SNAP,59,(1 1 0),45.98,1.29,0.0099
Mo,[110],TWGB,BCC,SNAP,11,(1 1 0),50.48,1.21,0.0106
Mo,[110],TWGB,BCC,SNAP,41,(1 1 0),55.88,1.25,0.0091
Mo,[110],TWGB,BCC,SNAP,97,(1 1 0),61.02,1.20,0.0081
Mo,[110],TWGB,BCC,SNAP,67,(1 1 0),62.44,1.18,0.0080
Mo,[110],TWGB,BCC,SNAP,3,(1 1 0),70.53,0.78,0.0065
Mo,[110],TWGB,BCC,SNAP,81,(1 1 0),77.88,1.20,0.0083
Mo,[110],TWGB,BCC,SNAP,43,(1 1 0),80.63,1.23,0.0092
Mo,[110],TWGB,BCC,SNAP,17,(1 1 0),86.63,1.29,0.0091
Mo,[110],TWGB,BCC,SevenNet,99,(1 1 0),11.54,0.08,0.0740
Mo,[110],TWGB,BCC,SevenNet,73,(1 1 0),13.44,0.24,0.0710
Mo,[110],TWGB,BCC,SevenNet,51,(1 1 0),16.1,0.20,0.0733
Mo,[110],TWGB,BCC,SevenNet,83,(1 1 0),17.86,0.25,0.0584
Mo,[110],TWGB,BCC,SevenNet,33,(1 1 0),20.05,0.38,0.0694
Mo,[110],TWGB,BCC,SevenNet,19,(1 1 0),26.53,0.47,0.0610
Mo,[110],TWGB,BCC,SevenNet,27,(1 1 0),31.59,0.32,0.0597
Mo,[110],TWGB,BCC,SevenNet,89,(1 1 0),34.89,0.24,0.0632
Mo,[110],TWGB,BCC,SevenNet,9,(1 1 0),38.94,0.59,0.0296
Mo,[110],TWGB,BCC,SevenNet,57,(1 1 0),44,0.28,0.0633
Mo,[110],TWGB,BCC,SevenNet,59,(1 1 0),45.98,0.28,0.0752
Mo,[110],TWGB,BCC,SevenNet,11,(1 1 0),50.48,0.51,0.0419
Mo,[110],TWGB,BCC,SevenNet,41,(1 1 0),55.88,0.30,0.0731
Mo,[110],TWGB,BCC,SevenNet,97,(1 1 0),61.02,0.15,0.0750
Mo,[110],TWGB,BCC,SevenNet,67,(1 1 0),62.44,0.22,0.0589
Mo,[110],TWGB,BCC,SevenNet,3,(1 1 0),70.53,0.34,0.0051
Mo,[110],TWGB,BCC,SevenNet,81,(1 1 0),77.88,0.09,0.0593
Mo,[110],TWGB,BCC,SevenNet,43,(1 1 0),80.63,0.18,0.0587
Mo,[110],TWGB,BCC,SevenNet,17,(1 1 0),86.63,0.38,0.0476
Mo,[110],TWGB,BCC,UMA,73,(1 1 0),13.44,0.52,0.0072
Mo,[110],TWGB,BCC,UMA,51,(1 1 0),16.1,0.55,0.0075
Mo,[110],TWGB,BCC,UMA,83,(1 1 0),17.86,0.58,0.0083
Mo,[110],TWGB,BCC,UMA,33,(1 1 0),20.05,0.60,0.0085
Mo,[110],TWGB,BCC,UMA,19,(1 1 0),26.53,0.61,0.0089
Mo,[110],TWGB,BCC,UMA,27,(1 1 0),31.59,0.64,0.0096
Mo,[110],TWGB,BCC,UMA,9,(1 1 0),38.94,0.65,0.0098
Mo,[110],TWGB,BCC,UMA,57,(1 1 0),44,0.64,0.0098
Mo,[110],TWGB,BCC,UMA,59,(1 1 0),45.98,0.63,0.0094
Mo,[110],TWGB,BCC,UMA,11,(1 1 0),50.48,0.51,0.0075
Mo,[110],TWGB,BCC,UMA,41,(1 1 0),55.88,0.58,0.0082
Mo,[110],TWGB,BCC,UMA,67,(1 1 0),62.44,0.52,0.0075
Mo,[110],TWGB,BCC,UMA,3,(1 1 0),70.53,0.16,0.0043
Mo,[110],TWGB,BCC,UMA,81,(1 1 0),77.88,0.51,0.0085
Mo,[110],TWGB,BCC,UMA,43,(1 1 0),80.63,0.53,0.0086
Mo,[110],TWGB,BCC,UMA,17,(1 1 0),86.63,0.60,0.0096
Mo,[110],TWGB,BCC,UNEP,289,(1 1 0),6.74,0.87,0.0027
Mo,[110],TWGB,BCC,UNEP,243,(1 1 0),7.36,0.90,0.0003
Mo,[110],TWGB,BCC,UNEP,201,(1 1 0),8.09,0.93,0.0048
Mo,[110],TWGB,BCC,UNEP,291,(1 1 0),9.51,0.99,0.0038
Mo,[110],TWGB,BCC,UNEP,227,(1 1 0),10.77,1.03,0.0005
Mo,[110],TWGB,BCC,UNEP,73,(1 1 0),13.44,1.10,0.0045
Mo,[110],TWGB,BCC,UNEP,83,(1 1 0),17.86,1.19,0.0000
Mo,[110],TWGB,BCC,UNEP,19,(1 1 0),26.53,1.27,0.0031
Mo,[110],TWGB,BCC,UNEP,27,(1 1 0),31.59,1.29,0.0030
Mo,[110],TWGB,BCC,UNEP,89,(1 1 0),34.89,1.30,0.0039
Mo,[110],TWGB,BCC,UNEP,9,(1 1 0),38.94,1.30,0.0021
Mo,[110],TWGB,BCC,UNEP,57,(1 1 0),44,1.29,0.0042
Mo,[110],TWGB,BCC,UNEP,59,(1 1 0),45.98,1.28,0.0040
Mo,[110],TWGB,BCC,UNEP,11,(1 1 0),50.48,1.20,0.0021
Mo,[110],TWGB,BCC,UNEP,41,(1 1 0),55.88,1.23,0.0015
Mo,[110],TWGB,BCC,UNEP,97,(1 1 0),61.02,1.17,0.0034
Mo,[110],TWGB,BCC,UNEP,67,(1 1 0),62.44,1.15,0.0027
Mo,[110],TWGB,BCC,UNEP,3,(1 1 0),70.53,0.83,0.0048
Mo,[110],TWGB,BCC,UNEP,81,(1 1 0),77.88,1.16,0.0046
Mo,[110],TWGB,BCC,UNEP,43,(1 1 0),80.63,1.18,0.0024
Mo,[110],TWGB,BCC,UNEP,17,(1 1 0),86.63,1.22,0.0008
Mo,[110],TWGB,BCC,eSEN,73,(1 1 0),13.44,0.99,0.0115
Mo,[110],TWGB,BCC,eSEN,51,(1 1 0),16.1,1.02,0.0119
Mo,[110],TWGB,BCC,eSEN,83,(1 1 0),17.86,1.04,0.0122
Mo,[110],TWGB,BCC,eSEN,33,(1 1 0),20.05,1.05,0.0123
Mo,[110],TWGB,BCC,eSEN,19,(1 1 0),26.53,1.05,0.0127
Mo,[110],TWGB,BCC,eSEN,27,(1 1 0),31.59,1.06,0.0131
Mo,[110],TWGB,BCC,eSEN,9,(1 1 0),38.94,1.06,0.0126
Mo,[110],TWGB,BCC,eSEN,57,(1 1 0),44,1.06,0.0126
Mo,[110],TWGB,BCC,eSEN,59,(1 1 0),45.98,1.05,0.0123
Mo,[110],TWGB,BCC,eSEN,11,(1 1 0),50.48,0.94,0.0114
Mo,[110],TWGB,BCC,eSEN,41,(1 1 0),55.88,1.01,0.0115
Mo,[110],TWGB,BCC,eSEN,67,(1 1 0),62.44,0.95,0.0103
Mo,[110],TWGB,BCC,eSEN,3,(1 1 0),70.53,0.66,0.0063
Mo,[110],TWGB,BCC,eSEN,81,(1 1 0),77.88,0.97,0.0114
Mo,[110],TWGB,BCC,eSEN,43,(1 1 0),80.63,0.97,0.0120
Mo,[110],TWGB,BCC,eSEN,17,(1 1 0),86.63,1.05,0.0127
Mo,[111],STGB,BCC,ADP,273,(1 -17 16),6.01,1.38,0.0258
Mo,[111],STGB,BCC,ADP,241,(31 -14 -17),6.4,1.75,0.0324
Mo,[111],STGB,BCC,ADP,211,(29 -13 -16),6.84,1.61,0.0285
Mo,[111],STGB,BCC,ADP,183,(1 -14 13),7.34,1.79,0.0300
Mo,[111],STGB,BCC,ADP,157,(25 -11 -14),7.93,2.31,0.0427
Mo,[111],STGB,BCC,ADP,133,(23 -10 -13),8.61,2.34,0.0433
Mo,[111],STGB,BCC,ADP,111,(1 -11 10),9.43,1.63,0.0253
Mo,[111],STGB,BCC,ADP,91,(19 -8 -11),10.42,1.79,0.0299
Mo,[111],STGB,BCC,ADP,73,(17 -7 -10),11.64,1.82,0.0280
Mo,[111],STGB,BCC,ADP,57,(1 -8 7),13.17,2.15,0.0289
Mo,[111],STGB,BCC,ADP,43,(13 -5 -8),15.18,1.92,0.0267
Mo,[111],STGB,BCC,ADP,31,(11 -4 -7),17.9,2.06,0.0279
Mo,[111],STGB,BCC,ADP,21,(1 -5 4),21.79,2.21,0.0263
Mo,[111],STGB,BCC,ADP,67,(16 -5 -11),24.43,2.41,0.0350
Mo,[111],STGB,BCC,ADP,13,(7 -2 -5),27.8,2.34,0.0315
Mo,[111],STGB,BCC,ADP,97,(19 -5 -14),30.59,2.56,0.0386
Mo,[111],STGB,BCC,ADP,39,(2 -7 5),32.2,2.23,0.0298
Mo,[111],STGB,BCC,ADP,79,(17 -4 -13),33.99,2.70,0.0392
Mo,[111],STGB,BCC,ADP,7,(5 -1 -4),38.21,2.13,0.0263
Mo,[111],STGB,BCC,ADP,93,(4 -11 7),42.1,2.32,0.0320
Mo,[111],STGB,BCC,ADP,49,(13 -2 -11),43.57,2.29,0.0327
Mo,[111],STGB,BCC,ADP,19,(8 -1 -7),46.83,2.12,0.0291
Mo,[111],STGB,BCC,ADP,37,(11 -1 -10),50.57,2.00,0.0284
Mo,[111],STGB,BCC,ADP,61,(14 -1 -13),52.66,1.97,0.0295
Mo,[111],STGB,BCC,ADP,3,(1 -2 1),60,0.61,0.0050
Mo,[111],STGB,BCC,EAM,273,(1 -17 16),6.01,1.54,-0.0018
Mo,[111],STGB,BCC,EAM,241,(31 -14 -17),6.4,1.56,0.0057
Mo,[111],STGB,BCC,EAM,211,(29 -13 -16),6.84,1.85,0.0154
Mo,[111],STGB,BCC,EAM,183,(1 -14 13),7.34,1.29,0.0030
Mo,[111],STGB,BCC,EAM,157,(25 -11 -14),7.93,1.81,0.0103
Mo,[111],STGB,BCC,EAM,133,(23 -10 -13),8.61,1.95,0.0145
Mo,[111],STGB,BCC,EAM,111,(1 -11 10),9.43,1.73,0.0005
Mo,[111],STGB,BCC,EAM,91,(19 -8 -11),10.42,1.58,-0.0014
Mo,[111],STGB,BCC,EAM,73,(17 -7 -10),11.64,1.67,0.0035
Mo,[111],STGB,BCC,EAM,57,(1 -8 7),13.17,1.83,0.0047
Mo,[111],STGB,BCC,EAM,43,(13 -5 -8),15.18,1.67,0.0028
Mo,[111],STGB,BCC,EAM,31,(11 -4 -7),17.9,1.77,0.0036
Mo,[111],STGB,BCC,EAM,21,(1 -5 4),21.79,1.87,0.0083
Mo,[111],STGB,BCC,EAM,67,(16 -5 -11),24.43,2.12,0.0104
Mo,[111],STGB,BCC,EAM,13,(7 -2 -5),27.8,2.06,0.0219
Mo,[111],STGB,BCC,EAM,97,(19 -5 -14),30.59,2.23,0.0157
Mo,[111],STGB,BCC,EAM,39,(2 -7 5),32.2,1.89,0.0161
Mo,[111],STGB,BCC,EAM,79,(17 -4 -13),33.99,2.30,0.0147
Mo,[111],STGB,BCC,EAM,7,(5 -1 -4),38.21,1.72,0.0059
Mo,[111],STGB,BCC,EAM,93,(4 -11 7),42.1,2.00,0.0122
Mo,[111],STGB,BCC,EAM,49,(13 -2 -11),43.57,1.98,0.0071
Mo,[111],STGB,BCC,EAM,19,(8 -1 -7),46.83,1.81,0.0056
Mo,[111],STGB,BCC,EAM,37,(11 -1 -10),50.57,1.68,0.0061
Mo,[111],STGB,BCC,EAM,61,(14 -1 -13),52.66,1.65,0.0015
Mo,[111],STGB,BCC,EAM,3,(1 -2 1),60,0.45,0.0007
Mo,[111],STGB,BCC,GRACE,273,(1 -17 16),6.01,0.97,0.0124
Mo,[111],STGB,BCC,GRACE,241,(31 -14 -17),6.4,1.31,0.0184
Mo,[111],STGB,BCC,GRACE,211,(29 -13 -16),6.84,1.37,0.0200
Mo,[111],STGB,BCC,GRACE,183,(1 -14 13),7.34,1.09,0.0139
Mo,[111],STGB,BCC,GRACE,133,(23 -10 -13),8.61,1.60,0.0232
Mo,[111],STGB,BCC,GRACE,91,(19 -8 -11),10.42,1.27,0.0141
Mo,[111],STGB,BCC,GRACE,73,(17 -7 -10),11.64,1.34,0.0157
Mo,[111],STGB,BCC,GRACE,57,(1 -8 7),13.17,1.46,0.0154
Mo,[111],STGB,BCC,GRACE,43,(13 -5 -8),15.18,1.51,0.0177
Mo,[111],STGB,BCC,GRACE,31,(11 -4 -7),17.9,1.66,0.0200
Mo,[111],STGB,BCC,GRACE,67,(16 -5 -11),24.43,1.92,0.0224
Mo,[111],STGB,BCC,GRACE,13,(7 -2 -5),27.8,1.99,0.0214
Mo,[111],STGB,BCC,GRACE,97,(19 -5 -14),30.59,2.02,0.0250
Mo,[111],STGB,BCC,GRACE,39,(2 -7 5),32.2,1.95,0.0260
Mo,[111],STGB,BCC,GRACE,79,(17 -4 -13),33.99,2.15,0.0256
Mo,[111],STGB,BCC,GRACE,7,(5 -1 -4),38.21,1.87,0.0249
Mo,[111],STGB,BCC,GRACE,93,(4 -11 7),42.1,1.90,0.0236
Mo,[111],STGB,BCC,GRACE,49,(13 -2 -11),43.57,1.93,0.0249
Mo,[111],STGB,BCC,GRACE,19,(8 -1 -7),46.83,1.82,0.0215
Mo,[111],STGB,BCC,GRACE,37,(11 -1 -10),50.57,1.69,0.0199
Mo,[111],STGB,BCC,GRACE,61,(14 -1 -13),52.66,1.58,0.0171
Mo,[111],STGB,BCC,GRACE,3,(1 -2 1),60,0.67,0.0068
Mo,[111],STGB,BCC,MACE,183,(1 -14 13),7.34,0.67,0.0012
Mo,[111],STGB,BCC,MACE,111,(1 -11 10),9.43,0.76,0.0020
Mo,[111],STGB,BCC,MACE,57,(1 -8 7),13.17,0.92,0.0039
Mo,[111],STGB,BCC,MACE,43,(13 -5 -8),15.18,0.97,0.0042
Mo,[111],STGB,BCC,MACE,31,(11 -4 -7),17.9,1.08,0.0047
Mo,[111],STGB,BCC,MACE,21,(1 -5 4),21.79,1.15,0.0072
Mo,[111],STGB,BCC,MACE,13,(7 -2 -5),27.8,1.26,0.0079
Mo,[111],STGB,BCC,MACE,39,(2 -7 5),32.2,1.26,0.0086
Mo,[111],STGB,BCC,MACE,7,(5 -1 -4),38.21,1.19,0.0083
Mo,[111],STGB,BCC,MACE,93,(4 -11 7),42.1,1.15,0.0073
Mo,[111],STGB,BCC,MACE,49,(13 -2 -11),43.57,1.24,0.0104
Mo,[111],STGB,BCC,MACE,19,(8 -1 -7),46.83,1.06,0.0083
Mo,[111],STGB,BCC,MACE,37,(11 -1 -10),50.57,0.94,0.0079
Mo,[111],STGB,BCC,MACE,3,(1 -2 1),60,0.25,0.0074
Mo,[111],STGB,BCC,MEAM,273,(1 -17 16),6.01,1.29,-0.1404
Mo,[111],STGB,BCC,MEAM,241,(31 -14 -17),6.4,1.55,-0.1486
Mo,[111],STGB,BCC,MEAM,211,(29 -13 -16),6.84,1.59,-0.1382
Mo,[111],STGB,BCC,MEAM,183,(1 -14 13),7.34,1.36,-0.1128
Mo,[111],STGB,BCC,MEAM,157,(25 -11 -14),7.93,1.77,-0.1817
Mo,[111],STGB,BCC,MEAM,133,(23 -10 -13),8.61,1.83,-0.1648
Mo,[111],STGB,BCC,MEAM,111,(1 -11 10),9.43,1.51,-0.1158
Mo,[111],STGB,BCC,MEAM,91,(19 -8 -11),10.42,1.70,-0.1877
Mo,[111],STGB,BCC,MEAM,73,(17 -7 -10),11.64,1.74,-0.1661
Mo,[111],STGB,BCC,MEAM,57,(1 -8 7),13.17,1.95,-0.0750
Mo,[111],STGB,BCC,MEAM,43,(13 -5 -8),15.18,1.84,-0.1234
Mo,[111],STGB,BCC,MEAM,31,(11 -4 -7),17.9,1.99,-0.0998
Mo,[111],STGB,BCC,MEAM,21,(1 -5 4),21.79,1.97,-0.0522
Mo,[111],STGB,BCC,MEAM,67,(16 -5 -11),24.43,2.32,-0.1525
Mo,[111],STGB,BCC,MEAM,13,(7 -2 -5),27.8,2.23,-0.0753
Mo,[111],STGB,BCC,MEAM,97,(19 -5 -14),30.59,2.48,-0.1851
Mo,[111],STGB,BCC,MEAM,39,(2 -7 5),32.2,2.18,-0.0556
Mo,[111],STGB,BCC,MEAM,79,(17 -4 -13),33.99,2.54,-0.1643
Mo,[111],STGB,BCC,MEAM,7,(5 -1 -4),38.21,2.01,-0.0659
Mo,[111],STGB,BCC,MEAM,93,(4 -11 7),42.1,2.06,-0.0994
Mo,[111],STGB,BCC,MEAM,49,(13 -2 -11),43.57,2.34,-0.1264
Mo,[111],STGB,BCC,MEAM,19,(8 -1 -7),46.83,1.87,-0.0986
Mo,[111],STGB,BCC,MEAM,37,(11 -1 -10),50.57,1.76,-0.1133
Mo,[111],STGB,BCC,MEAM,61,(14 -1 -13),52.66,1.83,-0.1493
Mo,[111],STGB,BCC,MEAM,3,(1 -2 1),60,0.44,-0.0281
Mo,[111],STGB,BCC,ORB,57,(1 -8 7),13.17,1.72,0.0277
Mo,[111],STGB,BCC,ORB,31,(11 -4 -7),17.9,1.89,0.0537
Mo,[111],STGB,BCC,ORB,21,(1 -5 4),21.79,2.02,0.0219
Mo,[111],STGB,BCC,ORB,39,(2 -7 5),32.2,2.16,0.0245
Mo,[111],STGB,BCC,ORB,7,(5 -1 -4),38.21,2.01,0.0132
Mo,[111],STGB,BCC,ORB,3,(1 -2 1),60,0.65,0.0089
Mo,[111],STGB,BCC,SNAP,273,(1 -17 16),6.01,1.87,0.0130
Mo,[111],STGB,BCC,SNAP,241,(31 -14 -17),6.4,1.65,0.0153
Mo,[111],STGB,BCC,SNAP,211,(29 -13 -16),6.84,1.70,0.0161
Mo,[111],STGB,BCC,SNAP,183,(1 -14 13),7.34,1.43,0.0099
Mo,[111],STGB,BCC,SNAP,157,(25 -11 -14),7.93,1.92,0.0186
Mo,[111],STGB,BCC,SNAP,133,(23 -10 -13),8.61,2.14,0.0239
Mo,[111],STGB,BCC,SNAP,111,(1 -11 10),9.43,1.59,0.0111
Mo,[111],STGB,BCC,SNAP,91,(19 -8 -11),10.42,1.96,0.0176
Mo,[111],STGB,BCC,SNAP,73,(17 -7 -10),11.64,2.32,0.0244
Mo,[111],STGB,BCC,SNAP,57,(1 -8 7),13.17,1.76,0.0117
Mo,[111],STGB,BCC,SNAP,43,(13 -5 -8),15.18,1.90,0.0147
Mo,[111],STGB,BCC,SNAP,31,(11 -4 -7),17.9,2.02,0.0167
Mo,[111],STGB,BCC,SNAP,21,(1 -5 4),21.79,2.03,0.0158
Mo,[111],STGB,BCC,SNAP,67,(16 -5 -11),24.43,2.46,0.0214
Mo,[111],STGB,BCC,SNAP,13,(7 -2 -5),27.8,2.46,0.0239
Mo,[111],STGB,BCC,SNAP,97,(19 -5 -14),30.59,2.40,0.0228
Mo,[111],STGB,BCC,SNAP,39,(2 -7 5),32.2,2.21,0.0216
Mo,[111],STGB,BCC,SNAP,79,(17 -4 -13),33.99,2.43,0.0218
Mo,[111],STGB,BCC,SNAP,7,(5 -1 -4),38.21,2.25,0.0249
Mo,[111],STGB,BCC,SNAP,93,(4 -11 7),42.1,2.28,0.0191
Mo,[111],STGB,BCC,SNAP,49,(13 -2 -11),43.57,2.38,0.0201
Mo,[111],STGB,BCC,SNAP,19,(8 -1 -7),46.83,2.21,0.0176
Mo,[111],STGB,BCC,SNAP,37,(11 -1 -10),50.57,2.07,0.0173
Mo,[111],STGB,BCC,SNAP,61,(14 -1 -13),52.66,2.01,0.0159
Mo,[111],STGB,BCC,SNAP,3,(1 -2 1),60,0.67,0.0062
Mo,[111],STGB,BCC,SevenNet,21,(1 -5 4),21.79,0.08,0.1349
Mo,[111],STGB,BCC,SevenNet,39,(2 -7 5),32.2,0.13,0.1547
Mo,[111],STGB,BCC,UMA,57,(1 -8 7),13.17,0.21,0.0049
Mo,[111],STGB,BCC,UMA,31,(11 -4 -7),17.9,0.03,0.0097
Mo,[111],STGB,BCC,UMA,21,(1 -5 4),21.79,0.84,0.0162
Mo,[111],STGB,BCC,UMA,13,(7 -2 -5),27.8,0.68,0.0142
Mo,[111],STGB,BCC,UMA,39,(2 -7 5),32.2,0.93,0.0183
Mo,[111],STGB,BCC,UMA,7,(5 -1 -4),38.21,0.72,0.0162
Mo,[111],STGB,BCC,UMA,93,(4 -11 7),42.1,0.16,0.0112
Mo,[111],STGB,BCC,UMA,19,(8 -1 -7),46.83,0.16,0.0099
Mo,[111],STGB,BCC,UNEP,273,(1 -17 16),6.01,1.18,0.0812
Mo,[111],STGB,BCC,UNEP,241,(31 -14 -17),6.4,1.35,0.0748
Mo,[111],STGB,BCC,UNEP,211,(29 -13 -16),6.84,1.47,0.0711
Mo,[111],STGB,BCC,UNEP,183,(1 -14 13),7.34,1.32,0.0661
Mo,[111],STGB,BCC,UNEP,157,(25 -11 -14),7.93,1.51,0.0618
Mo,[111],STGB,BCC,UNEP,133,(23 -10 -13),8.61,1.56,0.0672
Mo,[111],STGB,BCC,UNEP,111,(1 -11 10),9.43,1.38,0.0637
Mo,[111],STGB,BCC,UNEP,91,(19 -8 -11),10.42,1.52,0.0812
Mo,[111],STGB,BCC,UNEP,73,(17 -7 -10),11.64,1.55,0.0604
Mo,[111],STGB,BCC,UNEP,57,(1 -8 7),13.17,1.61,0.0592
Mo,[111],STGB,BCC,UNEP,43,(13 -5 -8),15.18,1.74,0.0591
Mo,[111],STGB,BCC,UNEP,31,(11 -4 -7),17.9,1.89,0.0696
Mo,[111],STGB,BCC,UNEP,21,(1 -5 4),21.79,1.96,0.0488
Mo,[111],STGB,BCC,UNEP,67,(16 -5 -11),24.43,2.09,0.0631
Mo,[111],STGB,BCC,UNEP,13,(7 -2 -5),27.8,2.07,0.0358
Mo,[111],STGB,BCC,UNEP,97,(19 -5 -14),30.59,2.29,0.0787
Mo,[111],STGB,BCC,UNEP,39,(2 -7 5),32.2,2.14,0.0716
Mo,[111],STGB,BCC,UNEP,79,(17 -4 -13),33.99,2.19,0.0581
Mo,[111],STGB,BCC,UNEP,7,(5 -1 -4),38.21,2.13,0.0488
Mo,[111],STGB,BCC,UNEP,93,(4 -11 7),42.1,2.11,0.0696
Mo,[111],STGB,BCC,UNEP,49,(13 -2 -11),43.57,2.17,0.0553
Mo,[111],STGB,BCC,UNEP,19,(8 -1 -7),46.83,2.06,0.0592
Mo,[111],STGB,BCC,UNEP,37,(11 -1 -10),50.57,1.93,0.0637
Mo,[111],STGB,BCC,UNEP,61,(14 -1 -13),52.66,1.87,0.0661
Mo,[111],STGB,BCC,UNEP,3,(1 -2 1),60,0.74,0.0000
Mo,[111],STGB,BCC,eSEN,183,(1 -14 13),7.34,0.98,0.0293
Mo,[111],STGB,BCC,eSEN,111,(1 -11 10),9.43,1.25,0.0358
Mo,[111],STGB,BCC,eSEN,57,(1 -8 7),13.17,1.53,0.0468
Mo,[111],STGB,BCC,eSEN,43,(13 -5 -8),15.18,1.46,0.0566
Mo,[111],STGB,BCC,eSEN,31,(11 -4 -7),17.9,1.36,0.0530
Mo,[111],STGB,BCC,eSEN,21,(1 -5 4),21.79,1.58,0.0427
Mo,[111],STGB,BCC,eSEN,13,(7 -2 -5),27.8,1.50,0.0555
Mo,[111],STGB,BCC,eSEN,39,(2 -7 5),32.2,1.53,0.0771
Mo,[111],STGB,BCC,eSEN,7,(5 -1 -4),38.21,1.52,0.0563
Mo,[111],STGB,BCC,eSEN,93,(4 -11 7),42.1,1.40,0.0564
Mo,[111],STGB,BCC,eSEN,19,(8 -1 -7),46.83,1.43,0.0467
Mo,[111],STGB,BCC,eSEN,37,(11 -1 -10),50.57,1.38,0.0384
Mo,[111],STGB,BCC,eSEN,3,(1 -2 1),60,0.52,0.0057
Mo,[111],TWGB,BCC,ADP,109,(1 1 1),6.01,2.30,0.0273
Mo,[111],TWGB,BCC,ADP,241,(1 1 1),6.4,1.63,0.0211
Mo,[111],TWGB,BCC,ADP,211,(1 1 1),6.84,1.66,0.0215
Mo,[111],TWGB,BCC,ADP,183,(1 1 1),7.34,1.75,0.0236
Mo,[111],TWGB,BCC,ADP,157,(1 1 1),7.93,1.81,0.0245
Mo,[111],TWGB,BCC,ADP,133,(1 1 1),8.61,1.86,0.0244
Mo,[111],TWGB,BCC,ADP,103,(1 1 1),9.43,2.18,0.0289
Mo,[111],TWGB,BCC,ADP,91,(1 1 1),10.42,2.00,0.0267
Mo,[111],TWGB,BCC,ADP,73,(1 1 1),11.64,2.08,0.0277
Mo,[111],TWGB,BCC,ADP,57,(1 1 1),13.17,2.01,0.0257
Mo,[111],TWGB,BCC,ADP,43,(1 1 1),15.18,2.18,0.0268
Mo,[111],TWGB,BCC,ADP,31,(1 1 1),17.9,2.24,0.0283
Mo,[111],TWGB,BCC,ADP,21,(1 1 1),21.79,2.52,0.0364
Mo,[111],TWGB,BCC,ADP,67,(1 1 1),24.43,2.42,0.0310
Mo,[111],TWGB,BCC,ADP,13,(1 1 1),27.8,2.53,0.0339
Mo,[111],TWGB,BCC,ADP,97,(1 1 1),30.59,2.36,0.0292
Mo,[111],TWGB,BCC,ADP,39,(1 1 1),32.2,2.65,0.0354
Mo,[111],TWGB,BCC,ADP,79,(1 1 1),33.99,2.36,0.0293
Mo,[111],TWGB,BCC,ADP,7,(1 1 1),38.21,2.24,0.0265
Mo,[111],TWGB,BCC,ADP,93,(1 1 1),42.1,2.38,0.0298
Mo,[111],TWGB,BCC,ADP,49,(1 1 1),43.57,2.45,0.0310
Mo,[111],TWGB,BCC,ADP,19,(1 1 1),46.83,2.29,0.0278
Mo,[111],TWGB,BCC,ADP,37,(1 1 1),50.57,2.34,0.0287
Mo,[111],TWGB,BCC,ADP,61,(1 1 1),52.66,2.35,0.0289
Mo,[111],TWGB,BCC,ADP,3,(1 1 1),60,1.89,0.0283
Mo,[111],TWGB,BCC,EAM,109,(1 1 1),6.01,2.19,0.0191
Mo,[111],TWGB,BCC,EAM,241,(1 1 1),6.4,1.48,0.0055
Mo,[111],TWGB,BCC,EAM,211,(1 1 1),6.84,1.48,0.0033
Mo,[111],TWGB,BCC,EAM,183,(1 1 1),7.34,1.64,0.0092
Mo,[111],TWGB,BCC,EAM,157,(1 1 1),7.93,1.67,0.0079
Mo,[111],TWGB,BCC,EAM,133,(1 1 1),8.61,1.69,0.0083
Mo,[111],TWGB,BCC,EAM,103,(1 1 1),9.43,1.93,0.0164
Mo,[111],TWGB,BCC,EAM,91,(1 1 1),10.42,1.67,0.0070
Mo,[111],TWGB,BCC,EAM,73,(1 1 1),11.64,1.76,0.0110
Mo,[111],TWGB,BCC,EAM,57,(1 1 1),13.17,2.15,0.0204
Mo,[111],TWGB,BCC,EAM,43,(1 1 1),15.18,1.86,0.0131
Mo,[111],TWGB,BCC,EAM,31,(1 1 1),17.9,2.02,0.0183
Mo,[111],TWGB,BCC,EAM,21,(1 1 1),21.79,2.32,0.0345
Mo,[111],TWGB,BCC,EAM,67,(1 1 1),24.43,2.15,0.0191
Mo,[111],TWGB,BCC,EAM,13,(1 1 1),27.8,2.30,0.0205
Mo,[111],TWGB,BCC,EAM,97,(1 1 1),30.59,2.12,0.0206
Mo,[111],TWGB,BCC,EAM,39,(1 1 1),32.2,2.10,0.0231
Mo,[111],TWGB,BCC,EAM,79,(1 1 1),33.99,2.05,0.0190
Mo,[111],TWGB,BCC,EAM,7,(1 1 1),38.21,1.95,0.0135
Mo,[111],TWGB,BCC,EAM,93,(1 1 1),42.1,2.09,0.0195
Mo,[111],TWGB,BCC,EAM,49,(1 1 1),43.57,2.16,0.0178
Mo,[111],TWGB,BCC,EAM,19,(1 1 1),46.83,2.15,0.0196
Mo,[111],TWGB,BCC,EAM,37,(1 1 1),50.57,2.14,0.0186
Mo,[111],TWGB,BCC,EAM,61,(1 1 1),52.66,2.18,0.0191
Mo,[111],TWGB,BCC,EAM,3,(1 1 1),60,1.98,0.0293
Mo,[111],TWGB,BCC,GRACE,13,(1 1 1),27.8,2.09,0.0226
Mo,[111],TWGB,BCC,GRACE,39,(1 1 1),32.2,2.22,0.0253
Mo,[111],TWGB,BCC,GRACE,19,(1 1 1),46.83,2.23,0.0268
Mo,[111],TWGB,BCC,GRACE,37,(1 1 1),50.57,2.27,0.0274
Mo,[111],TWGB,BCC,GRACE,3,(1 1 1),60,1.91,0.0272
Mo,[111],TWGB,BCC,MACE,57,(1 1 1),13.17,0.87,0.0108
Mo,[111],TWGB,BCC,MACE,31,(1 1 1),17.9,1.06,0.0145
Mo,[111],TWGB,BCC,MACE,21,(1 1 1),21.79,1.17,0.0171
Mo,[111],TWGB,BCC,MACE,13,(1 1 1),27.8,1.41,0.0144
Mo,[111],TWGB,BCC,MACE,39,(1 1 1),32.2,1.54,0.0143
Mo,[111],TWGB,BCC,MACE,7,(1 1 1),38.21,1.70,0.0212
Mo,[111],TWGB,BCC,MACE,93,(1 1 1),42.1,1.55,0.0119
Mo,[111],TWGB,BCC,MACE,19,(1 1 1),46.83,1.63,0.0028
Mo,[111],TWGB,BCC,MACE,37,(1 1 1),50.57,1.54,0.0098
Mo,[111],TWGB,BCC,MEAM,109,(1 1 1),6.01,2.38,-0.0128
Mo,[111],TWGB,BCC,MEAM,241,(1 1 1),6.4,1.49,-0.0087
Mo,[111],TWGB,BCC,MEAM,211,(1 1 1),6.84,1.53,-0.0115
Mo,[111],TWGB,BCC,MEAM,183,(1 1 1),7.34,1.61,-0.0263
Mo,[111],TWGB,BCC,MEAM,157,(1 1 1),7.93,1.64,-0.0143
Mo,[111],TWGB,BCC,MEAM,133,(1 1 1),8.61,1.71,-0.0167
Mo,[111],TWGB,BCC,MEAM,103,(1 1 1),9.43,2.00,-0.0185
Mo,[111],TWGB,BCC,MEAM,91,(1 1 1),10.42,1.87,-0.0172
Mo,[111],TWGB,BCC,MEAM,73,(1 1 1),11.64,1.89,-0.0220
Mo,[111],TWGB,BCC,MEAM,57,(1 1 1),13.17,2.16,-0.0198
Mo,[111],TWGB,BCC,MEAM,43,(1 1 1),15.18,1.98,-0.0177
Mo,[111],TWGB,BCC,MEAM,31,(1 1 1),17.9,2.09,-0.0152
Mo,[111],TWGB,BCC,MEAM,21,(1 1 1),21.79,1.93,-0.0267
Mo,[111],TWGB,BCC,MEAM,67,(1 1 1),24.43,2.19,-0.0191
Mo,[111],TWGB,BCC,MEAM,13,(1 1 1),27.8,2.39,-0.0150
Mo,[111],TWGB,BCC,MEAM,97,(1 1 1),30.59,2.33,-0.0131
Mo,[111],TWGB,BCC,MEAM,39,(1 1 1),32.2,2.10,-0.0251
Mo,[111],TWGB,BCC,MEAM,79,(1 1 1),33.99,2.31,-0.0176
Mo,[111],TWGB,BCC,MEAM,7,(1 1 1),38.21,2.13,-0.0257
Mo,[111],TWGB,BCC,MEAM,93,(1 1 1),42.1,2.17,-0.0195
Mo,[111],TWGB,BCC,MEAM,49,(1 1 1),43.57,2.39,-0.0127
Mo,[111],TWGB,BCC,MEAM,19,(1 1 1),46.83,2.23,-0.0150
Mo,[111],TWGB,BCC,MEAM,37,(1 1 1),50.57,2.26,-0.0145
Mo,[111],TWGB,BCC,MEAM,61,(1 1 1),52.66,2.27,-0.0176
Mo,[111],TWGB,BCC,MEAM,3,(1 1 1),60,1.82,-0.0286
Mo,[111],TWGB,BCC,ORB,57,(1 1 1),13.17,1.76,0.0137
Mo,[111],TWGB,BCC,ORB,21,(1 1 1),21.79,2.04,0.0232
Mo,[111],TWGB,BCC,ORB,13,(1 1 1),27.8,2.26,0.0236
Mo,[111],TWGB,BCC,ORB,39,(1 1 1),32.2,2.39,0.0294
Mo,[111],TWGB,BCC,ORB,7,(1 1 1),38.21,2.58,0.0339
Mo,[111],TWGB,BCC,ORB,93,(1 1 1),42.1,2.50,0.0323
Mo,[111],TWGB,BCC,ORB,19,(1 1 1),46.83,2.42,0.0296
Mo,[111],TWGB,BCC,ORB,37,(1 1 1),50.57,2.43,0.0288
Mo,[111],TWGB,BCC,SNAP,109,(1 1 1),6.01,2.34,0.0227
Mo,[111],TWGB,BCC,SNAP,241,(1 1 1),6.4,1.59,0.0123
Mo,[111],TWGB,BCC,SNAP,211,(1 1 1),6.84,1.64,0.0126
Mo,[111],TWGB,BCC,SNAP,183,(1 1 1),7.34,1.70,0.0127
Mo,[111],TWGB,BCC,SNAP,157,(1 1 1),7.93,1.77,0.0142
Mo,[111],TWGB,BCC,SNAP,133,(1 1 1),8.61,1.82,0.0169
Mo,[111],TWGB,BCC,SNAP,103,(1 1 1),9.43,2.31,0.0223
Mo,[111],TWGB,BCC,SNAP,91,(1 1 1),10.42,2.01,0.0188
Mo,[111],TWGB,BCC,SNAP,73,(1 1 1),11.64,1.99,0.0177
Mo,[111],TWGB,BCC,SNAP,57,(1 1 1),13.17,2.18,0.0210
Mo,[111],TWGB,BCC,SNAP,43,(1 1 1),15.18,2.26,0.0212
Mo,[111],TWGB,BCC,SNAP,31,(1 1 1),17.9,2.32,0.0243
Mo,[111],TWGB,BCC,SNAP,21,(1 1 1),21.79,2.21,0.0196
Mo,[111],TWGB,BCC,SNAP,67,(1 1 1),24.43,2.49,0.0261
Mo,[111],TWGB,BCC,SNAP,13,(1 1 1),27.8,2.49,0.0254
Mo,[111],TWGB,BCC,SNAP,97,(1 1 1),30.59,2.39,0.0232
Mo,[111],TWGB,BCC,SNAP,39,(1 1 1),32.2,2.58,0.0272
Mo,[111],TWGB,BCC,SNAP,79,(1 1 1),33.99,2.48,0.0245
Mo,[111],TWGB,BCC,SNAP,7,(1 1 1),38.21,2.30,0.0242
Mo,[111],TWGB,BCC,SNAP,93,(1 1 1),42.1,2.42,0.0244
Mo,[111],TWGB,BCC,SNAP,49,(1 1 1),43.57,2.39,0.0242
Mo,[111],TWGB,BCC,SNAP,19,(1 1 1),46.83,2.27,0.0221
Mo,[111],TWGB,BCC,SNAP,37,(1 1 1),50.57,2.25,0.0220
Mo,[111],TWGB,BCC,SNAP,61,(1 1 1),52.66,2.24,0.0212
Mo,[111],TWGB,BCC,SNAP,3,(1 1 1),60,1.80,0.0173
Mo,[111],TWGB,BCC,UMA,57,(1 1 1),13.17,1.01,0.0092
Mo,[111],TWGB,BCC,UMA,31,(1 1 1),17.9,1.38,0.0128
Mo,[111],TWGB,BCC,UMA,21,(1 1 1),21.79,1.34,0.0134
Mo,[111],TWGB,BCC,UMA,13,(1 1 1),27.8,1.57,0.0174
Mo,[111],TWGB,BCC,UMA,39,(1 1 1),32.2,1.62,0.0200
Mo,[111],TWGB,BCC,UMA,7,(1 1 1),38.21,1.86,0.0264
Mo,[111],TWGB,BCC,UMA,19,(1 1 1),46.83,1.74,0.0232
Mo,[111],TWGB,BCC,UMA,3,(1 1 1),60,1.20,0.0237
Mo,[111],TWGB,BCC,UNEP,57,(1 1 1),13.17,2.02,0.0058
Mo,[111],TWGB,BCC,UNEP,43,(1 1 1),15.18,2.05,0.0086
Mo,[111],TWGB,BCC,UNEP,31,(1 1 1),17.9,2.05,0.0088
Mo,[111],TWGB,BCC,UNEP,21,(1 1 1),21.79,2.00,0.0044
Mo,[111],TWGB,BCC,UNEP,13,(1 1 1),27.8,2.33,0.0116
Mo,[111],TWGB,BCC,UNEP,39,(1 1 1),32.2,2.42,0.0123
Mo,[111],TWGB,BCC,UNEP,7,(1 1 1),38.21,2.44,0.0149
Mo,[111],TWGB,BCC,UNEP,93,(1 1 1),42.1,2.44,0.0150
Mo,[111],TWGB,BCC,UNEP,49,(1 1 1),43.57,2.46,0.0163
Mo,[111],TWGB,BCC,UNEP,19,(1 1 1),46.83,2.41,0.0153
Mo,[111],TWGB,BCC,UNEP,37,(1 1 1),50.57,2.42,0.0159
Mo,[111],TWGB,BCC,UNEP,3,(1 1 1),60,1.96,0.0088
Mo,[111],TWGB,BCC,eSEN,57,(1 1 1),13.17,1.58,0.0412
Mo,[111],TWGB,BCC,eSEN,31,(1 1 1),17.9,1.72,0.0529
Mo,[111],TWGB,BCC,eSEN,21,(1 1 1),21.79,1.60,0.0443
Mo,[111],TWGB,BCC,eSEN,13,(1 1 1),27.8,1.80,0.0603
Mo,[111],TWGB,BCC,eSEN,39,(1 1 1),32.2,1.93,0.0606
Mo,[111],TWGB,BCC,eSEN,7,(1 1 1),38.21,1.93,0.0689
Mo,[111],TWGB,BCC,eSEN,19,(1 1 1),46.83,2.05,0.0522
Mo,[111],TWGB,BCC,eSEN,3,(1 1 1),60,2.02,0.0281
